# dimensionless total [l(l+1)/2pi] C_l's
# for l=2 to 3000, i.e. number of multipoles equal to 2999
#
# -> if you prefer output in CAMB/HealPix/LensPix units/order, set 'format' to 'camb' in input file
# -> if you don't want to see such a header, set 'headers' to 'no' in input file
# -> for CMB lensing (phi), these are C_l^phi-phi for the lensing potential.
#    Remember the conversion factors:
#    C_l^dd (deflection) = l(l+1) C_l^phi-phi
#    C_l^gg (shear/convergence) = 1/4 (l(l+1))^2 C_l^phi-phi
#
# 1:l     2:TT                     3:EE                     4:TE                     5:BB                     6:phiphi                 7:TPhi                   8:Ephi               
    2       1.382219864653e-10       4.179330440533e-15       3.519337765323e-13       0.000000000000e+00       8.283416470029e-09       4.560245184589e-10      -1.842275833475e-12 
    3       1.306765308055e-10       5.354300525206e-15       3.955050188253e-13       0.000000000000e+00       5.087325530530e-09       3.225310505345e-10      -1.394820807684e-12 
    4       1.235936362196e-10       4.628614635412e-15       3.697860396923e-13       0.000000000000e+00       3.523090007968e-09       2.438102090871e-10      -9.126931279081e-13 
    5       1.182956200896e-10       3.086068420503e-15       3.148722835646e-13       0.000000000000e+00       2.621387316207e-09       1.923661774570e-10      -5.069501735018e-13 
    6       1.146628733166e-10       1.724529540827e-15       2.535646449193e-13       0.000000000000e+00       2.042333980301e-09       1.563710975758e-10      -2.081121578494e-13 
    7       1.122954629354e-10       9.315407332064e-16       1.990692592719e-13       0.000000000000e+00       1.644026854125e-09       1.299749621831e-10      -1.765012974543e-14 
    8       1.109127744356e-10       6.011013326527e-16       1.571596420932e-13       0.000000000000e+00       1.356240239258e-09       1.099744345425e-10       7.941245888155e-14 
    9       1.102665541345e-10       4.824289936213e-16       1.291092151674e-13       0.000000000000e+00       1.140322615868e-09       9.447132641153e-11       1.064372105633e-13 
   10       1.101261239100e-10       4.107513094466e-16       1.135895407738e-13       0.000000000000e+00       9.734546501325e-10       8.219817769986e-11       8.927905016062e-14 
   11       1.104323905456e-10       3.446475664235e-16       1.079387060605e-13       0.000000000000e+00       8.336128529925e-10       7.301363846092e-11       5.203131742310e-14 
   12       1.110339242162e-10       2.997608865388e-16       1.090993635469e-13       0.000000000000e+00       7.285559085738e-10       6.456115062813e-11       1.227602850947e-14 
   13       1.118802593930e-10       2.870892465847e-16       1.143868100386e-13       0.000000000000e+00       6.422893735843e-10       5.769574084981e-11      -1.798981863716e-14 
   14       1.129234836518e-10       2.986648660808e-16       1.217805871071e-13       0.000000000000e+00       5.704998672745e-10       5.171606868442e-11      -3.451225775328e-14 
   15       1.141507893667e-10       3.227445398940e-16       1.299918292831e-13       0.000000000000e+00       5.100629699022e-10       4.668612189534e-11      -3.750069181548e-14 
   16       1.154873840990e-10       3.568046999911e-16       1.383572336660e-13       0.000000000000e+00       4.586668508561e-10       4.235080727829e-11      -3.091275522784e-14 
   17       1.169600804040e-10       4.063744831107e-16       1.466587752329e-13       0.000000000000e+00       4.145686430202e-10       3.856725128503e-11      -1.994052004218e-14 
   18       1.185059888054e-10       4.768841284800e-16       1.551539552469e-13       0.000000000000e+00       3.762909304935e-10       3.526706023137e-11      -9.473497969094e-15 
   19       1.201364571648e-10       5.686596587221e-16       1.640648150357e-13       0.000000000000e+00       3.432160080230e-10       3.240306235514e-11      -2.117022252446e-15 
   20       1.218440994095e-10       6.796994746704e-16       1.735317991453e-13       0.000000000000e+00       3.140838201449e-10       2.986094126069e-11       4.181315133094e-16 
   21       1.236301681781e-10       8.093677268568e-16       1.835068433944e-13       0.000000000000e+00       2.884364431697e-10       2.759460002306e-11      -1.297292073978e-15 
   22       1.254686137147e-10       9.571776611018e-16       1.938028506411e-13       0.000000000000e+00       2.656565716101e-10       2.554693282668e-11      -5.509906069518e-15 
   23       1.273657777617e-10       1.123298359895e-15       2.040972890877e-13       0.000000000000e+00       2.454394849493e-10       2.370949635123e-11      -1.047327920536e-14 
   24       1.293158810002e-10       1.307945471289e-15       2.139777054608e-13       0.000000000000e+00       2.273238533021e-10       2.206576386285e-11      -1.433128955277e-14 
   25       1.313137246334e-10       1.511337482071e-15       2.231353387293e-13       0.000000000000e+00       2.110641042016e-10       2.059348303270e-11      -1.626979860108e-14 
   26       1.333416673740e-10       1.733848926664e-15       2.313052371624e-13       0.000000000000e+00       1.963421733684e-10       1.925574550098e-11      -1.595595673096e-14 
   27       1.354093001394e-10       1.977110506773e-15       2.384161581185e-13       0.000000000000e+00       1.830818252479e-10       1.804328682125e-11      -1.390106797431e-14 
   28       1.375192939365e-10       2.243376442388e-15       2.444806922657e-13       0.000000000000e+00       1.711224577440e-10       1.694072531329e-11      -1.111015020360e-14 
   29       1.396607192387e-10       2.534924953463e-15       2.495423420033e-13       0.000000000000e+00       1.601737865373e-10       1.592170290994e-11      -8.704477329574e-15 
   30       1.418401638033e-10       2.852848007257e-15       2.536489925065e-13       0.000000000000e+00       1.501754983198e-10       1.498516100074e-11      -7.073248422494e-15 
   31       1.440593288645e-10       3.197772520820e-15       2.568734772656e-13       0.000000000000e+00       1.410534076798e-10       1.413114636229e-11      -6.396861755722e-15 
   32       1.463101519950e-10       3.570271840205e-15       2.592826846330e-13       0.000000000000e+00       1.326632332090e-10       1.335265785019e-11      -6.762966477734e-15 
   33       1.485920974467e-10       3.971284174253e-15       2.607970663482e-13       0.000000000000e+00       1.249593107776e-10       1.264313525500e-11      -7.819264840710e-15 
   34       1.508987939291e-10       4.401838132522e-15       2.612779830882e-13       0.000000000000e+00       1.178734543982e-10       1.199028094923e-11      -8.978107678713e-15 
   35       1.532189505206e-10       4.862924833395e-15       2.605776600085e-13       0.000000000000e+00       1.113002459849e-10       1.137829943128e-11      -9.648690709700e-15 
   36       1.555595405708e-10       5.355440465652e-15       2.585925252740e-13       0.000000000000e+00       1.052226527331e-10       1.080510676929e-11      -9.767767313484e-15 
   37       1.579291719077e-10       5.880218018751e-15       2.552265659744e-13       0.000000000000e+00       9.962165364493e-11       1.027026964943e-11      -9.449079523670e-15 
   38       1.603311149889e-10       6.438037382719e-15       2.503765118839e-13       0.000000000000e+00       9.443826078293e-11       9.770044791656e-12      -8.846568994823e-15 
   39       1.627643816306e-10       7.029620382694e-15       2.439568660662e-13       0.000000000000e+00       8.959480032066e-11       9.299161745394e-12      -8.133750379226e-15 
   40       1.652289873808e-10       7.655623590355e-15       2.359865772911e-13       0.000000000000e+00       8.507645411491e-11       8.857669229324e-12      -7.426162148043e-15 
   41       1.677213934550e-10       8.316636353788e-15       2.265310181357e-13       0.000000000000e+00       8.087134931960e-11       8.445895609441e-12      -6.837434028367e-15 
   42       1.702324188028e-10       9.013177514766e-15       2.156803579845e-13       0.000000000000e+00       7.694622735032e-11       8.062399022812e-12      -6.501745910110e-15 
   43       1.727517018808e-10       9.745740825014e-15       2.035159748736e-13       0.000000000000e+00       7.325874730873e-11       7.704672241113e-12      -6.532374113125e-15 
   44       1.752839879972e-10       1.051495785295e-14       1.899938173724e-13       0.000000000000e+00       6.980323798561e-11       7.371890611931e-12      -6.879121882113e-15 
   45       1.778370384453e-10       1.132147894469e-14       1.750270641696e-13       0.000000000000e+00       6.657618221875e-11       7.062757159709e-12      -7.428400698570e-15 
   46       1.804168858253e-10       1.216592717160e-14       1.585171920161e-13       0.000000000000e+00       6.356247991330e-11       6.774616871363e-12      -8.040497249372e-15 
   47       1.830276267181e-10       1.304889735768e-14       1.403531782409e-13       0.000000000000e+00       6.073454494179e-11       6.503354890082e-12      -8.548043300949e-15 
   48       1.856714097434e-10       1.397088861741e-14       1.204333230166e-13       0.000000000000e+00       5.806079839150e-11       6.244585203300e-12      -8.801760675201e-15 
   49       1.883488795138e-10       1.493208175114e-14       9.873985104142e-14       0.000000000000e+00       5.553608662185e-11       5.997850483756e-12      -8.826514796182e-15 
   50       1.910585016163e-10       1.593249742918e-14       7.528396899069e-14       0.000000000000e+00       5.315828605788e-11       5.763431217721e-12      -8.706621799435e-15 
   51       1.937961856547e-10       1.697205294535e-14       5.008542962729e-14       0.000000000000e+00       5.091924220731e-11       5.541123495255e-12      -8.543274291465e-15 
   52       1.965550878924e-10       1.805055785202e-14       2.317288838646e-14       0.000000000000e+00       4.880434596606e-11       5.330203045551e-12      -8.455423218886e-15 
   53       1.993282747269e-10       1.916781884286e-14      -5.429404819484e-15       0.000000000000e+00       4.679712143032e-11       5.129737306451e-12      -8.549423675095e-15 
   54       2.021179714762e-10       2.032399611116e-14      -3.574636857282e-14       0.000000000000e+00       4.489534962919e-11       4.939698629276e-12      -8.816778827262e-15 
   55       2.049283478861e-10       2.151933101910e-14      -6.781821598100e-14       0.000000000000e+00       4.309835245580e-11       4.760074645396e-12      -9.211638542517e-15 
   56       2.077627898060e-10       2.275404508191e-14      -1.016880089155e-13       0.000000000000e+00       4.140213531311e-11       4.590524397112e-12      -9.679315677173e-15 
   57       2.106238217823e-10       2.402834018359e-14      -1.374018743739e-13       0.000000000000e+00       3.979917354551e-11       4.430356965615e-12      -1.015585825772e-14 
   58       2.135130296521e-10       2.534239879262e-14      -1.750092208418e-13       0.000000000000e+00       3.827819887042e-11       4.278510098956e-12      -1.056762166183e-14 
   59       2.164313771594e-10       2.669626674475e-14      -2.145486634051e-13       0.000000000000e+00       3.682730108633e-11       4.133837765515e-12      -1.084875777070e-14 
   60       2.193804174683e-10       2.808946931392e-14      -2.560014907689e-13       0.000000000000e+00       3.544455939155e-11       3.996099334892e-12      -1.099939690379e-14 
   61       2.223612266944e-10       2.952130620432e-14      -2.993277550788e-13       0.000000000000e+00       3.412950691022e-11       3.865162750491e-12      -1.104024536497e-14 
   62       2.253739718784e-10       3.099095745578e-14      -3.444793504087e-13       0.000000000000e+00       3.287993337514e-11       3.740705124533e-12      -1.099603234929e-14 
   63       2.284178469362e-10       3.249747967866e-14      -3.913997446727e-13       0.000000000000e+00       3.169178394170e-11       3.622201838067e-12      -1.089568947896e-14 
   64       2.314910086096e-10       3.403980228879e-14      -4.400237115390e-13       0.000000000000e+00       3.055905800172e-11       3.508915640991e-12      -1.077253033929e-14 
   65       2.345914911491e-10       3.561684748061e-14      -4.902914769924e-13       0.000000000000e+00       2.947546490763e-11       3.400099443005e-12      -1.065693106345e-14 
   66       2.377203193835e-10       3.722792813529e-14      -5.421952434206e-13       0.000000000000e+00       2.844002598758e-11       3.295679087316e-12      -1.055216711902e-14 
   67       2.408789423979e-10       3.887242770127e-14      -5.957420684069e-13       0.000000000000e+00       2.745248156617e-11       3.195696119114e-12      -1.045376498782e-14 
   68       2.440682769893e-10       4.054968359376e-14      -6.509404520942e-13       0.000000000000e+00       2.651158767269e-11       3.100102023358e-12      -1.035651990632e-14 
   69       2.472886709935e-10       4.225898689093e-14      -7.078004723055e-13       0.000000000000e+00       2.561506399938e-11       3.008753302165e-12      -1.025446564079e-14 
   70       2.505398666130e-10       4.399958203002e-14      -7.663339196633e-13       0.000000000000e+00       2.475954185958e-11       2.921406552191e-12      -1.014084426230e-14 
   71       2.538209637445e-10       4.577066650348e-14      -8.265544327098e-13       0.000000000000e+00       2.394051214599e-11       2.837713542016e-12      -1.000807592189e-14 
   72       2.571310030081e-10       4.757135175704e-14      -8.884684363806e-13       0.000000000000e+00       2.315348518364e-11       2.757315495723e-12      -9.850061898790e-15 
   73       2.604709258945e-10       4.940053786968e-14      -9.520456434865e-13       0.000000000000e+00       2.239784368229e-11       2.680157834668e-12      -9.669672700215e-15 
   74       2.638419263466e-10       5.125701415736e-14      -1.017243108813e-12       0.000000000000e+00       2.167363875376e-11       2.606227235726e-12      -9.472649372902e-15 
   75       2.672448422542e-10       5.313949467029e-14      -1.084013850491e-12       0.000000000000e+00       2.098041958831e-11       2.535455165673e-12      -9.265420238837e-15 
   76       2.706801329292e-10       5.504661700328e-14      -1.152306775145e-12       0.000000000000e+00       2.031720908162e-11       2.467715223547e-12      -9.055123941421e-15 
   77       2.741478565824e-10       5.697694110611e-14      -1.222066603049e-12       0.000000000000e+00       1.968247946191e-11       2.402820483023e-12      -8.849632491632e-15 
   78       2.776476477983e-10       5.892894809380e-14      -1.293233793274e-12       0.000000000000e+00       1.907412791692e-11       2.340520834772e-12      -8.657574314190e-15 
   79       2.811786950122e-10       6.090103905701e-14      -1.365744468837e-12       0.000000000000e+00       1.848945222100e-11       2.280500328833e-12      -8.488357293723e-15 
   80       2.847401845754e-10       6.289158778904e-14      -1.439535930200e-12       0.000000000000e+00       1.792582191666e-11       2.222455454184e-12      -8.349949347584e-15 
   81       2.883327713206e-10       6.489911212953e-14      -1.514564463120e-12       0.000000000000e+00       1.738287971598e-11       2.166351480186e-12      -8.241725557306e-15 
   82       2.919573234617e-10       6.692213034491e-14      -1.590790501259e-12       0.000000000000e+00       1.686067970459e-11       2.112205989814e-12      -8.160415081853e-15 
   83       2.956144650171e-10       6.895910966643e-14      -1.668173340719e-12       0.000000000000e+00       1.635901442847e-11       2.060010755575e-12      -8.102215102555e-15 
   84       2.993045619268e-10       7.100846609899e-14      -1.746671168681e-12       0.000000000000e+00       1.587740340166e-11       2.009730580707e-12      -8.062772341980e-15 
   85       3.030277081683e-10       7.306856422987e-14      -1.826241092046e-12       0.000000000000e+00       1.541508161398e-11       1.961302140387e-12      -8.037164582822e-15 
   86       3.067837118735e-10       7.513771703762e-14      -1.906839166071e-12       0.000000000000e+00       1.497098803864e-11       1.914632822933e-12      -8.019882186777e-15 
   87       3.105720814448e-10       7.721418570075e-14      -1.988420423008e-12       0.000000000000e+00       1.454375414000e-11       1.869599571007e-12      -8.004809613425e-15 
   88       3.143920116719e-10       7.929617940663e-14      -2.070938900745e-12       0.000000000000e+00       1.413169238121e-11       1.826047722820e-12      -7.985206939111e-15 
   89       3.182426943193e-10       8.138187983692e-14      -2.154346164712e-12       0.000000000000e+00       1.373319812729e-11       1.783829242090e-12      -7.955156476308e-15 
   90       3.221243359884e-10       8.346951944284e-14      -2.238586545468e-12       0.000000000000e+00       1.334805265728e-11       1.742926806641e-12      -7.914202982791e-15 
   91       3.260372750887e-10       8.555731515361e-14      -2.323601203334e-12       0.000000000000e+00       1.297630432963e-11       1.703347140845e-12      -7.863410686646e-15 
   92       3.299816626837e-10       8.764344496880e-14      -2.409329574602e-12       0.000000000000e+00       1.261786815761e-11       1.665082798945e-12      -7.803966403495e-15 
   93       3.339574534687e-10       8.972604813683e-14      -2.495709377599e-12       0.000000000000e+00       1.227252051021e-11       1.628111596349e-12      -7.737183004455e-15 
   94       3.379643967478e-10       9.180322533343e-14      -2.582676618753e-12       0.000000000000e+00       1.193989381298e-11       1.592396040928e-12      -7.664502884082e-15 
   95       3.420020274119e-10       9.387303884017e-14      -2.670165598661e-12       0.000000000000e+00       1.161947124891e-11       1.557882764314e-12      -7.587501428328e-15 
   96       3.460696569157e-10       9.593351272289e-14      -2.758108918152e-12       0.000000000000e+00       1.131058145933e-11       1.524501953200e-12      -7.507890482490e-15 
   97       3.501663642554e-10       9.798263301024e-14      -2.846437484354e-12       0.000000000000e+00       1.101239324475e-11       1.492166780631e-12      -7.427521819161e-15 
   98       3.542909869461e-10       1.000183478721e-13      -2.935080516763e-12       0.000000000000e+00       1.072391026577e-11       1.460772837309e-12      -7.348390606185e-15 
   99       3.584424106707e-10       1.020386144912e-13      -3.023966945010e-12       0.000000000000e+00       1.044419940144e-11       1.430223009263e-12      -7.272235405085e-15 
  100       3.626205045424e-10       1.040415468667e-13      -3.113029814978e-12       0.000000000000e+00       1.017312418552e-11       1.400507360825e-12      -7.199266023264e-15 
  101       3.668253021691e-10       1.060252893747e-13      -3.202202520947e-12       0.000000000000e+00       9.910705894273e-12       1.371633562553e-12      -7.129261077177e-15 
  102       3.710567094664e-10       1.079879726779e-13      -3.291417492211e-12       0.000000000000e+00       9.656896721112e-12       1.343602197300e-12      -7.061953981993e-15 
  103       3.753144992549e-10       1.099277144700e-13      -3.380606216011e-12       0.000000000000e+00       9.411577309699e-12       1.316406499957e-12      -6.997031529012e-15 
  104       3.795983058586e-10       1.118426202203e-13      -3.469699260473e-12       0.000000000000e+00       9.174554287030e-12       1.290032097191e-12      -6.934132463067e-15 
  105       3.839076197019e-10       1.137307839180e-13      -3.558626297540e-12       0.000000000000e+00       8.945557796516e-12       1.264456747182e-12      -6.872846059946e-15 
  106       3.882417819078e-10       1.155902888170e-13      -3.647316125910e-12       0.000000000000e+00       8.724239031076e-12       1.239650079360e-12      -6.812710703797e-15 
  107       3.925999788954e-10       1.174192081798e-13      -3.735696693970e-12       0.000000000000e+00       8.510167766220e-12       1.215573334148e-12      -6.753212464545e-15 
  108       3.969812369777e-10       1.192156060225e-13      -3.823695122729e-12       0.000000000000e+00       8.302829893140e-12       1.192179102695e-12      -6.693783675299e-15 
  109       4.013844169593e-10       1.209775378589e-13      -3.911237728758e-12       0.000000000000e+00       8.101624951790e-12       1.169411066620e-12      -6.633801509770e-15 
  110       4.058084060444e-10       1.227030996584e-13      -3.998250554097e-12       0.000000000000e+00       7.906001502496e-12       1.147217026806e-12      -6.572714599291e-15 
  111       4.102527330648e-10       1.243905802432e-13      -4.084660983862e-12       0.000000000000e+00       7.715888223832e-12       1.125590443277e-12      -6.510444353018e-15 
  112       4.147170222439e-10       1.260383298785e-13      -4.170396379547e-12       0.000000000000e+00       7.531313625923e-12       1.104533749198e-12      -6.447032574667e-15 
  113       4.192007995015e-10       1.276447150071e-13      -4.255383618142e-12       0.000000000000e+00       7.352272044278e-12       1.084045408861e-12      -6.382517851760e-15 
  114       4.237034889907e-10       1.292081194676e-13      -4.339549120061e-12       0.000000000000e+00       7.178722527547e-12       1.064119788035e-12      -6.316935391407e-15 
  115       4.282244096347e-10       1.307269457129e-13      -4.422818877051e-12       0.000000000000e+00       7.010587725290e-12       1.044747024305e-12      -6.250316856093e-15 
  116       4.327627716636e-10       1.321996160283e-13      -4.505118480116e-12       0.000000000000e+00       6.847752775742e-12       1.025912897419e-12      -6.182690199466e-15 
  117       4.373176731514e-10       1.336245737501e-13      -4.586373147431e-12       0.000000000000e+00       6.690064193574e-12       1.007598699626e-12      -6.114079502124e-15 
  118       4.418880965530e-10       1.350002844832e-13      -4.666507752261e-12       0.000000000000e+00       6.537328757666e-12       9.897811060261e-13      -6.044504807398e-15 
  119       4.464729052408e-10       1.363252373205e-13      -4.745446850878e-12       0.000000000000e+00       6.389312398864e-12       9.724320449074e-13      -5.973981957145e-15 
  120       4.510708400420e-10       1.375979460603e-13      -4.823114710480e-12       0.000000000000e+00       6.245739087749e-12       9.555185680945e-13      -5.902522427527e-15 
  121       4.556805157751e-10       1.388169504247e-13      -4.899435337107e-12       0.000000000000e+00       6.106289722401e-12       9.390027212896e-13      -5.830133164803e-15 
  122       4.603004177870e-10       1.399808172785e-13      -4.974332503562e-12       0.000000000000e+00       5.970601016165e-12       9.228414144161e-13      -5.756816421115e-15 
  123       4.649290841645e-10       1.410881895777e-13      -5.047730736201e-12       0.000000000000e+00       5.838343900459e-12       9.069965119970e-13      -5.682598420230e-15 
  124       4.695656834493e-10       1.421379369892e-13      -5.119558344220e-12       0.000000000000e+00       5.709471301087e-12       8.914666930361e-13      -5.607619433431e-15 
  125       4.742094970744e-10       1.431290249513e-13      -5.189744792613e-12       0.000000000000e+00       5.583996863386e-12       8.762590239551e-13      -5.532053790431e-15 
  126       4.788597376524e-10       1.440604700705e-13      -5.258219809563e-12       0.000000000000e+00       5.461917505133e-12       8.613790176499e-13      -5.456082038245e-15 
  127       4.835155469735e-10       1.449313417146e-13      -5.324913421906e-12       0.000000000000e+00       5.343212929920e-12       8.468305842437e-13      -5.379891003808e-15 
  128       4.881759940027e-10       1.457407636074e-13      -5.389755990591e-12       0.000000000000e+00       5.227845140526e-12       8.326159818397e-13      -5.303673856588e-15 
  129       4.928400728779e-10       1.464879154219e-13      -5.452678246143e-12       0.000000000000e+00       5.115757952298e-12       8.187357672742e-13      -5.227630171205e-15 
  130       4.975067009077e-10       1.471720343744e-13      -5.513611324123e-12       0.000000000000e+00       5.006876506520e-12       8.051887468688e-13      -5.151965990043e-15 
  131       5.021747165688e-10       1.477924168183e-13      -5.572486800592e-12       0.000000000000e+00       4.901106783795e-12       7.919719271840e-13      -5.076893885869e-15 
  132       5.068428775041e-10       1.483484198381e-13      -5.629236727573e-12       0.000000000000e+00       4.798335117412e-12       7.790804657714e-13      -5.002633024445e-15 
  133       5.115098585204e-10       1.488394628428e-13      -5.683793668512e-12       0.000000000000e+00       4.698427706728e-12       7.665076219270e-13      -4.929409227145e-15 
  134       5.161742495858e-10       1.492650291603e-13      -5.736090733740e-12       0.000000000000e+00       4.601230130540e-12       7.542447074436e-13      -4.857455033574e-15 
  135       5.208345538280e-10       1.496246676308e-13      -5.786061615936e-12       0.000000000000e+00       4.506566860460e-12       7.422810373640e-13      -4.787009764175e-15 
  136       5.254891855316e-10       1.499179942010e-13      -5.833640625587e-12       0.000000000000e+00       4.414240774291e-12       7.306038807335e-13      -4.718319582854e-15 
  137       5.301366069706e-10       1.501447212553e-13      -5.878763352433e-12       0.000000000000e+00       4.324074987114e-12       7.192009952953e-13      -4.651577294600e-15 
  138       5.347757591252e-10       1.503047456640e-13      -5.921368651966e-12       0.000000000000e+00       4.236044260018e-12       7.080686318441e-13      -4.586734574886e-15 
  139       5.394056719461e-10       1.503980729105e-13      -5.961396932688e-12       0.000000000000e+00       4.150156330080e-12       6.972042686376e-13      -4.523670338191e-15 
  140       5.440253284089e-10       1.504247919251e-13      -5.998789587640e-12       0.000000000000e+00       4.066410596750e-12       6.866040692315e-13      -4.462248942654e-15 
  141       5.486336633924e-10       1.503850768542e-13      -6.033489033839e-12       0.000000000000e+00       3.984797903823e-12       6.762628496329e-13      -4.402319870178e-15 
  142       5.532295625580e-10       1.502791888309e-13      -6.065438751713e-12       0.000000000000e+00       3.905300321418e-12       6.661740454541e-13      -4.343717406532e-15 
  143       5.578118612287e-10       1.501074777443e-13      -6.094583324538e-12       0.000000000000e+00       3.827890927947e-12       6.563296790657e-13      -4.286260321450e-15 
  144       5.623793432677e-10       1.498703840098e-13      -6.120868477869e-12       0.000000000000e+00       3.752533592090e-12       6.467203267512e-13      -4.229751548738e-15 
  145       5.669307399575e-10       1.495684403388e-13      -6.144241118980e-12       0.000000000000e+00       3.679182754770e-12       6.373350858594e-13      -4.173977866373e-15 
  146       5.714647288791e-10       1.492022735087e-13      -6.164649376295e-12       0.000000000000e+00       3.607783211125e-12       6.281615419591e-13      -4.118709576604e-15 
  147       5.759799327906e-10       1.487726061325e-13      -6.182042638827e-12       0.000000000000e+00       3.538269892482e-12       6.191857359917e-13      -4.063700186060e-15 
  148       5.804749185063e-10       1.482802584292e-13      -6.196371595609e-12       0.000000000000e+00       3.470567648332e-12       6.103921314258e-13      -4.008686085842e-15 
  149       5.849481957758e-10       1.477261499934e-13      -6.207588275134e-12       0.000000000000e+00       3.404591028303e-12       6.017635814099e-13      -3.953386231636e-15 
  150       5.893982161628e-10       1.471113015651e-13      -6.215646084786e-12       0.000000000000e+00       3.340244064135e-12       5.932812959265e-13      -3.897501823808e-15 
  151       5.938233719239e-10       1.464368367998e-13      -6.220499850276e-12       0.000000000000e+00       3.277420051650e-12       5.849248089457e-13      -3.840715987509e-15 
  152       5.982219948880e-10       1.457039840384e-13      -6.222105855081e-12       0.000000000000e+00       3.216001332731e-12       5.766719455787e-13      -3.782693452774e-15 
  153       6.025924779588e-10       1.449140625152e-13      -6.220422120135e-12       0.000000000000e+00       3.155883622682e-12       5.685039198650e-13      -3.723161909903e-15 
  154       6.069336546890e-10       1.440684358159e-13      -6.215409189175e-12       0.000000000000e+00       3.097051995221e-12       5.604212303639e-13      -3.662165256578e-15 
  155       6.112444530096e-10       1.431685574485e-13      -6.207029491914e-12       0.000000000000e+00       3.039511576495e-12       5.524291861054e-13      -3.599833386448e-15 
  156       6.155237752841e-10       1.422159876928e-13      -6.195247150660e-12       0.000000000000e+00       2.983263542133e-12       5.445329020672e-13      -3.536302724426e-15 
  157       6.197704978119e-10       1.412123952914e-13      -6.180028020969e-12       0.000000000000e+00       2.928305024224e-12       5.367372924592e-13      -3.471716322759e-15 
  158       6.239834703316e-10       1.401595591396e-13      -6.161339732310e-12       0.000000000000e+00       2.874629018304e-12       5.290470640065e-13      -3.406223957099e-15 
  159       6.281615155248e-10       1.390593699770e-13      -6.139151728720e-12       0.000000000000e+00       2.822224290332e-12       5.214667092334e-13      -3.339982222572e-15 
  160       6.323034285196e-10       1.379138320774e-13      -6.113435309466e-12       0.000000000000e+00       2.771075283679e-12       5.140004997466e-13      -3.273154629846e-15 
  161       6.364079763936e-10       1.367250649397e-13      -6.084163669699e-12       0.000000000000e+00       2.721162026106e-12       5.066524795196e-13      -3.205911701206e-15 
  162       6.404738976779e-10       1.354953049785e-13      -6.051311941119e-12       0.000000000000e+00       2.672460036744e-12       4.994264581755e-13      -3.138431066619e-15 
  163       6.444999018603e-10       1.342269072149e-13      -6.014857232629e-12       0.000000000000e+00       2.624940233082e-12       4.923260042713e-13      -3.070897559806e-15 
  164       6.484846688888e-10       1.329223469669e-13      -5.974778670996e-12       0.000000000000e+00       2.578568837945e-12       4.853544385811e-13      -3.003503314310e-15 
  165       6.524268486751e-10       1.315842215402e-13      -5.931057441509e-12       0.000000000000e+00       2.533307286478e-12       4.785148273800e-13      -2.936447859571e-15 
  166       6.563250605981e-10       1.302152519189e-13      -5.883676828638e-12       0.000000000000e+00       2.489112133127e-12       4.718099757277e-13      -2.869938216989e-15 
  167       6.601778930073e-10       1.288182844558e-13      -5.832622256694e-12       0.000000000000e+00       2.445934958619e-12       4.652424207521e-13      -2.804188995997e-15 
  168       6.639839027264e-10       1.273962925635e-13      -5.777881330484e-12       0.000000000000e+00       2.403722276951e-12       4.588144249328e-13      -2.739422490134e-15 
  169       6.677416145567e-10       1.259523784048e-13      -5.719443875977e-12       0.000000000000e+00       2.362415442364e-12       4.525279693851e-13      -2.675868773109e-15 
  170       6.714495207804e-10       1.244897745834e-13      -5.657301980954e-12       0.000000000000e+00       2.321950556330e-12       4.463847471433e-13      -2.613765794875e-15 
  171       6.751061795878e-10       1.230117483828e-13      -5.591449315854e-12       0.000000000000e+00       2.282271396162e-12       4.403856847486e-13      -2.553308495360e-15 
  172       6.787105206056e-10       1.215213019848e-13      -5.521878947615e-12       0.000000000000e+00       2.243369605279e-12       4.345294763089e-13      -2.494491183254e-15 
  173       6.822615640112e-10       1.200214503777e-13      -5.448585420610e-12       0.000000000000e+00       2.205247691407e-12       4.288139137683e-13      -2.437252137495e-15 
  174       6.857583238097e-10       1.185153178424e-13      -5.371565497495e-12       0.000000000000e+00       2.167906267002e-12       4.232363390243e-13      -2.381523295506e-15 
  175       6.891998077411e-10       1.170061392445e-13      -5.290818196936e-12       0.000000000000e+00       2.131344009363e-12       4.177936352868e-13      -2.327230141254e-15 
  176       6.925850171878e-10       1.154972613278e-13      -5.206344831328e-12       0.000000000000e+00       2.095557620740e-12       4.124822184379e-13      -2.274291593316e-15 
  177       6.959129470810e-10       1.139921440071e-13      -5.118149044514e-12       0.000000000000e+00       2.060541788441e-12       4.072980283902e-13      -2.222619892941e-15 
  178       6.991825858084e-10       1.124943616617e-13      -5.026236849515e-12       0.000000000000e+00       2.026289144949e-12       4.022365204468e-13      -2.172120492116e-15 
  179       7.023929151210e-10       1.110076044276e-13      -4.930616666243e-12       0.000000000000e+00       1.992790228026e-12       3.972926566595e-13      -2.122691941628e-15 
  180       7.055429100400e-10       1.095356794916e-13      -4.831299359230e-12       0.000000000000e+00       1.960033440823e-12       3.924608971888e-13      -2.074225779127e-15 
  181       7.086315387643e-10       1.080825123835e-13      -4.728298275344e-12       0.000000000000e+00       1.928005011996e-12       3.877351916626e-13      -2.026606417191e-15 
  182       7.116577625772e-10       1.066521482695e-13      -4.621629281518e-12       0.000000000000e+00       1.896688955807e-12       3.831089705352e-13      -1.979711031388e-15 
  183       7.146205357536e-10       1.052487532451e-13      -4.511310802465e-12       0.000000000000e+00       1.866067032243e-12       3.785751364470e-13      -1.933409448342e-15 
  184       7.175188054672e-10       1.038766156286e-13      -4.397363858405e-12       0.000000000000e+00       1.836118707119e-12       3.741260555830e-13      -1.887564033794e-15 
  185       7.203515116976e-10       1.025401472533e-13      -4.279812102783e-12       0.000000000000e+00       1.806821112190e-12       3.697535490324e-13      -1.842029580668e-15 
  186       7.231175871368e-10       1.012438847614e-13      -4.158681859995e-12       0.000000000000e+00       1.778149005263e-12       3.654488841475e-13      -1.796653197132e-15 
  187       7.258159570973e-10       9.999249089644e-14      -4.034002163107e-12       0.000000000000e+00       1.750074730306e-12       3.612027659028e-13      -1.751274194664e-15 
  188       7.284455394182e-10       9.879075579670e-14      -3.905804791579e-12       0.000000000000e+00       1.722568177554e-12       3.570053282544e-13      -1.705723976115e-15 
  189       7.310052443729e-10       9.764359828808e-14      -3.774124308983e-12       0.000000000000e+00       1.695596743627e-12       3.528461254990e-13      -1.659825923771e-15 
  190       7.334939745759e-10       9.655606717716e-14      -3.638998100732e-12       0.000000000000e+00       1.669125291631e-12       3.487141236330e-13      -1.613395287418e-15 
  191       7.359106986892e-10       9.553313393584e-14      -3.500464223117e-12       0.000000000000e+00       1.643123097164e-12       3.445999939346e-13      -1.566279772313e-15 
  192       7.382546789102e-10       9.457905069385e-14      -3.358554691655e-12       0.000000000000e+00       1.617585351299e-12       3.405032038495e-13      -1.518484936382e-15 
  193       7.405252604077e-10       9.369794646874e-14      -3.213301760766e-12       0.000000000000e+00       1.592513197420e-12       3.364254425686e-13      -1.470058004974e-15 
  194       7.427217992041e-10       9.289403205010e-14      -3.064740097535e-12       0.000000000000e+00       1.567906873462e-12       3.323683655354e-13      -1.421048037894e-15 
  195       7.448436623250e-10       9.217160060997e-14      -2.912906812271e-12       0.000000000000e+00       1.543765694879e-12       3.283335933378e-13      -1.371505950646e-15 
  196       7.468902279465e-10       9.153502831332e-14      -2.757841489065e-12       0.000000000000e+00       1.520088037612e-12       3.243227106016e-13      -1.321484535677e-15 
  197       7.488608855450e-10       9.098877492840e-14      -2.599586216356e-12       0.000000000000e+00       1.496871321061e-12       3.203372648825e-13      -1.271038483621e-15 
  198       7.507550360447e-10       9.053738443724e-14      -2.438185617483e-12       0.000000000000e+00       1.474111991056e-12       3.163787655589e-13      -1.220224404546e-15 
  199       7.525720919670e-10       9.018548564601e-14      -2.273686881253e-12       0.000000000000e+00       1.451805502821e-12       3.124486827244e-13      -1.169100849191e-15 
  200       7.543114775784e-10       8.993779279550e-14      -2.106139792494e-12       0.000000000000e+00       1.429946303950e-12       3.085484460804e-13      -1.117728330216e-15 
  201       7.559726290397e-10       8.979910617151e-14      -1.935596762622e-12       0.000000000000e+00       1.408527817370e-12       3.046794438288e-13      -1.066169343445e-15 
  202       7.575549945540e-10       8.977431271527e-14      -1.762112860194e-12       0.000000000000e+00       1.387542424316e-12       3.008430215646e-13      -1.014488389107e-15 
  203       7.590580345156e-10       8.986838663388e-14      -1.585745841474e-12       0.000000000000e+00       1.366981447299e-12       2.970404811683e-13      -9.627519930818e-16 
  204       7.604812216585e-10       9.008639001075e-14      -1.406556180991e-12       0.000000000000e+00       1.346835133073e-12       2.932730796986e-13      -9.110287281459e-16 
  205       7.618240412050e-10       9.043347341600e-14      -1.224607102096e-12       0.000000000000e+00       1.327092635608e-12       2.895420282850e-13      -8.593892352128e-16 
  206       7.630859910140e-10       9.091487651687e-14      -1.039964607528e-12       0.000000000000e+00       1.307741999058e-12       2.858484910206e-13      -8.079062445788e-16 
  207       7.642665817301e-10       9.153592868820e-14      -8.526975099694e-13       0.000000000000e+00       1.288770140729e-12       2.821935838541e-13      -7.566545971671e-16 
  208       7.653653369316e-10       9.230204962279e-14      -6.628774626069e-13       0.000000000000e+00       1.270162834050e-12       2.785783734831e-13      -7.057112657710e-16 
  209       7.663817932794e-10       9.321874994187e-14      -4.705789896934e-13       0.000000000000e+00       1.251904691546e-12       2.750038762463e-13      -6.551553762984e-16 
  210       7.673155006655e-10       9.429163180552e-14      -2.758795171067e-13       0.000000000000e+00       1.233979147800e-12       2.714710570161e-13      -6.050682290152e-16 
  211       7.681660223616e-10       9.552638952306e-14      -7.885940290957e-14       0.000000000000e+00       1.216368442429e-12       2.679808280912e-13      -5.555333197899e-16 
  212       7.689329351675e-10       9.692881016351e-14       1.203980320897e-13       0.000000000000e+00       1.199053603050e-12       2.645340480893e-13      -5.066363613367e-16 
  213       7.696158680311e-10       9.850444349679e-14       3.218107625242e-13       0.000000000000e+00       1.182018148725e-12       2.611314790905e-13      -4.584497184169e-16 
  214       7.702146205008e-10       1.002575857575e-13       5.253112163069e-13       0.000000000000e+00       1.165259513825e-12       2.577736571462e-13      -4.109845001700e-16 
  215       7.707290525628e-10       1.021922284029e-13       7.308339466909e-13       0.000000000000e+00       1.148778363062e-12       2.544610108816e-13      -3.642352721536e-16 
  216       7.711590471370e-10       1.043123823560e-13       9.383114042285e-13       0.000000000000e+00       1.132574933156e-12       2.511939012490e-13      -3.181953319543e-16 
  217       7.715045103273e-10       1.066220777452e-13       1.147673917502e-12       0.000000000000e+00       1.116649025597e-12       2.479726203107e-13      -2.728566893999e-16 
  218       7.717653716710e-10       1.091253636446e-13       1.358849673855e-12       0.000000000000e+00       1.100999999416e-12       2.447973900216e-13      -2.282100467707e-16 
  219       7.719415843888e-10       1.118263078135e-13       1.571764700120e-12       0.000000000000e+00       1.085626763941e-12       2.416683610115e-13      -1.842447790118e-16 
  220       7.720331256348e-10       1.147289964362e-13       1.786342843354e-12       0.000000000000e+00       1.070527771567e-12       2.385856113683e-13      -1.409489139445e-16 
  221       7.720399967461e-10       1.178375338626e-13       2.002505751564e-12       0.000000000000e+00       1.055701010516e-12       2.355491454205e-13      -9.830911247869e-17 
  222       7.719622234926e-10       1.211560423474e-13       2.220172854441e-12       0.000000000000e+00       1.041143997605e-12       2.325588925199e-13      -5.631064882399e-17 
  223       7.717998563274e-10       1.246886617900e-13       2.439261344089e-12       0.000000000000e+00       1.026853771008e-12       2.296147058241e-13      -1.493739070213e-17 
  224       7.715529706358e-10       1.284395494751e-13       2.659686155754e-12       0.000000000000e+00       1.012826883018e-12       2.267163610795e-13       2.582822044150e-17 
  225       7.712216669859e-10       1.324128798118e-13       2.881359948560e-12       0.000000000000e+00       9.990593928162e-13       2.238635554035e-13       6.600518922593e-17 
  226       7.708060713781e-10       1.366128440740e-13       3.104193086233e-12       0.000000000000e+00       9.855468592317e-13       2.210559060678e-13       1.056139861228e-16 
  227       7.703063354948e-10       1.410436501401e-13       3.328093617836e-12       0.000000000000e+00       9.722843335077e-13       2.182929492807e-13       1.446765672447e-16 
  228       7.697226369507e-10       1.457095222327e-13       3.552967258497e-12       0.000000000000e+00       9.592663520650e-13       2.155741389699e-13       1.832163941328e-16 
  229       7.690551795421e-10       1.506147006591e-13       3.778717370142e-12       0.000000000000e+00       9.464869292663e-13       2.128988455649e-13       2.212584535459e-16 
  230       7.683041934974e-10       1.557634415507e-13       4.005244942223e-12       0.000000000000e+00       9.339395501802e-13       2.102663547802e-13       2.588292772477e-16 
  231       7.674699357262e-10       1.611600166028e-13       4.232448572450e-12       0.000000000000e+00       9.216171633453e-13       2.076758663975e-13       2.959569617957e-16 
  232       7.665526900698e-10       1.668087128150e-13       4.460224447521e-12       0.000000000000e+00       9.095121735346e-13       2.051264930487e-13       3.326711883289e-16 
  233       7.655527675507e-10       1.727138322308e-13       4.688466323855e-12       0.000000000000e+00       8.976164345191e-13       2.026172589984e-13       3.690032423561e-16 
  234       7.644705066224e-10       1.788796916773e-13       4.917065508318e-12       0.000000000000e+00       8.859212418325e-13       2.001470989268e-13       4.049860335442e-16 
  235       7.633062734195e-10       1.853106225056e-13       5.145910838957e-12       0.000000000000e+00       8.744173255347e-13       1.977148567120e-13       4.406541155062e-16 
  236       7.620604620074e-10       1.920109703302e-13       5.374888665728e-12       0.000000000000e+00       8.630948429765e-13       1.953192842130e-13       4.760437055897e-16 
  237       7.607334946322e-10       1.989850947693e-13       5.603882831231e-12       0.000000000000e+00       8.519433715633e-13       1.929590400524e-13       5.111927046645e-16 
  238       7.593258178091e-10       2.062369752900e-13       5.832781283315e-12       0.000000000000e+00       8.409539146163e-13       1.906329115951e-13       5.461322344613e-16 
  239       7.578378898088e-10       2.137690027852e-13       6.061496397291e-12       0.000000000000e+00       8.301250687611e-13       1.883404983245e-13       5.808606397611e-16 
  240       7.562701928976e-10       2.215831142819e-13       6.289945847538e-12       0.000000000000e+00       8.194572161478e-13       1.860815675068e-13       6.153679495452e-16 
  241       7.546232376704e-10       2.296811791661e-13       6.518046081111e-12       0.000000000000e+00       8.089505419860e-13       1.838558339760e-13       6.496442196714e-16 
  242       7.528975632915e-10       2.380649980913e-13       6.745712312455e-12       0.000000000000e+00       7.986050315556e-13       1.816629593875e-13       6.836795347667e-16 
  243       7.510937377361e-10       2.467363018881e-13       6.972858518132e-12       0.000000000000e+00       7.884204672184e-13       1.795025514715e-13       7.174640101213e-16 
  244       7.492123580309e-10       2.556967504725e-13       7.199397431541e-12       0.000000000000e+00       7.783964254287e-13       1.773741632867e-13       7.509877935816e-16 
  245       7.472540504954e-10       2.649479317552e-13       7.425240537637e-12       0.000000000000e+00       7.685322737443e-13       1.752772924736e-13       7.842410674435e-16 
  246       7.452194709831e-10       2.744913605503e-13       7.650298067656e-12       0.000000000000e+00       7.588271678375e-13       1.732113805085e-13       8.172140503460e-16 
  247       7.431093051224e-10       2.843284774846e-13       7.874478993835e-12       0.000000000000e+00       7.492800485064e-13       1.711758119564e-13       8.498969991644e-16 
  248       7.409242685575e-10       2.944606479060e-13       8.097691024130e-12       0.000000000000e+00       7.398896386856e-13       1.691699137253e-13       8.822802109035e-16 
  249       7.386651071899e-10       3.048891607928e-13       8.319840596944e-12       0.000000000000e+00       7.306544404572e-13       1.671929543189e-13       9.143540245910e-16 
  250       7.363325974190e-10       3.156152276627e-13       8.540832875842e-12       0.000000000000e+00       7.215727320621e-13       1.652441430909e-13       9.461088231711e-16 
  251       7.339275463837e-10       3.266399814811e-13       8.760571744276e-12       0.000000000000e+00       7.126425649105e-13       1.633226294981e-13       9.775350353975e-16 
  252       7.314507922029e-10       3.379644755710e-13       8.978959800307e-12       0.000000000000e+00       7.038617605935e-13       1.614275023542e-13       1.008623137727e-15 
  253       7.289032042170e-10       3.495896825210e-13       9.195898351323e-12       0.000000000000e+00       6.952279078937e-13       1.595577890830e-13       1.039363656213e-15 
  254       7.262856832286e-10       3.615164930950e-13       9.411287408763e-12       0.000000000000e+00       6.867383597961e-13       1.577124549724e-13       1.069747168397e-15 
  255       7.235991617440e-10       3.737457151404e-13       9.625025682836e-12       0.000000000000e+00       6.783902304997e-13       1.558904024274e-13       1.099764305206e-15 
  256       7.208446042140e-10       3.862780724976e-13       9.837010577247e-12       0.000000000000e+00       6.701803924278e-13       1.540904702243e-13       1.129405752841e-15 
  257       7.180230072749e-10       3.991142039087e-13       1.004713818391e-11       0.000000000000e+00       6.621054732394e-13       1.523114327636e-13       1.158662254675e-15 
  258       7.151353999897e-10       4.122546619264e-13       1.025530327769e-11       0.000000000000e+00       6.541618528403e-13       1.505519993240e-13       1.187524613141e-15 
  259       7.121828440893e-10       4.256999118230e-13       1.046139931108e-11       0.000000000000e+00       6.463456603936e-13       1.488108133157e-13       1.215983691632e-15 
  260       7.091664342133e-10       4.394503304992e-13       1.066531840898e-11       0.000000000000e+00       6.386527713314e-13       1.470864515342e-13       1.244030416388e-15 
  261       7.060872981511e-10       4.535062053934e-13       1.086695136338e-11       0.000000000000e+00       6.310788043650e-13       1.453774234133e-13       1.271655778392e-15 
  262       7.029465970833e-10       4.678677333900e-13       1.106618762808e-11       0.000000000000e+00       6.236191184967e-13       1.436821702793e-13       1.298850835264e-15 
  263       6.997455258222e-10       4.825350197289e-13       1.126291531345e-11       0.000000000000e+00       6.162688100304e-13       1.419990646042e-13       1.325606713156e-15 
  264       6.964853130535e-10       4.975080769142e-13       1.145702118108e-11       0.000000000000e+00       6.090227095823e-13       1.403264092592e-13       1.351914608639e-15 
  265       6.931672215769e-10       5.127868236230e-13       1.164839063860e-11       0.000000000000e+00       6.018753790927e-13       1.386624367685e-13       1.377765790603e-15 
  266       6.897924894188e-10       5.283708226746e-13       1.183691566579e-11       0.000000000000e+00       5.948221431573e-13       1.370056924885e-13       1.403153232917e-15 
  267       6.863621491314e-10       5.442584814230e-13       1.202251908088e-11       0.000000000000e+00       5.878622512163e-13       1.353562087323e-13       1.428076606726e-15 
  268       6.828771991499e-10       5.604478058210e-13       1.220513158174e-11       0.000000000000e+00       5.809958812647e-13       1.337143929512e-13       1.452537562932e-15 
  269       6.793386621784e-10       5.769366559258e-13       1.238468394114e-11       0.000000000000e+00       5.742231197562e-13       1.320806494511e-13       1.476538130460e-15 
  270       6.757475853310e-10       5.937227443674e-13       1.256110701482e-11       0.000000000000e+00       5.675439603618e-13       1.304553792956e-13       1.500080720904e-15 
  271       6.721050402727e-10       6.108036348166e-13       1.273433174965e-11       0.000000000000e+00       5.609583027284e-13       1.288389802074e-13       1.523168133178e-15 
  272       6.684121233610e-10       6.281767404528e-13       1.290428919176e-11       0.000000000000e+00       5.544659512374e-13       1.272318464713e-13       1.545803558164e-15 
  273       6.646699557866e-10       6.458393224323e-13       1.307091049463e-11       0.000000000000e+00       5.480666137635e-13       1.256343688358e-13       1.567990583358e-15 
  274       6.608796837148e-10       6.637884883565e-13       1.323412692723e-11       0.000000000000e+00       5.417599004331e-13       1.240469344157e-13       1.589733197524e-15 
  275       6.570424784268e-10       6.820211907394e-13       1.339386988216e-11       0.000000000000e+00       5.355453223827e-13       1.224699265942e-13       1.611035795339e-15 
  276       6.531595364606e-10       7.005342254760e-13       1.355007088375e-11       0.000000000000e+00       5.294222905180e-13       1.209037249253e-13       1.631903182042e-15 
  277       6.492320797523e-10       7.193242303104e-13       1.370266159617e-11       0.000000000000e+00       5.233901142724e-13       1.193487050357e-13       1.652340578085e-15 
  278       6.452613557772e-10       7.383876833035e-13       1.385157383159e-11       0.000000000000e+00       5.174480003652e-13       1.178052385273e-13       1.672353623778e-15 
  279       6.412486376911e-10       7.577209013015e-13       1.399673955828e-11       0.000000000000e+00       5.115950515607e-13       1.162736928793e-13       1.691948383940e-15 
  280       6.371952244713e-10       7.773200384035e-13       1.413809090872e-11       0.000000000000e+00       5.058302654266e-13       1.147544313506e-13       1.711131352549e-15 
  281       6.331024410579e-10       7.971810844298e-13       1.427556018777e-11       0.000000000000e+00       5.001525330924e-13       1.132478128819e-13       1.729909457389e-15 
  282       6.289716384947e-10       8.172998633899e-13       1.440907988072e-11       0.000000000000e+00       4.945606380085e-13       1.117541919979e-13       1.748290064697e-15 
  283       6.248041940708e-10       8.376720319505e-13       1.453858266150e-11       0.000000000000e+00       4.890532547044e-13       1.102739187095e-13       1.766280983815e-15 
  284       6.206015114614e-10       8.582930779035e-13       1.466400140070e-11       0.000000000000e+00       4.836289475475e-13       1.088073384162e-13       1.783890471838e-15 
  285       6.163650208691e-10       8.791583186340e-13       1.478526917380e-11       0.000000000000e+00       4.782861695017e-13       1.073547918084e-13       1.801127238260e-15 
  286       6.120961791652e-10       9.002628995887e-13       1.490231926921e-11       0.000000000000e+00       4.730232608858e-13       1.059166147692e-13       1.818000449627e-15 
  287       6.077964700304e-10       9.216017927434e-13       1.501508519644e-11       0.000000000000e+00       4.678384481324e-13       1.044931382771e-13       1.834519734183e-15 
  288       6.034674040967e-10       9.431697950713e-13       1.512350069419e-11       0.000000000000e+00       4.627298425464e-13       1.030846883079e-13       1.850695186518e-15 
  289       5.991105190876e-10       9.649615270113e-13       1.522749973850e-11       0.000000000000e+00       4.576954390636e-13       1.016915857372e-13       1.866537372220e-15 
  290       5.947273799604e-10       9.869714309355e-13       1.532701655086e-11       0.000000000000e+00       4.527331150093e-13       1.003141462423e-13       1.882057332518e-15 
  291       5.903195790465e-10       1.009193769618e-12       1.542198560633e-11       0.000000000000e+00       4.478406288568e-13       9.895268020502e-14       1.897266588939e-15 
  292       5.858887361926e-10       1.031622624701e-12       1.551234164167e-11       0.000000000000e+00       4.430156189864e-13       9.760749261313e-14       1.912177147948e-15 
  293       5.814364989026e-10       1.054251895166e-12       1.559801966345e-11       0.000000000000e+00       4.382556024434e-13       9.627888296320e-14       1.926801505604e-15 
  294       5.769645424778e-10       1.077075295800e-12       1.567895495619e-11       0.000000000000e+00       4.335579736973e-13       9.496714516260e-14       1.941152652204e-15 
  295       5.724745701589e-10       1.100086355663e-12       1.575508309047e-11       0.000000000000e+00       4.289200034001e-13       9.367256743176e-14       1.955244076933e-15 
  296       5.679683132666e-10       1.123278416556e-12       1.582633993106e-11       0.000000000000e+00       4.243388371449e-13       9.239543220639e-14       1.969089772513e-15 
  297       5.634474264530e-10       1.146644805915e-12       1.589266819785e-11       0.000000000000e+00       4.198120322885e-13       9.113595964630e-14       1.982701153064e-15 
  298       5.589131675217e-10       1.170179367945e-12       1.595403748541e-11       0.000000000000e+00       4.153391998882e-13       8.989413531934e-14       1.996077632093e-15 
  299       5.543667022870e-10       1.193875955368e-12       1.601042523446e-11       0.000000000000e+00       4.109204403237e-13       8.866987393293e-14       2.009215594619e-15 
  300       5.498092080568e-10       1.217728256041e-12       1.606181028389e-11       0.000000000000e+00       4.065558119314e-13       8.746307479758e-14       2.022111443055e-15 
  301       5.452418736319e-10       1.241729791659e-12       1.610817288773e-11       0.000000000000e+00       4.022453304925e-13       8.627362165263e-14       2.034761597679e-15 
  302       5.406658993048e-10       1.265873916462e-12       1.614949473220e-11       0.000000000000e+00       3.979889687214e-13       8.510138249207e-14       2.047162497089e-15 
  303       5.360824968586e-10       1.290153815937e-12       1.618575895268e-11       0.000000000000e+00       3.937866557537e-13       8.394620939030e-14       2.059310598676e-15 
  304       5.314928895661e-10       1.314562505524e-12       1.621695015074e-11       0.000000000000e+00       3.896382766341e-13       8.280793832784e-14       2.071202379079e-15 
  305       5.268983121887e-10       1.339092829322e-12       1.624305441114e-11       0.000000000000e+00       3.855436718051e-13       8.168638901720e-14       2.082834334655e-15 
  306       5.223000109752e-10       1.363737458790e-12       1.626405931885e-11       0.000000000000e+00       3.815026365944e-13       8.058136472857e-14       2.094202981938e-15 
  307       5.176992436611e-10       1.388488891454e-12       1.627995397601e-11       0.000000000000e+00       3.775149207038e-13       7.949265211563e-14       2.105304858105e-15 
  308       5.130972794670e-10       1.413339449611e-12       1.629072901902e-11       0.000000000000e+00       3.735802276969e-13       7.842002104130e-14       2.116136521439e-15 
  309       5.084953990982e-10       1.438281279032e-12       1.629637663546e-11       0.000000000000e+00       3.696982144870e-13       7.736322440355e-14       2.126694551792e-15 
  310       5.038948947431e-10       1.463306347671e-12       1.629689058115e-11       0.000000000000e+00       3.658684908260e-13       7.632199796111e-14       2.136975551048e-15 
  311       4.992970700726e-10       1.488406444364e-12       1.629226619714e-11       0.000000000000e+00       3.620906187919e-13       7.529606015931e-14       2.146976143590e-15 
  312       4.947032402385e-10       1.513573177537e-12       1.628250042673e-11       0.000000000000e+00       3.583641122770e-13       7.428511195578e-14       2.156692976758e-15 
  313       4.901147318732e-10       1.538797973908e-12       1.626759183246e-11       0.000000000000e+00       3.546884364763e-13       7.328883664630e-14       2.166122721317e-15 
  314       4.855328830878e-10       1.564072077196e-12       1.624754061312e-11       0.000000000000e+00       3.510630073755e-13       7.230689969048e-14       2.175262071919e-15 
  315       4.809590434718e-10       1.589386546819e-12       1.622234862077e-11       0.000000000000e+00       3.474871912393e-13       7.133894853762e-14       2.184107747567e-15 
  316       4.763945740915e-10       1.614732256606e-12       1.619201937773e-11       0.000000000000e+00       3.439603040990e-13       7.038461245242e-14       2.192656492075e-15 
  317       4.718408474894e-10       1.640099893495e-12       1.615655809361e-11       0.000000000000e+00       3.404816112414e-13       6.944350234077e-14       2.200905074538e-15 
  318       4.672992476827e-10       1.665479956240e-12       1.611597168229e-11       0.000000000000e+00       3.370503266964e-13       6.851521057552e-14       2.208850289791e-15 
  319       4.627711701625e-10       1.690862754118e-12       1.607026877893e-11       0.000000000000e+00       3.336656127254e-13       6.759931082228e-14       2.216488958873e-15 
  320       4.582580218930e-10       1.716238405629e-12       1.601945975703e-11       0.000000000000e+00       3.303265793091e-13       6.669535786514e-14       2.223817929492e-15 
  321       4.537612213099e-10       1.741596837204e-12       1.596355674534e-11       0.000000000000e+00       3.270322836361e-13       6.580288743246e-14       2.230834076487e-15 
  322       4.492821983197e-10       1.766927781908e-12       1.590257364495e-11       0.000000000000e+00       3.237817295908e-13       6.492141602267e-14       2.237534302293e-15 
  323       4.448223942986e-10       1.792220778144e-12       1.583652614628e-11       0.000000000000e+00       3.205738672415e-13       6.405044073000e-14       2.243915537401e-15 
  324       4.403832620914e-10       1.817465168359e-12       1.576543174605e-11       0.000000000000e+00       3.174075923286e-13       6.318943907026e-14       2.249974740828e-15 
  325       4.359662660105e-10       1.842650097750e-12       1.568930976432e-11       0.000000000000e+00       3.142817457527e-13       6.233786880665e-14       2.255708900575e-15 
  326       4.315728818348e-10       1.867764512962e-12       1.560818136150e-11       0.000000000000e+00       3.111951130629e-13       6.149516777548e-14       2.261115034092e-15 
  327       4.272045968087e-10       1.892797160801e-12       1.552206955534e-11       0.000000000000e+00       3.081464239447e-13       6.066075371197e-14       2.266190188742e-15 
  328       4.228629096410e-10       1.917736586933e-12       1.543099923794e-11       0.000000000000e+00       3.051343517083e-13       5.983402407599e-14       2.270931442263e-15 
  329       4.185493305040e-10       1.942571134589e-12       1.533499719276e-11       0.000000000000e+00       3.021575127766e-13       5.901435587789e-14       2.275335903237e-15 
  330       4.142653810320e-10       1.967288943271e-12       1.523409211164e-11       0.000000000000e+00       2.992144661735e-13       5.820110550421e-14       2.279400711545e-15 
  331       4.100125943211e-10       1.991877947458e-12       1.512831461180e-11       0.000000000000e+00       2.963037130120e-13       5.739360854348e-14       2.283123038836e-15 
  332       4.057923964651e-10       2.016326755741e-12       1.501769766254e-11       0.000000000000e+00       2.934239763785e-13       5.659131527482e-14       2.286500900546e-15 
  333       4.016057454601e-10       2.040627333273e-12       1.490227785127e-11       0.000000000000e+00       2.905750555223e-13       5.579420402011e-14       2.289535630143e-15 
  334       3.974534765406e-10       2.064772433843e-12       1.478209420602e-11       0.000000000000e+00       2.877570079404e-13       5.500238548906e-14       2.292229513758e-15 
  335       3.933364190912e-10       2.088754729663e-12       1.465718780807e-11       0.000000000000e+00       2.849698721368e-13       5.421596871648e-14       2.294584989710e-15 
  336       3.892553965169e-10       2.112566811031e-12       1.452760180943e-11       0.000000000000e+00       2.822136674147e-13       5.343506103532e-14       2.296604649851e-15 
  337       3.852112261133e-10       2.136201185984e-12       1.439338145028e-11       0.000000000000e+00       2.794883936694e-13       5.265976804973e-14       2.298291240909e-15 
  338       3.812047189372e-10       2.159650279966e-12       1.425457407643e-11       0.000000000000e+00       2.767940311804e-13       5.189019360802e-14       2.299647665834e-15 
  339       3.772366796770e-10       2.182906435484e-12       1.411122915673e-11       0.000000000000e+00       2.741305404040e-13       5.112643977574e-14       2.300676985139e-15 
  340       3.733079065229e-10       2.205961911768e-12       1.396339830058e-11       0.000000000000e+00       2.714978617662e-13       5.036860680865e-14       2.301382418248e-15 
  341       3.694191910373e-10       2.228808884433e-12       1.381113527535e-11       0.000000000000e+00       2.688959154544e-13       4.961679312579e-14       2.301767344840e-15 
  342       3.655713180252e-10       2.251439445138e-12       1.365449602385e-11       0.000000000000e+00       2.663246012106e-13       4.887109528249e-14       2.301835306191e-15 
  343       3.617650654046e-10       2.273845601245e-12       1.349353868174e-11       0.000000000000e+00       2.637837981237e-13       4.813160794335e-14       2.301590006520e-15 
  344       3.580012040770e-10       2.296019275483e-12       1.332832359503e-11       0.000000000000e+00       2.612733644215e-13       4.739842385532e-14       2.301035314335e-15 
  345       3.542804977972e-10       2.317952305604e-12       1.315891333753e-11       0.000000000000e+00       2.587931372639e-13       4.667163382071e-14       2.300175263773e-15 
  346       3.506037030446e-10       2.339636444045e-12       1.298537272825e-11       0.000000000000e+00       2.563429325351e-13       4.595132667018e-14       2.299014055950e-15 
  347       3.469715688926e-10       2.361063357590e-12       1.280776884892e-11       0.000000000000e+00       2.539225446359e-13       4.523758923580e-14       2.297556060300e-15 
  348       3.433848368797e-10       2.382224627026e-12       1.262617106138e-11       0.000000000000e+00       2.515317462763e-13       4.453050632405e-14       2.295805815924e-15 
  349       3.398442408794e-10       2.403111746806e-12       1.244065102508e-11       0.000000000000e+00       2.491702882682e-13       4.383016068885e-14       2.293768032930e-15 
  350       3.363505069708e-10       2.423716124710e-12       1.225128271451e-11       0.000000000000e+00       2.468378993177e-13       4.313663300459e-14       2.291447593783e-15 
  351       3.329043533091e-10       2.444029081502e-12       1.205814243664e-11       0.000000000000e+00       2.445342858175e-13       4.245000183913e-14       2.288849554643e-15 
  352       3.295064899956e-10       2.464041850594e-12       1.186130884842e-11       0.000000000000e+00       2.422591316395e-13       4.177034362686e-14       2.285979146714e-15 
  353       3.261576189483e-10       2.483745577701e-12       1.166086297415e-11       0.000000000000e+00       2.400120979274e-13       4.109773264167e-14       2.282841777587e-15 
  354       3.228584337721e-10       2.503131320508e-12       1.145688822303e-11       0.000000000000e+00       2.377928228891e-13       4.043224097003e-14       2.279443032584e-15 
  355       3.196096196297e-10       2.522190048323e-12       1.124947040652e-11       0.000000000000e+00       2.356009215888e-13       3.977393848398e-14       2.275788676103e-15 
  356       3.164118531110e-10       2.540912641744e-12       1.103869775586e-11       0.000000000000e+00       2.334359857403e-13       3.912289281414e-14       2.271884652962e-15 
  357       3.132658021045e-10       2.559289892314e-12       1.082466093949e-11       0.000000000000e+00       2.312975834988e-13       3.847916932276e-14       2.267737089745e-15 
  358       3.101721256671e-10       2.577312502183e-12       1.060745308049e-11       0.000000000000e+00       2.291852592536e-13       3.784283107676e-14       2.263352296142e-15 
  359       3.071314738943e-10       2.594971083768e-12       1.038716977408e-11       0.000000000000e+00       2.270985334206e-13       3.721393882067e-14       2.258736766299e-15 
  360       3.041444877912e-10       2.612256159416e-12       1.016390910502e-11       0.000000000000e+00       2.250369022349e-13       3.659255094977e-14       2.253897180158e-15 
  361       3.012117991423e-10       2.629158161057e-12       9.937771665077e-12       0.000000000000e+00       2.229998375431e-13       3.597872348299e-14       2.248840404805e-15 
  362       2.983340303821e-10       2.645667429872e-12       9.708860570506e-12       0.000000000000e+00       2.209867865959e-13       3.537251003605e-14       2.243573495812e-15 
  363       2.955117944655e-10       2.661774215949e-12       9.477281479461e-12       0.000000000000e+00       2.189971718404e-13       3.477396179438e-14       2.238103698582e-15 
  364       2.927456947381e-10       2.677468677945e-12       9.243142609469e-12       0.000000000000e+00       2.170303907130e-13       3.418312748621e-14       2.232438449692e-15 
  365       2.900363248065e-10       2.692740882744e-12       9.006554754878e-12       0.000000000000e+00       2.150858154314e-13       3.360005335557e-14       2.226585378240e-15 
  366       2.873842684089e-10       2.707580805118e-12       8.767631304307e-12       0.000000000000e+00       2.131627927875e-13       3.302478313532e-14       2.220552307190e-15 
  367       2.847900992853e-10       2.721978327390e-12       8.526488258100e-12       0.000000000000e+00       2.112606439396e-13       3.245735802014e-14       2.214347254711e-15 
  368       2.822543810477e-10       2.735923239088e-12       8.283244245776e-12       0.000000000000e+00       2.093786642048e-13       3.189781663960e-14       2.207978435528e-15 
  369       2.797776670508e-10       2.749405236613e-12       8.038020543482e-12       0.000000000000e+00       2.075161228521e-13       3.134619503116e-14       2.201454262263e-15 
  370       2.773605002622e-10       2.762413922893e-12       7.790941091444e-12       0.000000000000e+00       2.056722628941e-13       3.080252661319e-14       2.194783346778e-15 
  371       2.750033529411e-10       2.774940094565e-12       7.542123652926e-12       0.000000000000e+00       2.038464385646e-13       3.026683245031e-14       2.187973161506e-15 
  372       2.727064433367e-10       2.786979659722e-12       7.291652874171e-12       0.000000000000e+00       2.020385341027e-13       2.973909168476e-14       2.181025962953e-15 
  373       2.704699115686e-10       2.798529872688e-12       7.039606205290e-12       0.000000000000e+00       2.002485609369e-13       2.921926989594e-14       2.173942711433e-15 
  374       2.682938789895e-10       2.809588061103e-12       6.786062673390e-12       0.000000000000e+00       1.984765213904e-13       2.870732866847e-14       2.166724396877e-15 
  375       2.661784480040e-10       2.820151626704e-12       6.531102892315e-12       0.000000000000e+00       1.967224085941e-13       2.820322555677e-14       2.159372039014e-15 
  376       2.641237018860e-10       2.830218046104e-12       6.274809072403e-12       0.000000000000e+00       1.949862063983e-13       2.770691404962e-14       2.151886687547e-15 
  377       2.621297045971e-10       2.839784871570e-12       6.017265030229e-12       0.000000000000e+00       1.932678892851e-13       2.721834353475e-14       2.144269422334e-15 
  378       2.601965006045e-10       2.848849731805e-12       5.758556198357e-12       0.000000000000e+00       1.915674222806e-13       2.673745926343e-14       2.136521353566e-15 
  379       2.583241146991e-10       2.857410332727e-12       5.498769635092e-12       0.000000000000e+00       1.898847608670e-13       2.626420231504e-14       2.128643621949e-15 
  380       2.565125518136e-10       2.865464458249e-12       5.237994034225e-12       0.000000000000e+00       1.882198508949e-13       2.579850956166e-14       2.120637398880e-15 
  381       2.547617968402e-10       2.873009971056e-12       4.976319734785e-12       0.000000000000e+00       1.865726284956e-13       2.534031363267e-14       2.112503886629e-15 
  382       2.530718144491e-10       2.880044813389e-12       4.713838730789e-12       0.000000000000e+00       1.849430199930e-13       2.488954287927e-14       2.104244318515e-15 
  383       2.514425489062e-10       2.886567007821e-12       4.450644680989e-12       0.000000000000e+00       1.833309418160e-13       2.444612133915e-14       2.095859959090e-15 
  384       2.498739238911e-10       2.892574658039e-12       4.186832918625e-12       0.000000000000e+00       1.817363004107e-13       2.400996870098e-14       2.087352104314e-15 
  385       2.483658423154e-10       2.898065949623e-12       3.922500461171e-12       0.000000000000e+00       1.801589921526e-13       2.358100026908e-14       2.078722081735e-15 
  386       2.469181861406e-10       2.903039150823e-12       3.657746020086e-12       0.000000000000e+00       1.785989032589e-13       2.315912692793e-14       2.069971250672e-15 
  387       2.455308161962e-10       2.907492613344e-12       3.392670010564e-12       0.000000000000e+00       1.770559097004e-13       2.274425510678e-14       2.061101002389e-15 
  388       2.442035719974e-10       2.911424773122e-12       3.127374561283e-12       0.000000000000e+00       1.755298771139e-13       2.233628674426e-14       2.052112760277e-15 
  389       2.429362715636e-10       2.914834151102e-12       2.861963524154e-12       0.000000000000e+00       1.740206607145e-13       2.193511925290e-14       2.043007980033e-15 
  390       2.417287112363e-10       2.917719354025e-12       2.596542484071e-12       0.000000000000e+00       1.725281052077e-13       2.154064548378e-14       2.033788149841e-15 
  391       2.405806654967e-10       2.920079075197e-12       2.331218768661e-12       0.000000000000e+00       1.710520447014e-13       2.115275369105e-14       2.024454790547e-15 
  392       2.394918867845e-10       2.921912095278e-12       2.066101458032e-12       0.000000000000e+00       1.695923026186e-13       2.077132749655e-14       2.015009455843e-15 
  393       2.384621053153e-10       2.923217283057e-12       1.801301394524e-12       0.000000000000e+00       1.681486916091e-13       2.039624585439e-14       2.005453732442e-15 
  394       2.374910288988e-10       2.923993596233e-12       1.536931192456e-12       0.000000000000e+00       1.667210134619e-13       2.002738301552e-14       1.995789240260e-15 
  395       2.365783427571e-10       2.924240082193e-12       1.273105247879e-12       0.000000000000e+00       1.653090590174e-13       1.966460849229e-14       1.986017632596e-15 
  396       2.357237093423e-10       2.923955878796e-12       1.009939748324e-12       0.000000000000e+00       1.639126080799e-13       1.930778702311e-14       1.976140596308e-15 
  397       2.349267681549e-10       2.923140215146e-12       7.475526825503e-13       0.000000000000e+00       1.625314293290e-13       1.895677853692e-14       1.966159851996e-15 
  398       2.341871355617e-10       2.921792412379e-12       4.860638502960e-13       0.000000000000e+00       1.611652802328e-13       1.861143811788e-14       1.956077154177e-15 
  399       2.335044046136e-10       2.919911884435e-12       2.255948720276e-13       0.000000000000e+00       1.598139069593e-13       1.827161596988e-14       1.945894291470e-15 
  400       2.328781448640e-10       2.917498138844e-12      -3.373080131111e-14       0.000000000000e+00       1.584770442891e-13       1.793715738114e-14       1.935613086769e-15 
  401       2.323079021868e-10       2.914550777504e-12      -2.917878785489e-13       0.000000000000e+00       1.571544155272e-13       1.760790268880e-14       1.925235397426e-15 
  402       2.317931985942e-10       2.911069497458e-12      -5.484492185380e-13       0.000000000000e+00       1.558457324157e-13       1.728368724351e-14       1.914763115431e-15 
  403       2.313335320547e-10       2.907054091677e-12      -8.035858204047e-13       0.000000000000e+00       1.545506950456e-13       1.696434137398e-14       1.904198167589e-15 
  404       2.309283763114e-10       2.902504449838e-12      -1.057066813800e-12       0.000000000000e+00       1.532689917690e-13       1.664969035161e-14       1.893542515699e-15 
  405       2.305771807001e-10       2.897420559103e-12      -1.308759449149e-12       0.000000000000e+00       1.520002991117e-13       1.633955435502e-14       1.882798156736e-15 
  406       2.302793699668e-10       2.891802504902e-12      -1.558529087903e-12       0.000000000000e+00       1.507442816849e-13       1.603374843467e-14       1.871967123028e-15 
  407       2.300343440863e-10       2.885650471706e-12      -1.806239192790e-12       0.000000000000e+00       1.495005920977e-13       1.573208247740e-14       1.861051482436e-15 
  408       2.298414780799e-10       2.878964743816e-12      -2.051751318063e-12       0.000000000000e+00       1.482688708694e-13       1.543436117108e-14       1.850053338532e-15 
  409       2.297001218337e-10       2.871745706134e-12      -2.294925099753e-12       0.000000000000e+00       1.470487463412e-13       1.514038396912e-14       1.838974830781e-15 
  410       2.296096420070e-10       2.863994556370e-12      -2.535632541540e-12       0.000000000000e+00       1.458398998565e-13       1.484998163804e-14       1.827817915034e-15 
  411       2.295695497654e-10       2.855715467857e-12      -2.773801449749e-12       0.000000000000e+00       1.446422640221e-13       1.456312739846e-14       1.816583696086e-15 
  412       2.295793772146e-10       2.846913504867e-12      -3.009373517599e-12       0.000000000000e+00       1.434558312964e-13       1.427982965097e-14       1.805273071826e-15 
  413       2.296386355665e-10       2.837593919397e-12      -3.242290168976e-12       0.000000000000e+00       1.422805893147e-13       1.400009573940e-14       1.793886950817e-15 
  414       2.297468149876e-10       2.827762152447e-12      -3.472492558859e-12       0.000000000000e+00       1.411165208484e-13       1.372393194147e-14       1.782426252315e-15 
  415       2.299033844469e-10       2.817423835315e-12      -3.699921573758e-12       0.000000000000e+00       1.399636037635e-13       1.345134345941e-14       1.770891906291e-15 
  416       2.301077915636e-10       2.806584790877e-12      -3.924517832139e-12       0.000000000000e+00       1.388218109792e-13       1.318233441062e-14       1.759284853457e-15 
  417       2.303594624557e-10       2.795251034873e-12      -4.146221684855e-12       0.000000000000e+00       1.376911104264e-13       1.291690781826e-14       1.747606045284e-15 
  418       2.306578015873e-10       2.783428777200e-12      -4.364973215579e-12       0.000000000000e+00       1.365714650069e-13       1.265506560193e-14       1.735856444030e-15 
  419       2.310021916173e-10       2.771124423190e-12      -4.580712241236e-12       0.000000000000e+00       1.354628325515e-13       1.239680856827e-14       1.724037022759e-15 
  420       2.313919932468e-10       2.758344574902e-12      -4.793378312429e-12       0.000000000000e+00       1.343651657792e-13       1.214213640160e-14       1.712148765366e-15 
  421       2.318265450675e-10       2.745096032406e-12      -5.002910713873e-12       0.000000000000e+00       1.332784122554e-13       1.189104765457e-14       1.700192666599e-15 
  422       2.323051634096e-10       2.731385795068e-12      -5.209248464828e-12       0.000000000000e+00       1.322025143510e-13       1.164353973879e-14       1.688169732081e-15 
  423       2.328271421897e-10       2.717221062841e-12      -5.412330319524e-12       0.000000000000e+00       1.311374092008e-13       1.139960891543e-14       1.676080978336e-15 
  424       2.333917527591e-10       2.702609237546e-12      -5.612094767595e-12       0.000000000000e+00       1.300830286623e-13       1.115925028589e-14       1.663927432808e-15 
  425       2.339982437513e-10       2.687557924160e-12      -5.808480034513e-12       0.000000000000e+00       1.290392992743e-13       1.092245778244e-14       1.651710133885e-15 
  426       2.346458409306e-10       2.672074932104e-12      -6.001424082011e-12       0.000000000000e+00       1.280061422159e-13       1.068922415881e-14       1.639430130924e-15 
  427       2.353337470397e-10       2.656168276528e-12      -6.190864608521e-12       0.000000000000e+00       1.269834732645e-13       1.045954098087e-14       1.627088484271e-15 
  428       2.360611416478e-10       2.639846179596e-12      -6.376739049602e-12       0.000000000000e+00       1.259712027553e-13       1.023339861722e-14       1.614686265285e-15 
  429       2.368271809986e-10       2.623117071776e-12      -6.558984578369e-12       0.000000000000e+00       1.249692355393e-13       1.001078622986e-14       1.602224556361e-15 
  430       2.376309978584e-10       2.605989593121e-12      -6.737538105927e-12       0.000000000000e+00       1.239774709424e-13       9.791691764807e-15       1.589704450952e-15 
  431       2.384717013641e-10       2.588472594561e-12      -6.912336281800e-12       0.000000000000e+00       1.229958027239e-13       9.576101942738e-15       1.577127053594e-15 
  432       2.393483768710e-10       2.570575139183e-12      -7.083315494363e-12       0.000000000000e+00       1.220241190353e-13       9.364002249605e-15       1.564493479926e-15 
  433       2.402600858010e-10       2.552306503524e-12      -7.250411871269e-12       0.000000000000e+00       1.210623023788e-13       9.155376927285e-15       1.551804856714e-15 
  434       2.412058654907e-10       2.533676178852e-12      -7.413561279887e-12       0.000000000000e+00       1.201102295661e-13       8.950208964205e-15       1.539062321874e-15 
  435       2.421847290390e-10       2.514693872455e-12      -7.572699327724e-12       0.000000000000e+00       1.191677716771e-13       8.748480085982e-15       1.526267024497e-15 
  436       2.431956651557e-10       2.495369508926e-12      -7.727761362863e-12       0.000000000000e+00       1.182347940187e-13       8.550170746050e-15       1.513420124866e-15 
  437       2.442376380089e-10       2.475713231451e-12      -7.878682474391e-12       0.000000000000e+00       1.173111560830e-13       8.355260116298e-15       1.500522794486e-15 
  438       2.453095870734e-10       2.455735403093e-12      -8.025397492829e-12       0.000000000000e+00       1.163967115066e-13       8.163726077700e-15       1.487576216100e-15 
  439       2.464104269786e-10       2.435446608079e-12      -8.167840990563e-12       0.000000000000e+00       1.154913080289e-13       7.975545210952e-15       1.474581583717e-15 
  440       2.475390473564e-10       2.414857653089e-12      -8.305947282277e-12       0.000000000000e+00       1.145947874507e-13       7.790692787103e-15       1.461540102633e-15 
  441       2.486943126896e-10       2.393979568537e-12      -8.439650425380e-12       0.000000000000e+00       1.137069855934e-13       7.609142758186e-15       1.448452989453e-15 
  442       2.498750621592e-10       2.372823609862e-12      -8.568884220440e-12       0.000000000000e+00       1.128277322570e-13       7.430867747860e-15       1.435321472116e-15 
  443       2.510801094931e-10       2.351401258812e-12      -8.693582211615e-12       0.000000000000e+00       1.119568511793e-13       7.255839042032e-15       1.422146789914e-15 
  444       2.523082428138e-10       2.329724224731e-12      -8.813677687080e-12       0.000000000000e+00       1.110941599944e-13       7.084026579499e-15       1.408930193521e-15 
  445       2.535582244862e-10       2.307804445845e-12      -8.929103679462e-12       0.000000000000e+00       1.102394701914e-13       6.915398942579e-15       1.395672945007e-15 
  446       2.548287909661e-10       2.285654090549e-12      -9.039792966268e-12       0.000000000000e+00       1.093925870728e-13       6.749923347743e-15       1.382376317872e-15 
  447       2.561186526478e-10       2.263285558690e-12      -9.145678070317e-12       0.000000000000e+00       1.085533097137e-13       6.587565636248e-15       1.369041597057e-15 
  448       2.574264937124e-10       2.240711482859e-12      -9.246691260172e-12       0.000000000000e+00       1.077214309203e-13       6.428290264776e-15       1.355670078977e-15 
  449       2.587510950457e-10       2.217944247242e-12      -9.342776329950e-12       0.000000000000e+00       1.068967724937e-13       6.272063558443e-15       1.342263037095e-15 
  450       2.600917076824e-10       2.194994524422e-12      -9.433924357658e-12       0.000000000000e+00       1.060792923643e-13       6.118863604849e-15       1.328821617393e-15 
  451       2.614476911514e-10       2.171872693743e-12      -9.520139105196e-12       0.000000000000e+00       1.052689808440e-13       5.968670661870e-15       1.315346939567e-15 
  452       2.628183914194e-10       2.148589320463e-12      -9.601425350990e-12       0.000000000000e+00       1.044658256144e-13       5.821463916813e-15       1.301840131160e-15 
  453       2.642031408117e-10       2.125155156749e-12      -9.677788897419e-12       0.000000000000e+00       1.036698117059e-13       5.677221478983e-15       1.288302327571e-15 
  454       2.656012579337e-10       2.101581142679e-12      -9.749236578240e-12       0.000000000000e+00       1.028809214779e-13       5.535920372260e-15       1.274734672051e-15 
  455       2.670120475917e-10       2.077878407241e-12      -9.815776266016e-12       0.000000000000e+00       1.020991345979e-13       5.397536527665e-15       1.261138315711e-15 
  456       2.684348007143e-10       2.054058269334e-12      -9.877416879543e-12       0.000000000000e+00       1.013244280215e-13       5.262044775933e-15       1.247514417521e-15 
  457       2.698687942731e-10       2.030132238765e-12      -9.934168391277e-12       0.000000000000e+00       1.005567759721e-13       5.129418840084e-15       1.233864144311e-15 
  458       2.713132912043e-10       2.006112017252e-12      -9.986041834760e-12       0.000000000000e+00       9.979614992035e-14       4.999631327992e-15       1.220188670779e-15 
  459       2.727675403292e-10       1.982009499422e-12      -1.003304931205e-11       0.000000000000e+00       9.904251856369e-14       4.872653724961e-15       1.206489179487e-15 
  460       2.742307762758e-10       1.957836773810e-12      -1.007520400113e-11       0.000000000000e+00       9.829584780635e-14       4.748456386290e-15       1.192766860869e-15 
  461       2.757022193997e-10       1.933606123860e-12      -1.011252016336e-11       0.000000000000e+00       9.755610073877e-14       4.627008529848e-15       1.179022913230e-15 
  462       2.771810757053e-10       1.909330028927e-12      -1.014501315091e-11       0.000000000000e+00       9.682323761731e-14       4.508278228642e-15       1.165258542746e-15 
  463       2.786665367666e-10       1.885021165271e-12      -1.017269941413e-11       0.000000000000e+00       9.609721584386e-14       4.392232403393e-15       1.151474963474e-15 
  464       2.801577796488e-10       1.860692407061e-12      -1.019559650906e-11       0.000000000000e+00       9.537798994556e-14       4.278836815100e-15       1.137673397347e-15 
  465       2.816539668289e-10       1.836356827376e-12      -1.021372310477e-11       0.000000000000e+00       9.466551155437e-14       4.168056057616e-15       1.123855074180e-15 
  466       2.831542461170e-10       1.812027699199e-12      -1.022709899086e-11       0.000000000000e+00       9.395972938678e-14       4.059853550219e-15       1.110021231672e-15 
  467       2.846577505776e-10       1.787718496424e-12      -1.023574508485e-11       0.000000000000e+00       9.326058922343e-14       3.954191530179e-15       1.096173115406e-15 
  468       2.861635984503e-10       1.763442894849e-12      -1.023968343961e-11       0.000000000000e+00       9.256803388877e-14       3.851031045334e-15       1.082311978857e-15 
  469       2.876708930714e-10       1.739214773181e-12      -1.023893725078e-11       0.000000000000e+00       9.188200323069e-14       3.750331946657e-15       1.068439083387e-15 
  470       2.891787227944e-10       1.715048214033e-12      -1.023353086423e-11       0.000000000000e+00       9.120243410020e-14       3.652052880829e-15       1.054555698254e-15 
  471       2.906861609116e-10       1.690957504923e-12      -1.022348978344e-11       0.000000000000e+00       9.052926033107e-14       3.556151282809e-15       1.040663100608e-15 
  472       2.921922655749e-10       1.666957139278e-12      -1.020884067696e-11       0.000000000000e+00       8.986241271945e-14       3.462583368407e-15       1.026762575501e-15 
  473       2.936960797170e-10       1.643061817428e-12      -1.018961138583e-11       0.000000000000e+00       8.920181900356e-14       3.371304126852e-15       1.012855415883e-15 
  474       2.951966309728e-10       1.619286447610e-12      -1.016583093100e-11       0.000000000000e+00       8.854740384333e-14       3.282267313366e-15       9.989429226053e-16 
  475       2.966929315998e-10       1.595646146967e-12      -1.013752952075e-11       0.000000000000e+00       8.789908880002e-14       3.195425441732e-15       9.850264044271e-16 
  476       2.981839783998e-10       1.572156242546e-12      -1.010473855814e-11       0.000000000000e+00       8.725679231590e-14       3.110729776867e-15       9.711071780133e-16 
  477       2.996687526399e-10       1.548832272300e-12      -1.006749064842e-11       0.000000000000e+00       8.662042969389e-14       3.028130327392e-15       9.571865679385e-16 
  478       3.011462199733e-10       1.525689986086e-12      -1.002581960646e-11       0.000000000000e+00       8.598991307722e-14       2.947575838205e-15       9.432659066900e-16 
  479       3.026153303607e-10       1.502745346665e-12      -9.979760464171e-12       0.000000000000e+00       8.536515142905e-14       2.869013783048e-15       9.293465346691e-16 
  480       3.040750179914e-10       1.480014530704e-12      -9.929349477945e-12       0.000000000000e+00       8.474605051214e-14       2.792390357084e-15       9.154298001943e-16 
  481       3.055242012041e-10       1.457513929772e-12      -9.874624136070e-12       0.000000000000e+00       8.413251286853e-14       2.717650469460e-15       9.015170595031e-16 
  482       3.069617824084e-10       1.435260151342e-12      -9.815623166162e-12       0.000000000000e+00       8.352443779911e-14       2.644737735885e-15       8.876096767548e-16 
  483       3.083866480055e-10       1.413270019792e-12      -9.752386542590e-12       0.000000000000e+00       8.292172134335e-14       2.573594471199e-15       8.737090240327e-16 
  484       3.097976683098e-10       1.391560577403e-12      -9.684955493903e-12       0.000000000000e+00       8.232425625890e-14       2.504161681942e-15       8.598164813464e-16 
  485       3.111936974693e-10       1.370149085356e-12      -9.613372510259e-12       0.000000000000e+00       8.173193200126e-14       2.436379058925e-15       8.459334366342e-16 
  486       3.125735733875e-10       1.349053024740e-12      -9.537681350847e-12       0.000000000000e+00       8.114463470343e-14       2.370184969807e-15       8.320612857657e-16 
  487       3.139361176438e-10       1.328290097541e-12      -9.457927051318e-12       0.000000000000e+00       8.056224715553e-14       2.305516451655e-15       8.182014325439e-16 
  488       3.152802796505e-10       1.307876588277e-12      -9.374158263133e-12       0.000000000000e+00       7.998466800672e-14       2.242320343469e-15       8.043552201712e-16 
  489       3.166055740089e-10       1.287822393120e-12      -9.286434333219e-12       0.000000000000e+00       7.941187004168e-14       2.180587063813e-15       7.905237233950e-16 
  490       3.179116560328e-10       1.268135844587e-12      -9.194818449954e-12       0.000000000000e+00       7.884384360089e-14       2.120317825264e-15       7.767079501718e-16 
  491       3.191981786853e-10       1.248825337691e-12      -9.099375338891e-12       0.000000000000e+00       7.828057750482e-14       2.061513583670e-15       7.629089096116e-16 
  492       3.204647925721e-10       1.229899330119e-12      -9.000171271361e-12       0.000000000000e+00       7.772205904326e-14       2.004175036328e-15       7.491276119457e-16 
  493       3.217111459357e-10       1.211366342406e-12      -8.897274073074e-12       0.000000000000e+00       7.716827396458e-14       1.948302620150e-15       7.353650684947e-16 
  494       3.229368846484e-10       1.193234958111e-12      -8.790753132715e-12       0.000000000000e+00       7.661920646509e-14       1.893896509841e-15       7.216222916366e-16 
  495       3.241416522066e-10       1.175513823991e-12      -8.680679410546e-12       0.000000000000e+00       7.607483917837e-14       1.840956616073e-15       7.079002947743e-16 
  496       3.253250897238e-10       1.158211650179e-12      -8.567125447003e-12       0.000000000000e+00       7.553515316452e-14       1.789482583650e-15       6.942000923038e-16 
  497       3.264868359247e-10       1.141337210356e-12      -8.450165371296e-12       0.000000000000e+00       7.500012789955e-14       1.739473789692e-15       6.805226995821e-16 
  498       3.276265271385e-10       1.124899341929e-12      -8.329874910010e-12       0.000000000000e+00       7.446974126466e-14       1.690929341798e-15       6.668691328951e-16 
  499       3.287437972927e-10       1.108906946206e-12      -8.206331395704e-12       0.000000000000e+00       7.394396953553e-14       1.643848076225e-15       6.532404094252e-16 
  500       3.298382779068e-10       1.093368988570e-12      -8.079613775506e-12       0.000000000000e+00       7.342278737170e-14       1.598228556058e-15       6.396375472199e-16 
  501       3.309095980857e-10       1.078294498656e-12      -7.949802619721e-12       0.000000000000e+00       7.290616780582e-14       1.554069069385e-15       6.260615651590e-16 
  502       3.319573845136e-10       1.063692570524e-12      -7.816980130420e-12       0.000000000000e+00       7.239408223301e-14       1.511367627466e-15       6.125134829230e-16 
  503       3.329812614474e-10       1.049572362837e-12      -7.681230150047e-12       0.000000000000e+00       7.188650040016e-14       1.470121962912e-15       5.989943209606e-16 
  504       3.339808507104e-10       1.035943099037e-12      -7.542638170018e-12       0.000000000000e+00       7.138339039523e-14       1.430329527853e-15       5.855051004570e-16 
  505       3.349557716860e-10       1.022814067516e-12      -7.401291339314e-12       0.000000000000e+00       7.088471863661e-14       1.391987492111e-15       5.720468433016e-16 
  506       3.359056413114e-10       1.010194621797e-12      -7.257278473088e-12       0.000000000000e+00       7.039044986238e-14       1.355092741376e-15       5.586205720561e-16 
  507       3.368300740708e-10       9.980941807022e-13      -7.110690061259e-12       0.000000000000e+00       6.990054711967e-14       1.319641875377e-15       5.452273099221e-16 
  508       3.377286819898e-10       9.865222285371e-13      -6.961618277114e-12       0.000000000000e+00       6.941497175393e-14       1.285631206054e-15       5.318680807092e-16 
  509       3.386010746281e-10       9.754883152591e-13      -6.810156985907e-12       0.000000000000e+00       6.893368339832e-14       1.253056755732e-15       5.185439088030e-16 
  510       3.394468590739e-10       9.650020566557e-13      -6.656401753457e-12       0.000000000000e+00       6.845663996294e-14       1.221914255295e-15       5.052558191328e-16 
  511       3.402656399371e-10       9.550731345195e-13      -6.500449854748e-12       0.000000000000e+00       6.798379762419e-14       1.192199142356e-15       4.920048371399e-16 
  512       3.410570193433e-10       9.457112968231e-13      -6.342400282531e-12       0.000000000000e+00       6.751511081410e-14       1.163906559434e-15       4.787919887447e-16 
  513       3.418205969269e-10       9.369263578952e-13      -6.182353755919e-12       0.000000000000e+00       6.705053220961e-14       1.137031352121e-15       4.656183003158e-16 
  514       3.425559698251e-10       9.287281985953e-13      -6.020412728989e-12       0.000000000000e+00       6.659001272191e-14       1.111568067262e-15       4.524847986368e-16 
  515       3.432627326716e-10       9.211267664895e-13      -5.856681399381e-12       0.000000000000e+00       6.613350148572e-14       1.087510951121e-15       4.393925108748e-16 
  516       3.439404775900e-10       9.141320760259e-13      -5.691265716895e-12       0.000000000000e+00       6.568094584868e-14       1.064853947559e-15       4.263424645484e-16 
  517       3.445887941874e-10       9.077542087094e-13      -5.524273392096e-12       0.000000000000e+00       6.523229136058e-14       1.043590696205e-15       4.133356874950e-16 
  518       3.452072695484e-10       9.020033132779e-13      -5.355813904907e-12       0.000000000000e+00       6.478748176272e-14       1.023714530628e-15       4.003732078395e-16 
  519       3.457954882283e-10       8.968896058770e-13      -5.185998513211e-12       0.000000000000e+00       6.434645897723e-14       1.005218476511e-15       3.874560539615e-16 
  520       3.463530322469e-10       8.924233702358e-13      -5.014940261453e-12       0.000000000000e+00       6.390916309637e-14       9.880952498247e-16       3.745852544640e-16 
  521       3.468794810822e-10       8.886149578419e-13      -4.842753989235e-12       0.000000000000e+00       6.347553237184e-14       9.723372549975e-16       3.617618381403e-16 
  522       3.473744116640e-10       8.854747881171e-13      -4.669556339916e-12       0.000000000000e+00       6.304550320413e-14       9.579365830917e-16       3.489868339428e-16 
  523       3.478373983674e-10       8.830133485928e-13      -4.495465769214e-12       0.000000000000e+00       6.261901013178e-14       9.448850099743e-16       3.362612709506e-16 
  524       3.482680130066e-10       8.812411950850e-13      -4.320602553804e-12       0.000000000000e+00       6.219598582076e-14       9.331739944909e-16       3.235861783373e-16 
  525       3.486658248285e-10       8.801689518699e-13      -4.145088799917e-12       0.000000000000e+00       6.177636105371e-14       9.227946766377e-16       3.109625853390e-16 
  526       3.490304005062e-10       8.798073118594e-13      -3.969048451938e-12       0.000000000000e+00       6.136006471935e-14       9.137378757354e-16       2.983915212221e-16 
  527       3.493614003899e-10       8.801651790764e-13      -3.792598717270e-12       0.000000000000e+00       6.094703507603e-14       9.059932969988e-16       2.858740286684e-16 
  528       3.496588701947e-10       8.812440393302e-13      -3.615824063099e-12       0.000000000000e+00       6.053725390636e-14       8.995471308697e-16       2.734112043997e-16 
  529       3.499229573553e-10       8.830434344291e-13      -3.438801518492e-12       0.000000000000e+00       6.013071328478e-14       8.943843837845e-16       2.610041596117e-16 
  530       3.501538155326e-10       8.855628051948e-13      -3.261609198066e-12       0.000000000000e+00       5.972740438267e-14       8.904896616167e-16       2.486540066324e-16 
  531       3.503516046488e-10       8.888014908364e-13      -3.084326306885e-12       0.000000000000e+00       5.932731746259e-14       8.878471675087e-16       2.363618588953e-16 
  532       3.505164909227e-10       8.927587283246e-13      -2.907033145355e-12       0.000000000000e+00       5.893044187243e-14       8.864406997029e-16       2.241288309138e-16 
  533       3.506486469045e-10       8.974336517659e-13      -2.729811114128e-12       0.000000000000e+00       5.853676603961e-14       8.862536493735e-16       2.119560382545e-16 
  534       3.507482515114e-10       9.028252917770e-13      -2.552742718994e-12       0.000000000000e+00       5.814627746521e-14       8.872689984579e-16       1.998445975110e-16 
  535       3.508154900624e-10       9.089325748590e-13      -2.375911575780e-12       0.000000000000e+00       5.775896271821e-14       8.894693174882e-16       1.877956262774e-16 
  536       3.508505543134e-10       9.157543227714e-13      -2.199402415249e-12       0.000000000000e+00       5.737480742962e-14       8.928367634226e-16       1.758102431224e-16 
  537       3.508536424926e-10       9.232892519065e-13      -2.023301087996e-12       0.000000000000e+00       5.699379628667e-14       8.973530774772e-16       1.638895675628e-16 
  538       3.508249593356e-10       9.315359726637e-13      -1.847694569346e-12       0.000000000000e+00       5.661591302702e-14       9.029995829574e-16       1.520347200369e-16 
  539       3.507647161203e-10       9.404929888236e-13      -1.672670964252e-12       0.000000000000e+00       5.624114043288e-14       9.097571830889e-16       1.402468218788e-16 
  540       3.506731307023e-10       9.501586969221e-13      -1.498319512191e-12       0.000000000000e+00       5.586946032522e-14       9.176063588501e-16       1.285269952915e-16 
  541       3.505504275500e-10       9.605313856250e-13      -1.324730592062e-12       0.000000000000e+00       5.550085355797e-14       9.265271668028e-16       1.168763633210e-16 
  542       3.503968377797e-10       9.716092351018e-13      -1.151995727088e-12       0.000000000000e+00       5.513530001215e-14       9.364992369243e-16       1.052960498300e-16 
  543       3.502125991904e-10       9.833903164004e-13      -9.802075897047e-13       0.000000000000e+00       5.477277859008e-14       9.475017704385e-16       9.378717947121e-17 
  544       3.499979562998e-10       9.958725908209e-13      -8.094600064668e-13       0.000000000000e+00       5.441326720954e-14       9.595135376474e-16       8.235087766148e-17 
  545       3.497531603786e-10       1.009053909290e-12      -6.398479629400e-13       0.000000000000e+00       5.405674279797e-14       9.725128757630e-16       7.098827055526e-17 
  546       3.494784694859e-10       1.022932011735e-12      -4.714676086008e-13       0.000000000000e+00       5.370318128663e-14       9.864776867385e-16       5.970048501840e-17 
  547       3.491741485045e-10       1.037504526459e-12      -3.044162617335e-13       0.000000000000e+00       5.335255760477e-14       1.001385435100e-15       4.848864860180e-17 
  548       3.488404691761e-10       1.052768969513e-12      -1.387924143280e-13       0.000000000000e+00       5.300484567382e-14       1.017213145777e-15       3.735388951512e-17 
  549       3.484777101361e-10       1.068722744072e-12       2.530426302296e-14       0.000000000000e+00       5.266001840159e-14       1.033937401936e-15       2.629733660048e-17 
  550       3.480861569489e-10       1.085363139811e-12       1.877729162262e-13       0.000000000000e+00       5.231804767640e-14       1.051534342809e-15       1.532011930618e-17 
  551       3.476661021432e-10       1.102687332273e-12       3.485115027903e-13       0.000000000000e+00       5.197890436130e-14       1.069979661530e-15       4.423367660359e-18 
  552       3.472178452469e-10       1.120692382250e-12       5.074167869284e-13       0.000000000000e+00       5.164255828821e-14       1.089248602960e-15      -6.391787755271e-18 
  553       3.467416928224e-10       1.139375235153e-12       6.643843346604e-13       0.000000000000e+00       5.130897825214e-14       1.109315961523e-15      -1.712421583175e-17 
  554       3.462379585017e-10       1.158732720389e-12       8.193085089155e-13       0.000000000000e+00       5.097813200532e-14       1.130156079036e-15      -2.777278495915e-17 
  555       3.457069630216e-10       1.178761550732e-12       9.720824646348e-13       0.000000000000e+00       5.064998625143e-14       1.151742842541e-15      -3.833636305291e-17 
  556       3.451490342585e-10       1.199458321701e-12       1.122598143873e-12       0.000000000000e+00       5.032450663973e-14       1.174049682137e-15      -4.881381758008e-17 
  557       3.445645072643e-10       1.220819510931e-12       1.270746270903e-12       0.000000000000e+00       5.000165775928e-14       1.197049568810e-15      -5.920401558570e-17 
  558       3.439537243005e-10       1.242841477548e-12       1.416416347316e-12       0.000000000000e+00       4.968140313307e-14       1.220715012265e-15      -6.950582371902e-17 
  559       3.433170348744e-10       1.265520461546e-12       1.559496647123e-12       0.000000000000e+00       4.936370521224e-14       1.245018058758e-15      -7.971810825987e-17 
  560       3.426547957735e-10       1.288852583157e-12       1.699874211862e-12       0.000000000000e+00       4.904852537025e-14       1.269930288928e-15      -8.983973514490e-17 
  561       3.419673711009e-10       1.312833842228e-12       1.837434845696e-12       0.000000000000e+00       4.873582389702e-14       1.295422815627e-15      -9.986956999395e-17 
  562       3.412551323105e-10       1.337460117594e-12       1.972063110518e-12       0.000000000000e+00       4.842555999316e-14       1.321466281753e-15      -1.098064781363e-16 
  563       3.405184582419e-10       1.362727166453e-12       2.103642321049e-12       0.000000000000e+00       4.811769176413e-14       1.348030858080e-15      -1.196493246369e-16 
  564       3.397577351559e-10       1.388630623739e-12       2.232054539949e-12       0.000000000000e+00       4.781217621439e-14       1.375086241090e-15      -1.293969743229e-16 
  565       3.389733567695e-10       1.415166001500e-12       2.357180572912e-12       0.000000000000e+00       4.750896924162e-14       1.402601650807e-15      -1.390482918098e-16 
  566       3.381657354336e-10       1.442327835149e-12       2.478914292231e-12       0.000000000000e+00       4.720803235988e-14       1.430548891562e-15      -1.486023753917e-16 
  567       3.373353359120e-10       1.470107099381e-12       2.597206022343e-12       0.000000000000e+00       4.690935307105e-14       1.458911625234e-15      -1.580592652713e-16 
  568       3.364826425411e-10       1.498493724544e-12       2.712020260773e-12       0.000000000000e+00       4.661292500596e-14       1.487676332296e-15      -1.674192536022e-16 
  569       3.356081482045e-10       1.527477442798e-12       2.823321451127e-12       0.000000000000e+00       4.631874123959e-14       1.516829269446e-15      -1.766826523869e-16 
  570       3.347123543731e-10       1.557047787171e-12       2.931073983555e-12       0.000000000000e+00       4.602679428765e-14       1.546356468582e-15      -1.858497935910e-16 
  571       3.337957711436e-10       1.587194090615e-12       3.035242195208e-12       0.000000000000e+00       4.573707610335e-14       1.576243735781e-15      -1.949210292561e-16 
  572       3.328589172782e-10       1.617905485057e-12       3.135790370700e-12       0.000000000000e+00       4.544957807408e-14       1.606476650273e-15      -2.038967316143e-16 
  573       3.319023202440e-10       1.649170900460e-12       3.232682742566e-12       0.000000000000e+00       4.516429101810e-14       1.637040563418e-15      -2.127772932016e-16 
  574       3.309265162521e-10       1.680979063875e-12       3.325883491725e-12       0.000000000000e+00       4.488120518120e-14       1.667920597686e-15      -2.215631269719e-16 
  575       3.299320502970e-10       1.713318498495e-12       3.415356747938e-12       0.000000000000e+00       4.460031023346e-14       1.699101645630e-15      -2.302546664103e-16 
  576       3.289194761959e-10       1.746177522715e-12       3.501066590269e-12       0.000000000000e+00       4.432159526590e-14       1.730568368866e-15      -2.388523656473e-16 
  577       3.278893566280e-10       1.779544249180e-12       3.582977047547e-12       0.000000000000e+00       4.404504878715e-14       1.762305197046e-15      -2.473566995724e-16 
  578       3.268422631737e-10       1.813406583849e-12       3.661052098821e-12       0.000000000000e+00       4.377065872023e-14       1.794296326840e-15      -2.557681639476e-16 
  579       3.257787763542e-10       1.847752225042e-12       3.735255673828e-12       0.000000000000e+00       4.349841239915e-14       1.826525720907e-15      -2.640872755217e-16 
  580       3.246994856705e-10       1.882568662500e-12       3.805551653444e-12       0.000000000000e+00       4.322829656566e-14       1.858977106876e-15      -2.723145721435e-16 
  581       3.236049896428e-10       1.917843176440e-12       3.871903870153e-12       0.000000000000e+00       4.296029736591e-14       1.891633976321e-15      -2.804506128758e-16 
  582       3.224958958500e-10       1.953562836608e-12       3.934276108501e-12       0.000000000000e+00       4.269440034719e-14       1.924479583740e-15      -2.884959781091e-16 
  583       3.213728209687e-10       1.989714501337e-12       3.992632105558e-12       0.000000000000e+00       4.243059045458e-14       1.957496945527e-15      -2.964512696754e-16 
  584       3.202363908127e-10       2.026284816599e-12       4.046935551382e-12       0.000000000000e+00       4.216885202764e-14       1.990668838956e-15      -3.043171109620e-16 
  585       3.190872403724e-10       2.063260215062e-12       4.097150089471e-12       0.000000000000e+00       4.190916879716e-14       2.023977801148e-15      -3.120941470249e-16 
  586       3.179260138538e-10       2.100626915147e-12       4.143239317231e-12       0.000000000000e+00       4.165152388179e-14       2.057406128060e-15      -3.197830447031e-16 
  587       3.167533647181e-10       2.138370920080e-12       4.185166786433e-12       0.000000000000e+00       4.139589978477e-14       2.090935873449e-15      -3.273844927318e-16 
  588       3.155699557207e-10       2.176478016950e-12       4.222896003671e-12       0.000000000000e+00       4.114227839061e-14       2.124548847861e-15      -3.348992018566e-16 
  589       3.143764589509e-10       2.214933775760e-12       4.256390430829e-12       0.000000000000e+00       4.089064096179e-14       2.158226617598e-15      -3.423279049470e-16 
  590       3.131735558711e-10       2.253723548489e-12       4.285613485532e-12       0.000000000000e+00       4.064096813545e-14       2.191950503699e-15      -3.496713571102e-16 
  591       3.119619373557e-10       2.292832468140e-12       4.310528541613e-12       0.000000000000e+00       4.039323992010e-14       2.225701580918e-15      -3.569303358048e-16 
  592       3.107423037310e-10       2.332245447800e-12       4.331098929572e-12       0.000000000000e+00       4.014743569227e-14       2.259460676699e-15      -3.641056409546e-16 
  593       3.095153648141e-10       2.371947179695e-12       4.347287937034e-12       0.000000000000e+00       3.990353419327e-14       2.293208370153e-15      -3.711980950625e-16 
  594       3.082818399524e-10       2.411922134241e-12       4.359058809210e-12       0.000000000000e+00       3.966151352582e-14       2.326924991034e-15      -3.782085433238e-16 
  595       3.070424580628e-10       2.452154559104e-12       4.366374749361e-12       0.000000000000e+00       3.942135115077e-14       2.360590618718e-15      -3.851378537405e-16 
  596       3.057979576712e-10       2.492628478255e-12       4.369198919250e-12       0.000000000000e+00       3.918302388381e-14       2.394185081178e-15      -3.919869172347e-16 
  597       3.045490869514e-10       2.533327691020e-12       4.367494439610e-12       0.000000000000e+00       3.894650789215e-14       2.427687953961e-15      -3.987566477625e-16 
  598       3.032966037650e-10       2.574235771143e-12       4.361224390602e-12       0.000000000000e+00       3.871177869120e-14       2.461078559165e-15      -4.054479824275e-16 
  599       3.020412757002e-10       2.615336065834e-12       4.350351812273e-12       0.000000000000e+00       3.847881114128e-14       2.494335964419e-15      -4.120618815950e-16 
  600       3.007838801112e-10       2.656611694829e-12       4.334839705017e-12       0.000000000000e+00       3.824757944430e-14       2.527438981852e-15      -4.185993290053e-16 
  601       2.995252041580e-10       2.698045549442e-12       4.314651030038e-12       0.000000000000e+00       3.801805714050e-14       2.560366167078e-15      -4.250613318877e-16 
  602       2.982660448448e-10       2.739620291624e-12       4.289748709806e-12       0.000000000000e+00       3.779021710507e-14       2.593095818168e-15      -4.314489210741e-16 
  603       2.970072090601e-10       2.781318353015e-12       4.260095628520e-12       0.000000000000e+00       3.756403154489e-14       2.625605974628e-15      -4.377631511129e-16 
  604       2.957495136159e-10       2.823121934000e-12       4.225654632569e-12       0.000000000000e+00       3.733947199523e-14       2.657874416377e-15      -4.440051003828e-16 
  605       2.944937216336e-10       2.865013831457e-12       4.186399909519e-12       0.000000000000e+00       3.711651352164e-14       2.689883204243e-15      -4.501755313672e-16 
  606       2.932403499423e-10       2.906979945799e-12       4.142351425086e-12       0.000000000000e+00       3.689514744360e-14       2.721632423603e-15      -4.562738622640e-16 
  607       2.919898571207e-10       2.949006832436e-12       4.093541316294e-12       0.000000000000e+00       3.667536891071e-14       2.753126769660e-15      -4.622991708379e-16 
  608       2.907427067487e-10       2.991080877868e-12       4.040002592168e-12       0.000000000000e+00       3.645717272329e-14       2.784371036336e-15      -4.682505320206e-16 
  609       2.894993674262e-10       3.033188299017e-12       3.981769137918e-12       0.000000000000e+00       3.624055333047e-14       2.815370116735e-15      -4.741270179135e-16 
  610       2.882603127910e-10       3.075315142550e-12       3.918875719129e-12       0.000000000000e+00       3.602550482819e-14       2.846129003606e-15      -4.799276977898e-16 
  611       2.870260215378e-10       3.117447284208e-12       3.851357985940e-12       0.000000000000e+00       3.581202095736e-14       2.876652789807e-15      -4.856516380973e-16 
  612       2.857969774364e-10       3.159570428129e-12       3.779252477231e-12       0.000000000000e+00       3.560009510188e-14       2.906946668771e-15      -4.912979024611e-16 
  613       2.845736693500e-10       3.201670106178e-12       3.702596624806e-12       0.000000000000e+00       3.538972028669e-14       2.937015934962e-15      -4.968655516858e-16 
  614       2.833565912543e-10       3.243731677273e-12       3.621428757580e-12       0.000000000000e+00       3.518088917589e-14       2.966865984348e-15      -5.023536437579e-16 
  615       2.821462422553e-10       3.285740326709e-12       3.535788105759e-12       0.000000000000e+00       3.497359407078e-14       2.996502314855e-15      -5.077612338489e-16 
  616       2.809431266081e-10       3.327681065487e-12       3.445714805031e-12       0.000000000000e+00       3.476782690795e-14       3.025930526836e-15      -5.130873743172e-16 
  617       2.797477537354e-10       3.369538729639e-12       3.351249900743e-12       0.000000000000e+00       3.456357925732e-14       3.055156323532e-15      -5.183311147109e-16 
  618       2.785606382459e-10       3.411297979556e-12       3.252435352091e-12       0.000000000000e+00       3.436084232024e-14       3.084185511537e-15      -5.234915017704e-16 
  619       2.773822999527e-10       3.452943299311e-12       3.149314036302e-12       0.000000000000e+00       3.415960692754e-14       3.113024001259e-15      -5.285675794307e-16 
  620       2.762132638919e-10       3.494458995990e-12       3.041929752820e-12       0.000000000000e+00       3.395986353761e-14       3.141677807386e-15      -5.335583888241e-16 
  621       2.750540603411e-10       3.535829199016e-12       2.930327227488e-12       0.000000000000e+00       3.376160223448e-14       3.170153049346e-15      -5.384629682826e-16 
  622       2.739052248375e-10       3.577037859475e-12       2.814552116735e-12       0.000000000000e+00       3.356481272588e-14       3.198455951773e-15      -5.432803533405e-16 
  623       2.727672981971e-10       3.618068749446e-12       2.694651011759e-12       0.000000000000e+00       3.336948434127e-14       3.226592844968e-15      -5.480095767367e-16 
  624       2.716408265324e-10       3.658905461320e-12       2.570671442710e-12       0.000000000000e+00       3.317560603001e-14       3.254570165365e-15      -5.526496684176e-16 
  625       2.705263612715e-10       3.699531407135e-12       2.442661882880e-12       0.000000000000e+00       3.298316635933e-14       3.282394455992e-15      -5.571996555393e-16 
  626       2.694244591761e-10       3.739929817897e-12       2.310671752880e-12       0.000000000000e+00       3.279215351244e-14       3.310072366936e-15      -5.616585624703e-16 
  627       2.683356823602e-10       3.780083742909e-12       2.174751424831e-12       0.000000000000e+00       3.260255528661e-14       3.337610655804e-15      -5.660254107939e-16 
  628       2.672605983087e-10       3.819976049095e-12       2.034952226543e-12       0.000000000000e+00       3.241435909124e-14       3.365016188189e-15      -5.702992193107e-16 
  629       2.661997798955e-10       3.859589420331e-12       1.891326445705e-12       0.000000000000e+00       3.222755194591e-14       3.392295938130e-15      -5.744790040413e-16 
  630       2.651538054024e-10       3.898906356766e-12       1.743927334063e-12       0.000000000000e+00       3.204212047845e-14       3.419456988579e-15      -5.785637782285e-16 
  631       2.641232585373e-10       3.937909174151e-12       1.592809111611e-12       0.000000000000e+00       3.185805092304e-14       3.446506531861e-15      -5.825525523403e-16 
  632       2.631087284526e-10       3.976580003167e-12       1.438026970770e-12       0.000000000000e+00       3.167532911824e-14       3.473451870140e-15      -5.864443340719e-16 
  633       2.621108097640e-10       4.014900788747e-12       1.279637080577e-12       0.000000000000e+00       3.149394050512e-14       3.500300415881e-15      -5.902381283485e-16 
  634       2.611301025688e-10       4.052853289410e-12       1.117696590866e-12       0.000000000000e+00       3.131387012525e-14       3.527059692311e-15      -5.939329373277e-16 
  635       2.601672124644e-10       4.090419076579e-12       9.522636364535e-13       0.000000000000e+00       3.113510261882e-14       3.553737333886e-15      -5.975277604023e-16 
  636       2.592227505664e-10       4.127579533912e-12       7.833973413238e-13       0.000000000000e+00       3.095762222273e-14       3.580341086754e-15      -6.010215942024e-16 
  637       2.582973335279e-10       4.164315856628e-12       6.111578228125e-13       0.000000000000e+00       3.078141276860e-14       3.606878809215e-15      -6.044134325981e-16 
  638       2.573915835572e-10       4.200609050834e-12       4.356061957915e-13       0.000000000000e+00       3.060645768088e-14       3.633358472188e-15      -6.077022667021e-16 
  639       2.565061284367e-10       4.236439932849e-12       2.568045768530e-13       0.000000000000e+00       3.043273997493e-14       3.659788159670e-15      -6.108870848722e-16 
  640       2.556416015412e-10       4.271789128534e-12       7.481608849443e-14       0.000000000000e+00       3.026024225506e-14       3.686176069205e-15      -6.139668727137e-16 
  641       2.547986418563e-10       4.306637072616e-12      -1.102951366977e-13       0.000000000000e+00       3.008894671260e-14       3.712530512342e-15      -6.169406130819e-16 
  642       2.539778939972e-10       4.340964008014e-12      -2.984639518628e-13       0.000000000000e+00       2.991883512402e-14       3.738859915101e-15      -6.198072860849e-16 
  643       2.531800082268e-10       4.374749985168e-12      -4.896241916821e-13       0.000000000000e+00       2.974988884892e-14       3.765172818435e-15      -6.225658690857e-16 
  644       2.524055513146e-10       4.407976973035e-12      -6.837069861135e-13       0.000000000000e+00       2.958209147841e-14       3.791475230512e-15      -6.252156569128e-16 
  645       2.516547368604e-10       4.440635245900e-12      -8.806356681752e-13       0.000000000000e+00       2.941543684975e-14       3.817762616827e-15      -6.277572304408e-16 
  646       2.509276889043e-10       4.472717139772e-12      -1.080330742650e-12       0.000000000000e+00       2.924992120921e-14       3.844027729740e-15      -6.301915099337e-16 
  647       2.502245305265e-10       4.504214953729e-12      -1.282711553072e-12       0.000000000000e+00       2.908554057715e-14       3.870263239944e-15      -6.325194369167e-16 
  648       2.495453838403e-10       4.535120949857e-12      -1.487696277056e-12       0.000000000000e+00       2.892229074679e-14       3.896461736168e-15      -6.347419742711e-16 
  649       2.488903699845e-10       4.565427353187e-12      -1.695201921626e-12       0.000000000000e+00       2.876016728313e-14       3.922615724872e-15      -6.368601063295e-16 
  650       2.482596091165e-10       4.595126351629e-12      -1.905144318547e-12       0.000000000000e+00       2.859916552171e-14       3.948717629947e-15      -6.388748389704e-16 
  651       2.476532204047e-10       4.624210095913e-12      -2.117438119655e-12       0.000000000000e+00       2.843928056746e-14       3.974759792412e-15      -6.407871997136e-16 
  652       2.470713220214e-10       4.652670699520e-12      -2.331996792182e-12       0.000000000000e+00       2.828050729357e-14       4.000734470112e-15      -6.425982378153e-16 
  653       2.465140311355e-10       4.680500238622e-12      -2.548732614092e-12       0.000000000000e+00       2.812284034031e-14       4.026633837417e-15      -6.443090243626e-16 
  654       2.459814639050e-10       4.707690752019e-12      -2.767556669404e-12       0.000000000000e+00       2.796627411384e-14       4.052449984921e-15      -6.459206523691e-16 
  655       2.454737354701e-10       4.734234241073e-12      -2.988378843529e-12       0.000000000000e+00       2.781080278509e-14       4.078174919138e-15      -6.474342368697e-16 
  656       2.449909599456e-10       4.760122669646e-12      -3.211107818592e-12       0.000000000000e+00       2.765642028856e-14       4.103800562203e-15      -6.488509150154e-16 
  657       2.445332504136e-10       4.785347964036e-12      -3.435651068768e-12       0.000000000000e+00       2.750312032116e-14       4.129318751567e-15      -6.501718461687e-16 
  658       2.441007189165e-10       4.809902012914e-12      -3.661914855607e-12       0.000000000000e+00       2.735089634107e-14       4.154721239700e-15      -6.513982119983e-16 
  659       2.436934764496e-10       4.833776667260e-12      -3.889804223366e-12       0.000000000000e+00       2.719974156656e-14       4.179999693783e-15      -6.525312165746e-16 
  660       2.433116329537e-10       4.856963740302e-12      -4.119222994338e-12       0.000000000000e+00       2.704964897481e-14       4.205145695411e-15      -6.535720864640e-16 
  661       2.429552973078e-10       4.879455007446e-12      -4.350073764182e-12       0.000000000000e+00       2.690061130078e-14       4.230150740289e-15      -6.545220708244e-16 
  662       2.426245773220e-10       4.901242206221e-12      -4.582257897254e-12       0.000000000000e+00       2.675262103602e-14       4.255006237932e-15      -6.553824415005e-16 
  663       2.423195797301e-10       4.922317036208e-12      -4.815675521930e-12       0.000000000000e+00       2.660567042752e-14       4.279703511362e-15      -6.561544931179e-16 
  664       2.420404101824e-10       4.942671158982e-12      -5.050225525946e-12       0.000000000000e+00       2.645975147653e-14       4.304233796806e-15      -6.568395431792e-16 
  665       2.417871732383e-10       4.962296198045e-12      -5.285805551719e-12       0.000000000000e+00       2.631485593741e-14       4.328588243393e-15      -6.574389321581e-16 
  666       2.415599723591e-10       4.981183738766e-12      -5.522311991681e-12       0.000000000000e+00       2.617097531645e-14       4.352757912858e-15      -6.579540235951e-16 
  667       2.413589099007e-10       4.999325328312e-12      -5.759639983607e-12       0.000000000000e+00       2.602810087075e-14       4.376733779231e-15      -6.583862041922e-16 
  668       2.411840871062e-10       5.016712475590e-12      -5.997683405943e-12       0.000000000000e+00       2.588622360699e-14       4.400506728545e-15      -6.587368839079e-16 
  669       2.410356040989e-10       5.033336651181e-12      -6.236334873142e-12       0.000000000000e+00       2.574533428031e-14       4.424067558527e-15      -6.590074960524e-16 
  670       2.409135598748e-10       5.049189287277e-12      -6.475485730986e-12       0.000000000000e+00       2.560542339314e-14       4.447406978298e-15      -6.591994973823e-16 
  671       2.408180522953e-10       5.064261777617e-12      -6.715026051918e-12       0.000000000000e+00       2.546648119402e-14       4.470515608075e-15      -6.593143681962e-16 
  672       2.407491780799e-10       5.078545477424e-12      -6.954844630376e-12       0.000000000000e+00       2.532849767645e-14       4.493383978863e-15      -6.593536124290e-16 
  673       2.407070327992e-10       5.092031703341e-12      -7.194828978115e-12       0.000000000000e+00       2.519146257774e-14       4.516002532159e-15      -6.593187577476e-16 
  674       2.406917108672e-10       5.104711733368e-12      -7.434865319544e-12       0.000000000000e+00       2.505536537779e-14       4.538361619646e-15      -6.592113556454e-16 
  675       2.407033055345e-10       5.116576806800e-12      -7.674838587051e-12       0.000000000000e+00       2.492019529801e-14       4.560451502894e-15      -6.590329815377e-16 
  676       2.407419088805e-10       5.127618124159e-12      -7.914632416333e-12       0.000000000000e+00       2.478594130007e-14       4.582262353056e-15      -6.587852348563e-16 
  677       2.408076118064e-10       5.137826847136e-12      -8.154129141727e-12       0.000000000000e+00       2.465259208480e-14       4.603784250570e-15      -6.584697391451e-16 
  678       2.409005040280e-10       5.147194098524e-12      -8.393209791539e-12       0.000000000000e+00       2.452013609099e-14       4.625007184850e-15      -6.580881421546e-16 
  679       2.410206740682e-10       5.155710962154e-12      -8.631754083376e-12       0.000000000000e+00       2.438856149424e-14       4.645921053994e-15      -6.576421159371e-16 
  680       2.411682092498e-10       5.163368482835e-12      -8.869640419469e-12       0.000000000000e+00       2.425785620580e-14       4.666515664474e-15      -6.571333569419e-16 
  681       2.413431956883e-10       5.170157666287e-12      -9.106745882011e-12       0.000000000000e+00       2.412800787140e-14       4.686780730837e-15      -6.565635861101e-16 
  682       2.415457182846e-10       5.176069479080e-12      -9.342946228480e-12       0.000000000000e+00       2.399900387006e-14       4.706705875406e-15      -6.559345489696e-16 
  683       2.417758022135e-10       5.181096973075e-12      -9.578124673645e-12       0.000000000000e+00       2.387083306272e-14       4.726282287886e-15      -6.552477051726e-16 
  684       2.420332360347e-10       5.185241708645e-12      -9.812198450756e-12       0.000000000000e+00       2.374349108114e-14       4.745507743687e-15      -6.545032896419e-16 
  685       2.423177447918e-10       5.188507468439e-12      -1.004509280808e-11       0.000000000000e+00       2.361697514959e-14       4.764381692125e-15      -6.537012315723e-16 
  686       2.426290481520e-10       5.190898145770e-12      -1.027673227116e-11       0.000000000000e+00       2.349128234457e-14       4.782903606338e-15      -6.528414631880e-16 
  687       2.429668603837e-10       5.192417745099e-12      -1.050704064040e-11       0.000000000000e+00       2.336640959414e-14       4.801072983403e-15      -6.519239197586e-16 
  688       2.433308903345e-10       5.193070382516e-12      -1.073594098866e-11       0.000000000000e+00       2.324235367718e-14       4.818889344470e-15      -6.509485396140e-16 
  689       2.437208414085e-10       5.192860286224e-12      -1.096335565884e-11       0.000000000000e+00       2.311911122266e-14       4.836352234877e-15      -6.499152641598e-16 
  690       2.441364115444e-10       5.191791797020e-12      -1.118920626145e-11       0.000000000000e+00       2.299667870898e-14       4.853461224284e-15      -6.488240378924e-16 
  691       2.445772931928e-10       5.189869368777e-12      -1.141341367223e-11       0.000000000000e+00       2.287505246319e-14       4.870215906790e-15      -6.476748084143e-16 
  692       2.450431732941e-10       5.187097568928e-12      -1.163589802970e-11       0.000000000000e+00       2.275422866033e-14       4.886615901061e-15      -6.464675264494e-16 
  693       2.455337332562e-10       5.183481078945e-12      -1.185657873277e-11       0.000000000000e+00       2.263420332269e-14       4.902660850456e-15      -6.452021458583e-16 
  694       2.460486489323e-10       5.179024694825e-12      -1.207537443831e-11       0.000000000000e+00       2.251497231908e-14       4.918350423148e-15      -6.438786236533e-16 
  695       2.465875905980e-10       5.173733327568e-12      -1.229220305877e-11       0.000000000000e+00       2.239653136415e-14       4.933684312251e-15      -6.424969200141e-16 
  696       2.471502229299e-10       5.167612003664e-12      -1.250698175973e-11       0.000000000000e+00       2.227887601765e-14       4.948662235943e-15      -6.410569983025e-16 
  697       2.477362049825e-10       5.160665865571e-12      -1.271962695748e-11       0.000000000000e+00       2.216200168373e-14       4.963283937595e-15      -6.395588250781e-16 
  698       2.483451901664e-10       5.152900172200e-12      -1.293005431667e-11       0.000000000000e+00       2.204590361020e-14       4.977549185889e-15      -6.380023701133e-16 
  699       2.489768262256e-10       5.144320299397e-12      -1.313817874781e-11       0.000000000000e+00       2.193057688787e-14       4.991457774947e-15      -6.363876064087e-16 
  700       2.496307552155e-10       5.134931740421e-12      -1.334391440492e-11       0.000000000000e+00       2.181601644976e-14       5.005009524453e-15      -6.347145102083e-16 
  701       2.503066134806e-10       5.124740106434e-12      -1.354717468310e-11       0.000000000000e+00       2.170221707046e-14       5.018204279782e-15      -6.329830610147e-16 
  702       2.510040316317e-10       5.113751126975e-12      -1.374787221611e-11       0.000000000000e+00       2.158917336534e-14       5.031041912120e-15      -6.311932416043e-16 
  703       2.517226345243e-10       5.101970650449e-12      -1.394591887395e-11       0.000000000000e+00       2.147687978990e-14       5.043522318589e-15      -6.293450380428e-16 
  704       2.524620412357e-10       5.089404644605e-12      -1.414122576047e-11       0.000000000000e+00       2.136533063905e-14       5.055645422376e-15      -6.274384397001e-16 
  705       2.532218650432e-10       5.076059197020e-12      -1.433370321092e-11       0.000000000000e+00       2.125452004632e-14       5.067411172850e-15      -6.254734392660e-16 
  706       2.540017134012e-10       5.061940515580e-12      -1.452326078959e-11       0.000000000000e+00       2.114444198326e-14       5.078819545697e-15      -6.234500327650e-16 
  707       2.548011879194e-10       5.047054928963e-12      -1.470980728734e-11       0.000000000000e+00       2.103509025864e-14       5.089870543033e-15      -6.213682195718e-16 
  708       2.556198843404e-10       5.031408887121e-12      -1.489325071923e-11       0.000000000000e+00       2.092645851774e-14       5.100564193537e-15      -6.192280024264e-16 
  709       2.564573925169e-10       5.015008961764e-12      -1.507349832208e-11       0.000000000000e+00       2.081854024170e-14       5.110900552573e-15      -6.170293874496e-16 
  710       2.573132963902e-10       4.997861846839e-12      -1.525045655206e-11       0.000000000000e+00       2.071132874673e-14       5.120879702314e-15      -6.147723841581e-16 
  711       2.581871739672e-10       4.979974359015e-12      -1.542403108230e-11       0.000000000000e+00       2.060481718344e-14       5.130501751868e-15      -6.124570054796e-16 
  712       2.590785972984e-10       4.961353438162e-12      -1.559412680044e-11       0.000000000000e+00       2.049899853612e-14       5.139766837399e-15      -6.100832677683e-16 
  713       2.599871324558e-10       4.942006147837e-12      -1.576064780625e-11       0.000000000000e+00       2.039386562200e-14       5.148675122257e-15      -6.076511908200e-16 
  714       2.609123395099e-10       4.921939675764e-12      -1.592349740919e-11       0.000000000000e+00       2.028941109057e-14       5.157226797100e-15      -6.051607978876e-16 
  715       2.618537725081e-10       4.901161334318e-12      -1.608257812602e-11       0.000000000000e+00       2.018562742284e-14       5.165422080017e-15      -6.026121156958e-16 
  716       2.628109794522e-10       4.879678561003e-12      -1.623779167836e-11       0.000000000000e+00       2.008250693062e-14       5.173261216653e-15      -6.000051744570e-16 
  717       2.637835022756e-10       4.857498918939e-12      -1.638903899031e-11       0.000000000000e+00       1.998004175586e-14       5.180744480339e-15      -5.973400078862e-16 
  718       2.647708768219e-10       4.834630097342e-12      -1.653622018601e-11       0.000000000000e+00       1.987822386986e-14       5.187872172208e-15      -5.946166532162e-16 
  719       2.657726328217e-10       4.811079912008e-12      -1.667923458723e-11       0.000000000000e+00       1.977704507259e-14       5.194644621326e-15      -5.918351512130e-16 
  720       2.667882938708e-10       4.786856305791e-12      -1.681798071096e-11       0.000000000000e+00       1.967649699200e-14       5.201062184815e-15      -5.889955461911e-16 
  721       2.678173774078e-10       4.761967349090e-12      -1.695235626702e-11       0.000000000000e+00       1.957657108326e-14       5.207125247975e-15      -5.860978860286e-16 
  722       2.688593986523e-10       4.736422033607e-12      -1.708227183586e-11       0.000000000000e+00       1.947725977232e-14       5.212834813684e-15      -5.831423424958e-16 
  723       2.699138825521e-10       4.710232670249e-12      -1.720769221010e-11       0.000000000000e+00       1.937855991337e-14       5.218194283397e-15      -5.801295748767e-16 
  724       2.709803520331e-10       4.683412540615e-12      -1.732859588332e-11       0.000000000000e+00       1.928046939980e-14       5.223207712366e-15      -5.770603737225e-16 
  725       2.720583240394e-10       4.655975108772e-12      -1.744496144614e-11       0.000000000000e+00       1.918298602580e-14       5.227879223889e-15      -5.739355412466e-16 
  726       2.731473095118e-10       4.627934021916e-12      -1.755676758695e-11       0.000000000000e+00       1.908610748597e-14       5.232213009565e-15      -5.707558913673e-16 
  727       2.742468133664e-10       4.599303111039e-12      -1.766399309266e-11       0.000000000000e+00       1.898983137480e-14       5.236213329560e-15      -5.675222497506e-16 
  728       2.753563344730e-10       4.570096391594e-12      -1.776661684944e-11       0.000000000000e+00       1.889415518625e-14       5.239884512863e-15      -5.642354538536e-16 
  729       2.764753656343e-10       4.540328064154e-12      -1.786461784339e-11       0.000000000000e+00       1.879907631332e-14       5.243230957549e-15      -5.608963529668e-16 
  730       2.776033935636e-10       4.510012515086e-12      -1.795797516136e-11       0.000000000000e+00       1.870459204754e-14       5.246257131037e-15      -5.575058082576e-16 
  731       2.787398988644e-10       4.479164317207e-12      -1.804666799160e-11       0.000000000000e+00       1.861069957859e-14       5.248967570348e-15      -5.540646928127e-16 
  732       2.798843560082e-10       4.447798230453e-12      -1.813067562457e-11       0.000000000000e+00       1.851739599377e-14       5.251366882371e-15      -5.505738916813e-16 
  733       2.810362333134e-10       4.415929202543e-12      -1.820997745358e-11       0.000000000000e+00       1.842467827763e-14       5.253459744119e-15      -5.470343019178e-16 
  734       2.821949929239e-10       4.383572369643e-12      -1.828455297562e-11       0.000000000000e+00       1.833254331145e-14       5.255250902987e-15      -5.434468326251e-16 
  735       2.833600907880e-10       4.350743057029e-12      -1.835438179200e-11       0.000000000000e+00       1.824098787282e-14       5.256745177020e-15      -5.398124049970e-16 
  736       2.845309766362e-10       4.317456779756e-12      -1.841944360916e-11       0.000000000000e+00       1.815000863520e-14       5.257947455162e-15      -5.361319523615e-16 
  737       2.857070939607e-10       4.283729243319e-12      -1.847971823934e-11       0.000000000000e+00       1.805960216743e-14       5.258862697527e-15      -5.324064202235e-16 
  738       2.868878799934e-10       4.249576344317e-12      -1.853518560134e-11       0.000000000000e+00       1.796976493332e-14       5.259495935651e-15      -5.286367663078e-16 
  739       2.880727656847e-10       4.215014171122e-12      -1.858582572127e-11       0.000000000000e+00       1.788049329118e-14       5.259852272757e-15      -5.248239606020e-16 
  740       2.892611756823e-10       4.180059004537e-12      -1.863161873324e-11       0.000000000000e+00       1.779178349335e-14       5.259936884010e-15      -5.209689853994e-16 
  741       2.904525283093e-10       4.144727318466e-12      -1.867254488012e-11       0.000000000000e+00       1.770363168578e-14       5.259755016784e-15      -5.170728353418e-16 
  742       2.916462355433e-10       4.109035780579e-12      -1.870858451424e-11       0.000000000000e+00       1.761603390757e-14       5.259311990917e-15      -5.131365174628e-16 
  743       2.928417029948e-10       4.073001252970e-12      -1.873971809819e-11       0.000000000000e+00       1.752898609049e-14       5.258613198971e-15      -5.091610512300e-16 
  744       2.940383298857e-10       4.036640792829e-12      -1.876592620545e-11       0.000000000000e+00       1.744248405857e-14       5.257664106495e-15      -5.051474685888e-16 
  745       2.952355090281e-10       3.999971653102e-12      -1.878718952123e-11       0.000000000000e+00       1.735652352763e-14       5.256470252283e-15      -5.010968140044e-16 
  746       2.964326268026e-10       3.963011283159e-12      -1.880348884311e-11       0.000000000000e+00       1.727110010482e-14       5.255037248635e-15      -4.970101445054e-16 
  747       2.976290631373e-10       3.925777329454e-12      -1.881480508184e-11       0.000000000000e+00       1.718620928818e-14       5.253370781616e-15      -4.928885297264e-16 
  748       2.988241914861e-10       3.888287636195e-12      -1.882111926200e-11       0.000000000000e+00       1.710184646619e-14       5.251476611316e-15      -4.887330519511e-16 
  749       3.000173788075e-10       3.850560246004e-12      -1.882241252283e-11       0.000000000000e+00       1.701800691729e-14       5.249360572113e-15      -4.845448061548e-16 
  750       3.012079855430e-10       3.812613400584e-12      -1.881866611884e-11       0.000000000000e+00       1.693468580948e-14       5.247028572928e-15      -4.803249000479e-16 
  751       3.023953655959e-10       3.774465541382e-12      -1.880986142067e-11       0.000000000000e+00       1.685187819984e-14       5.244486597491e-15      -4.760744541182e-16 
  752       3.035788663096e-10       3.736135310257e-12      -1.879597991571e-11       0.000000000000e+00       1.676957903404e-14       5.241740704595e-15      -4.717946016743e-16 
  753       3.047578284465e-10       3.697641550140e-12      -1.877700320889e-11       0.000000000000e+00       1.668778314597e-14       5.238797028361e-15      -4.674864888882e-16 
  754       3.059315861666e-10       3.659003305702e-12      -1.875291302342e-11       0.000000000000e+00       1.660648525722e-14       5.235661778496e-15      -4.631512748386e-16 
  755       3.070994670060e-10       3.620239824016e-12      -1.872369120148e-11       0.000000000000e+00       1.652567997666e-14       5.232341240552e-15      -4.587901315531e-16 
  756       3.082607918552e-10       3.581370555223e-12      -1.868931970497e-11       0.000000000000e+00       1.644536179998e-14       5.228841776188e-15      -4.544042440518e-16 
  757       3.094148749383e-10       3.542415153199e-12      -1.864978061627e-11       0.000000000000e+00       1.636552510925e-14       5.225169823430e-15      -4.499948103900e-16 
  758       3.105610237913e-10       3.503393476213e-12      -1.860505613893e-11       0.000000000000e+00       1.628616417243e-14       5.221331896928e-15      -4.455630417009e-16 
  759       3.116985392404e-10       3.464325587599e-12      -1.855512859841e-11       0.000000000000e+00       1.620727314299e-14       5.217334588221e-15      -4.411101622389e-16 
  760       3.128267153813e-10       3.425231756416e-12      -1.849998044282e-11       0.000000000000e+00       1.612884605937e-14       5.213184565993e-15      -4.366374094219e-16 
  761       3.139448976349e-10       3.386131387510e-12      -1.843960450123e-11       0.000000000000e+00       1.605087762426e-14       5.208886471038e-15      -4.321458647985e-16 
  762       3.150526581813e-10       3.347039787864e-12      -1.837403497270e-11       0.000000000000e+00       1.597336555943e-14       5.204436556362e-15      -4.276359433064e-16 
  763       3.161496238463e-10       3.307971339575e-12      -1.830331703272e-11       0.000000000000e+00       1.589630829515e-14       5.199828925680e-15      -4.231078943081e-16 
  764       3.172354183199e-10       3.268940565289e-12      -1.822749663234e-11       0.000000000000e+00       1.581970419427e-14       5.195057627491e-15      -4.185619697879e-16 
  765       3.183096621457e-10       3.229962128639e-12      -1.814662050099e-11       0.000000000000e+00       1.574355155198e-14       5.190116654905e-15      -4.139984243604e-16 
  766       3.193719727124e-10       3.191050834692e-12      -1.806073614936e-11       0.000000000000e+00       1.566784859548e-14       5.184999945465e-15      -4.094175152778e-16 
  767       3.204219642442e-10       3.152221630387e-12      -1.796989187223e-11       0.000000000000e+00       1.559259348373e-14       5.179701380973e-15      -4.048195024382e-16 
  768       3.214592477912e-10       3.113489604986e-12      -1.787413675134e-11       0.000000000000e+00       1.551778430714e-14       5.174214787315e-15      -4.002046483936e-16 
  769       3.224834312203e-10       3.074869990509e-12      -1.777352065826e-11       0.000000000000e+00       1.544341908725e-14       5.168533934284e-15      -3.955732183575e-16 
  770       3.234941192054e-10       3.036378162181e-12      -1.766809425721e-11       0.000000000000e+00       1.536949577650e-14       5.162652535403e-15      -3.909254802129e-16 
  771       3.244909132188e-10       2.998029638875e-12      -1.755790900792e-11       0.000000000000e+00       1.529601225789e-14       5.156564247753e-15      -3.862617045206e-16 
  772       3.254734115208e-10       2.959840083554e-12      -1.744301716851e-11       0.000000000000e+00       1.522296634473e-14       5.150262671795e-15      -3.815821645265e-16 
  773       3.264412091513e-10       2.921825303716e-12      -1.732347179834e-11       0.000000000000e+00       1.515035578029e-14       5.143741351196e-15      -3.768871361700e-16 
  774       3.273938979196e-10       2.884001251832e-12      -1.719932676081e-11       0.000000000000e+00       1.507817823757e-14       5.136993772652e-15      -3.721768980917e-16 
  775       3.283310663956e-10       2.846384025795e-12      -1.707063672630e-11       0.000000000000e+00       1.500643131901e-14       5.130013365710e-15      -3.674517316416e-16 
  776       3.292522999001e-10       2.808989869361e-12      -1.693745717496e-11       0.000000000000e+00       1.493511255613e-14       5.122793502600e-15      -3.627119208864e-16 
  777       3.301571804956e-10       2.771835172591e-12      -1.679984439958e-11       0.000000000000e+00       1.486421940931e-14       5.115327498051e-15      -3.579577526181e-16 
  778       3.310452869767e-10       2.734936472293e-12      -1.665785550846e-11       0.000000000000e+00       1.479374926749e-14       5.107608609120e-15      -3.531895163617e-16 
  779       3.319161948610e-10       2.698310452469e-12      -1.651154842826e-11       0.000000000000e+00       1.472369944784e-14       5.099630035016e-15      -3.484075043828e-16 
  780       3.327694763796e-10       2.661973944754e-12      -1.636098190682e-11       0.000000000000e+00       1.465406719550e-14       5.091384916923e-15      -3.436120116961e-16 
  781       3.336047004675e-10       2.625943928861e-12      -1.620621551607e-11       0.000000000000e+00       1.458484968331e-14       5.082866337825e-15      -3.388033360727e-16 
  782       3.344214327545e-10       2.590237533025e-12      -1.604730965483e-11       0.000000000000e+00       1.451604401146e-14       5.074067322332e-15      -3.339817780486e-16 
  783       3.352192355558e-10       2.554872034443e-12      -1.588432555172e-11       0.000000000000e+00       1.444764720725e-14       5.064980836502e-15      -3.291476409321e-16 
  784       3.359976678626e-10       2.519864859721e-12      -1.571732526794e-11       0.000000000000e+00       1.437965622480e-14       5.055599787665e-15      -3.243012308122e-16 
  785       3.367562853323e-10       2.485233585311e-12      -1.554637170022e-11       0.000000000000e+00       1.431206794471e-14       5.045917024252e-15      -3.194428565662e-16 
  786       3.374946402800e-10       2.450995937962e-12      -1.537152858358e-11       0.000000000000e+00       1.424487917383e-14       5.035925335613e-15      -3.145728298675e-16 
  787       3.382122816682e-10       2.417169795157e-12      -1.519286049424e-11       0.000000000000e+00       1.417808664493e-14       5.025617451847e-15      -3.096914651942e-16 
  788       3.389087550980e-10       2.383773185557e-12      -1.501043285247e-11       0.000000000000e+00       1.411168701644e-14       5.014986043622e-15      -3.047990798361e-16 
  789       3.395836027996e-10       2.350824289447e-12      -1.482431192542e-11       0.000000000000e+00       1.404567687212e-14       5.004023722003e-15      -2.998959939032e-16 
  790       3.402363636226e-10       2.318341439175e-12      -1.463456482999e-11       0.000000000000e+00       1.398005272080e-14       4.992723038274e-15      -2.949825303337e-16 
  791       3.408665730272e-10       2.286343119599e-12      -1.444125953570e-11       0.000000000000e+00       1.391481099610e-14       4.981076483763e-15      -2.900590149015e-16 
  792       3.414737630742e-10       2.254847968526e-12      -1.424446486749e-11       0.000000000000e+00       1.384994805609e-14       4.969076489667e-15      -2.851257762244e-16 
  793       3.420574624162e-10       2.223874777158e-12      -1.404425050866e-11       0.000000000000e+00       1.378546018305e-14       4.956715426876e-15      -2.801831457719e-16 
  794       3.426171962877e-10       2.193442490535e-12      -1.384068700364e-11       0.000000000000e+00       1.372134358316e-14       4.943985605797e-15      -2.752314578733e-16 
  795       3.431524864960e-10       2.163570207974e-12      -1.363384576087e-11       0.000000000000e+00       1.365759438621e-14       4.930879276178e-15      -2.702710497253e-16 
  796       3.436628514119e-10       2.134277183520e-12      -1.342379905571e-11       0.000000000000e+00       1.359420864531e-14       4.917388626936e-15      -2.653022614004e-16 
  797       3.441478059600e-10       2.105582826380e-12      -1.321062003319e-11       0.000000000000e+00       1.353118233659e-14       4.903505785975e-15      -2.603254358543e-16 
  798       3.446068616097e-10       2.077506701371e-12      -1.299438271097e-11       0.000000000000e+00       1.346851135894e-14       4.889222820016e-15      -2.553409189341e-16 
  799       3.450395263654e-10       2.050068529365e-12      -1.277516198212e-11       0.000000000000e+00       1.340619153369e-14       4.874531734420e-15      -2.503490593863e-16 
  800       3.454453793335e-10       2.023285878089e-12      -1.255303452692e-11       0.000000000000e+00       1.334421913634e-14       4.859427390622e-15      -2.453503176712e-16 
  801       3.458242959320e-10       1.997167187479e-12      -1.232808156071e-11       0.000000000000e+00       1.328259250297e-14       4.843916317146e-15      -2.403455945670e-16 
  802       3.461762267701e-10       1.971718617987e-12      -1.210038614180e-11       0.000000000000e+00       1.322131045260e-14       4.828008058954e-15      -2.353359085754e-16 
  803       3.465011234487e-10       1.946946348710e-12      -1.187003227014e-11       0.000000000000e+00       1.316037175755e-14       4.811712274768e-15      -2.303222876859e-16 
  804       3.467989385650e-10       1.922856577393e-12      -1.163710489031e-11       0.000000000000e+00       1.309977514334e-14       4.795038737438e-15      -2.253057694040e-16 
  805       3.470696257174e-10       1.899455520445e-12      -1.140168989459e-11       0.000000000000e+00       1.303951928843e-14       4.777997334315e-15      -2.202874007799e-16 
  806       3.473131395095e-10       1.876749412946e-12      -1.116387412593e-11       0.000000000000e+00       1.297960282406e-14       4.760598067621e-15      -2.152682384366e-16 
  807       3.475294355554e-10       1.854744508658e-12      -1.092374538104e-11       0.000000000000e+00       1.292002433407e-14       4.742851054818e-15      -2.102493485980e-16 
  808       3.477184704838e-10       1.833447080040e-12      -1.068139241335e-11       0.000000000000e+00       1.286078235468e-14       4.724766528984e-15      -2.052318071176e-16 
  809       3.478802019427e-10       1.812863418250e-12      -1.043690493608e-11       0.000000000000e+00       1.280187537434e-14       4.706354839176e-15      -2.002166995063e-16 
  810       3.480145886039e-10       1.792999833162e-12      -1.019037362522e-11       0.000000000000e+00       1.274330183347e-14       4.687626450807e-15      -1.952051209611e-16 
  811       3.481215901679e-10       1.773862653377e-12      -9.941890122602e-12       0.000000000000e+00       1.268506012435e-14       4.668591946016e-15      -1.901981763934e-16 
  812       3.482011673681e-10       1.755458226229e-12      -9.691547038905e-12       0.000000000000e+00       1.262714859088e-14       4.649262024035e-15      -1.851969804569e-16 
  813       3.482532819755e-10       1.737792917798e-12      -9.439437956668e-12       0.000000000000e+00       1.256956552841e-14       4.629647501564e-15      -1.802026575764e-16 
  814       3.482778968036e-10       1.720873112920e-12      -9.185657433329e-12       0.000000000000e+00       1.251230918352e-14       4.609759313139e-15      -1.752163419757e-16 
  815       3.482749757123e-10       1.704705215200e-12      -8.930301004240e-12       0.000000000000e+00       1.245537775387e-14       4.589608511505e-15      -1.702391777060e-16 
  816       3.482444836133e-10       1.689295647018e-12      -8.673465185698e-12       0.000000000000e+00       1.239876938799e-14       4.569206267985e-15      -1.652723186744e-16 
  817       3.481863864741e-10       1.674650849544e-12      -8.415247477969e-12       0.000000000000e+00       1.234248218508e-14       4.548563872850e-15      -1.603169286720e-16 
  818       3.481006513227e-10       1.660777282744e-12      -8.155746368305e-12       0.000000000000e+00       1.228651419483e-14       4.527692735694e-15      -1.553741814021e-16 
  819       3.479872462523e-10       1.647681425394e-12      -7.895061333979e-12       0.000000000000e+00       1.223086341723e-14       4.506604385799e-15      -1.504452605089e-16 
  820       3.478461404261e-10       1.635369775091e-12      -7.633292845299e-12       0.000000000000e+00       1.217552780238e-14       4.485310472511e-15      -1.455313596053e-16 
  821       3.476773040811e-10       1.623848848260e-12      -7.370542368642e-12       0.000000000000e+00       1.212050525029e-14       4.463822765607e-15      -1.406336823014e-16 
  822       3.474807085337e-10       1.613125180167e-12      -7.106912369470e-12       0.000000000000e+00       1.206579361069e-14       4.442153155666e-15      -1.357534422332e-16 
  823       3.472563261834e-10       1.603205324928e-12      -6.842506315360e-12       0.000000000000e+00       1.201139068286e-14       4.420313654445e-15      -1.308918630900e-16 
  824       3.470041305181e-10       1.594095855523e-12      -6.577428679024e-12       0.000000000000e+00       1.195729421543e-14       4.398316395242e-15      -1.260501786436e-16 
  825       3.467240961181e-10       1.585803363802e-12      -6.311784941339e-12       0.000000000000e+00       1.190350190615e-14       4.376173633272e-15      -1.212296327760e-16 
  826       3.464161986611e-10       1.578334460497e-12      -6.045681594365e-12       0.000000000000e+00       1.185001140177e-14       4.353897746035e-15      -1.164314795081e-16 
  827       3.460804149266e-10       1.571695775235e-12      -5.779226144374e-12       0.000000000000e+00       1.179682029778e-14       4.331501233691e-15      -1.116569830277e-16 
  828       3.457167228003e-10       1.565893956546e-12      -5.512527114872e-12       0.000000000000e+00       1.174392613829e-14       4.308996719424e-15      -1.069074177178e-16 
  829       3.453251012793e-10       1.560935671872e-12      -5.245694049625e-12       0.000000000000e+00       1.169132641576e-14       4.286396949820e-15      -1.021840681851e-16 
  830       3.449055304759e-10       1.556827607583e-12      -4.978837515680e-12       0.000000000000e+00       1.163901857088e-14       4.263714795231e-15      -9.748822928834e-17 
  831       3.444579916226e-10       1.553576468981e-12      -4.712069106394e-12       0.000000000000e+00       1.158699999232e-14       4.240963250153e-15      -9.282120616623e-17 
  832       3.439824670770e-10       1.551188980316e-12      -4.445501444455e-12       0.000000000000e+00       1.153526801661e-14       4.218155433589e-15      -8.818431426607e-17 
  833       3.434789403255e-10       1.549671884791e-12      -4.179248184908e-12       0.000000000000e+00       1.148381992788e-14       4.195304589426e-15      -8.357887937194e-17 
  834       3.429473959889e-10       1.549031944580e-12      -3.913424018179e-12       0.000000000000e+00       1.143265295769e-14       4.172424086803e-15      -7.900623763300e-17 
  835       3.423878198261e-10       1.549275940830e-12      -3.648144673098e-12       0.000000000000e+00       1.138176428487e-14       4.149527420482e-15      -7.446773559178e-17 
  836       3.418001987393e-10       1.550410673679e-12      -3.383526919925e-12       0.000000000000e+00       1.133115103529e-14       4.126628211218e-15      -6.996473021249e-17 
  837       3.411845207784e-10       1.552442962260e-12      -3.119688573373e-12       0.000000000000e+00       1.128081028169e-14       4.103740206133e-15      -6.549858890932e-17 
  838       3.405407751454e-10       1.555379644716e-12      -2.856748495635e-12       0.000000000000e+00       1.123073904349e-14       4.080877279083e-15      -6.107068957472e-17 
  839       3.398689996515e-10       1.559225433911e-12      -2.594818045904e-12       0.000000000000e+00       1.118093465672e-14       4.058050663749e-15      -5.668209129770e-17 
  840       3.391694239841e-10       1.563976443641e-12      -2.333975259771e-12       0.000000000000e+00       1.113139589124e-14       4.035260599392e-15      -5.233254018192e-17 
  841       3.384423289408e-10       1.569626549825e-12      -2.074290226648e-12       0.000000000000e+00       1.108212185261e-14       4.012504540501e-15      -4.802144628885e-17 
  842       3.376879992163e-10       1.576169524243e-12      -1.815833604130e-12       0.000000000000e+00       1.103311161355e-14       3.989779910807e-15      -4.374821135274e-17 
  843       3.369067234143e-10       1.583599034185e-12      -1.558676619561e-12       0.000000000000e+00       1.098436421383e-14       3.967084103180e-15      -3.951222875289e-17 
  844       3.360987940607e-10       1.591908642090e-12      -1.302891071605e-12       0.000000000000e+00       1.093587866014e-14       3.944414479527e-15      -3.531288348585e-17 
  845       3.352645076161e-10       1.601091805199e-12      -1.048549331810e-12       0.000000000000e+00       1.088765392596e-14       3.921768370697e-15      -3.114955213766e-17 
  846       3.344041644884e-10       1.611141875194e-12      -7.957243461790e-13       0.000000000000e+00       1.083968895144e-14       3.899143076376e-15      -2.702160285607e-17 
  847       3.335180690455e-10       1.622052097847e-12      -5.444896367382e-13       0.000000000000e+00       1.079198264326e-14       3.876535864988e-15      -2.292839532276e-17 
  848       3.326065296279e-10       1.633815612665e-12      -2.949193031026e-13       0.000000000000e+00       1.074453387452e-14       3.853943973595e-15      -1.886928072556e-17 
  849       3.316698585616e-10       1.646425452535e-12      -4.708802404553e-14       0.000000000000e+00       1.069734148459e-14       3.831364607795e-15      -1.484360173070e-17 
  850       3.307083721706e-10       1.659874543369e-12       1.989289409338e-13       0.000000000000e+00       1.065040427899e-14       3.808794941623e-15      -1.085069245501e-17 
  851       3.297223907894e-10       1.674155703748e-12       4.430557500423e-13       0.000000000000e+00       1.060372102929e-14       3.786232117453e-15      -6.889878438140e-18 
  852       3.287122387759e-10       1.689261644572e-12       6.852159776253e-13       0.000000000000e+00       1.055729047293e-14       3.763673245890e-15      -2.960476614813e-18 
  853       3.276782445241e-10       1.705184968701e-12       9.253326125981e-13       0.000000000000e+00       1.051111131315e-14       3.741115405679e-15       9.382047129730e-19 
  854       3.266207404765e-10       1.721918170601e-12       1.163328056879e-12       0.000000000000e+00       1.046518221881e-14       3.718555643598e-15       4.806865903714e-18 
  855       3.255400631371e-10       1.739453635992e-12       1.399124123819e-12       0.000000000000e+00       1.041950182429e-14       3.695990974359e-15       8.646216004174e-18 
  856       3.244365530836e-10       1.757783641492e-12       1.632642036639e-12       0.000000000000e+00       1.037406872938e-14       3.673418380509e-15       1.245697277716e-17 
  857       3.233105549807e-10       1.776900354260e-12       1.863802426855e-12       0.000000000000e+00       1.032888149909e-14       3.650834812330e-15       1.623986272931e-17 
  858       3.221624175922e-10       1.796795831645e-12       2.092525332715e-12       0.000000000000e+00       1.028393866359e-14       3.628237187736e-15       1.999562113884e-17 
  859       3.209924937938e-10       1.817462020830e-12       2.318730197630e-12       0.000000000000e+00       1.023923871806e-14       3.605622392173e-15       2.372499208335e-17 
  860       3.198011405861e-10       1.838890758476e-12       2.542335868606e-12       0.000000000000e+00       1.019478012254e-14       3.582987278522e-15       2.742872846758e-17 
  861       3.185887191068e-10       1.861073770371e-12       2.763260594675e-12       0.000000000000e+00       1.015056130183e-14       3.560328666995e-15       3.110759205119e-17 
  862       3.173555946436e-10       1.884002671071e-12       2.981422025327e-12       0.000000000000e+00       1.010658064535e-14       3.537643345034e-15       3.476235347655e-17 
  863       3.161021366469e-10       1.907668963548e-12       3.196737208946e-12       0.000000000000e+00       1.006283650702e-14       3.514928067216e-15       3.839379229647e-17 
  864       3.148287187423e-10       1.932064038835e-12       3.409122591237e-12       0.000000000000e+00       1.001932720510e-14       3.492179555145e-15       4.200269700205e-17 
  865       3.135357187435e-10       1.957179175673e-12       3.618494013659e-12       0.000000000000e+00       9.976051022128e-15       3.469394497357e-15       4.558986505038e-17 
  866       3.122235186646e-10       1.983005540152e-12       3.824766711860e-12       0.000000000000e+00       9.933006204727e-15       3.446569549220e-15       4.915610289236e-17 
  867       3.108925047333e-10       2.009534185362e-12       4.027855314107e-12       0.000000000000e+00       9.890190963513e-15       3.423701332828e-15       5.270222600046e-17 
  868       3.095430674029e-10       2.036756051032e-12       4.227673839718e-12       0.000000000000e+00       9.847603472957e-15       3.400786436907e-15       5.622905889651e-17 
  869       3.081756013655e-10       2.064661963182e-12       4.424135697495e-12       0.000000000000e+00       9.805241871256e-15       3.377821416711e-15       5.973743517944e-17 
  870       3.067905055645e-10       2.093242633764e-12       4.617153684153e-12       0.000000000000e+00       9.763104260211e-15       3.354802793921e-15       6.322819755310e-17 
  871       3.053881832073e-10       2.122488660309e-12       4.806639982758e-12       0.000000000000e+00       9.721188705095e-15       3.331727056548e-15       6.670219785402e-17 
  872       3.039690417776e-10       2.152390525573e-12       4.992506161152e-12       0.000000000000e+00       9.679493234524e-15       3.308590658830e-15       7.016029707915e-17 
  873       3.025334930487e-10       2.182938597179e-12       5.174663170393e-12       0.000000000000e+00       9.638015840335e-15       3.285390021130e-15       7.360336541370e-17 
  874       3.010819530957e-10       2.214123127269e-12       5.353021343178e-12       0.000000000000e+00       9.596754477454e-15       3.262121529840e-15       7.703228225885e-17 
  875       2.996148423083e-10       2.245934252141e-12       5.527490392282e-12       0.000000000000e+00       9.555707063768e-15       3.238781537279e-15       8.044793625958e-17 
  876       2.981325854034e-10       2.278361991901e-12       5.697979408989e-12       0.000000000000e+00       9.514871480000e-15       3.215366361589e-15       8.385122533240e-17 
  877       2.966356114379e-10       2.311396250107e-12       5.864396861521e-12       0.000000000000e+00       9.474245569579e-15       3.191872286639e-15       8.724305669317e-17 
  878       2.951243510933e-10       2.345026127576e-12       6.026663221411e-12       0.000000000000e+00       9.433827398968e-15       3.168296785796e-15       9.062402336687e-17 
  879       2.935992284538e-10       2.379237852029e-12       6.184749075878e-12       0.000000000000e+00       9.393616043635e-15       3.144642215741e-15       9.399342776602e-17 
  880       2.920606691170e-10       2.414016813320e-12       6.338637646033e-12       0.000000000000e+00       9.353610814895e-15       3.120912183874e-15       9.735024193243e-17 
  881       2.905091029209e-10       2.449348245692e-12       6.488312216770e-12       0.000000000000e+00       9.313811000555e-15       3.097110330089e-15       1.006934295613e-16 
  882       2.889449639570e-10       2.485217227317e-12       6.633756137161e-12       0.000000000000e+00       9.274215864827e-15       3.073240326873e-15       1.040219459787e-16 
  883       2.873686905816e-10       2.521608679833e-12       6.774952820855e-12       0.000000000000e+00       9.234824648242e-15       3.049305879389e-15       1.073347381189e-16 
  884       2.857807254291e-10       2.558507367883e-12       6.911885746466e-12       0.000000000000e+00       9.195636567558e-15       3.025310725570e-15       1.106307445021e-16 
  885       2.841815154234e-10       2.595897898653e-12       7.044538457976e-12       0.000000000000e+00       9.156650815680e-15       3.001258636207e-15       1.139088952117e-16 
  886       2.825715117904e-10       2.633764721415e-12       7.172894565127e-12       0.000000000000e+00       9.117866561566e-15       2.977153415038e-15       1.171681118718e-16 
  887       2.809511700704e-10       2.672092127059e-12       7.296937743815e-12       0.000000000000e+00       9.079282950145e-15       2.952998898842e-15       1.204073076248e-16 
  888       2.793209501302e-10       2.710864247638e-12       7.416651736491e-12       0.000000000000e+00       9.040899102227e-15       2.928798957523e-15       1.236253871087e-16 
  889       2.776813161753e-10       2.750065055904e-12       7.532020352552e-12       0.000000000000e+00       9.002714114416e-15       2.904557494206e-15       1.268212464347e-16 
  890       2.760327367623e-10       2.789678364845e-12       7.643027468736e-12       0.000000000000e+00       8.964727059024e-15       2.880278445320e-15       1.299937731645e-16 
  891       2.743756848109e-10       2.829687827228e-12       7.749657029522e-12       0.000000000000e+00       8.926936983983e-15       2.855965780696e-15       1.331418462880e-16 
  892       2.727106376165e-10       2.870076935133e-12       7.851893047522e-12       0.000000000000e+00       8.889342912759e-15       2.831623503649e-15       1.362643362007e-16 
  893       2.710380768618e-10       2.910829019497e-12       7.949719603877e-12       0.000000000000e+00       8.851943844262e-15       2.807255651073e-15       1.393601046811e-16 
  894       2.693584886299e-10       2.951927249647e-12       8.043120848653e-12       0.000000000000e+00       8.814738752763e-15       2.782866293530e-15       1.424280048681e-16 
  895       2.676723634158e-10       2.993354632845e-12       8.132081001238e-12       0.000000000000e+00       8.777726587802e-15       2.758459535338e-15       1.454668812387e-16 
  896       2.659801961392e-10       3.035094013820e-12       8.216584350735e-12       0.000000000000e+00       8.740906274105e-15       2.734039514663e-15       1.484755695853e-16 
  897       2.642824861561e-10       3.077128074314e-12       8.296615256360e-12       0.000000000000e+00       8.704276711496e-15       2.709610403606e-15       1.514528969934e-16 
  898       2.625797372717e-10       3.119439332613e-12       8.372158147833e-12       0.000000000000e+00       8.667836774807e-15       2.685176408298e-15       1.543976818186e-16 
  899       2.608724577524e-10       3.162010143093e-12       8.443197525782e-12       0.000000000000e+00       8.631585313794e-15       2.660741768984e-15       1.573087336646e-16 
  900       2.591611603377e-10       3.204822695754e-12       8.509717962129e-12       0.000000000000e+00       8.595521153049e-15       2.636310760117e-15       1.601848533603e-16 
  901       2.574463622530e-10       3.247859015760e-12       8.571704100492e-12       0.000000000000e+00       8.559643091911e-15       2.611887690447e-15       1.630248329375e-16 
  902       2.557285852215e-10       3.291100962981e-12       8.629140656579e-12       0.000000000000e+00       8.523949904382e-15       2.587476903108e-15       1.658274556083e-16 
  903       2.540083554763e-10       3.334530231524e-12       8.682012418583e-12       0.000000000000e+00       8.488440339038e-15       2.563082775713e-15       1.685914957424e-16 
  904       2.522862037732e-10       3.378128349280e-12       8.730304247575e-12       0.000000000000e+00       8.453113118941e-15       2.538709720439e-15       1.713157188450e-16 
  905       2.505626654024e-10       3.421876677459e-12       8.774001077907e-12       0.000000000000e+00       8.417966941554e-15       2.514362184120e-15       1.739988815337e-16 
  906       2.488382802008e-10       3.465756410129e-12       8.813087917599e-12       0.000000000000e+00       8.383000478653e-15       2.490044648337e-15       1.766397315165e-16 
  907       2.471135925647e-10       3.509748573753e-12       8.847549848740e-12       0.000000000000e+00       8.348212376237e-15       2.465761629504e-15       1.792370075690e-16 
  908       2.453891514615e-10       3.553834026733e-12       8.877372027882e-12       0.000000000000e+00       8.313601254445e-15       2.441517678962e-15       1.817894395119e-16 
  909       2.436655104421e-10       3.597993458942e-12       8.902539686434e-12       0.000000000000e+00       8.279165707469e-15       2.417317383070e-15       1.842957481883e-16 
  910       2.419432276532e-10       3.642207391269e-12       8.923038131062e-12       0.000000000000e+00       8.244904303462e-15       2.393165363287e-15       1.867546454417e-16 
  911       2.402228658497e-10       3.686456175153e-12       8.938852744079e-12       0.000000000000e+00       8.210815584455e-15       2.369066276273e-15       1.891648340930e-16 
  912       2.385049924067e-10       3.730719992124e-12       8.949968983845e-12       0.000000000000e+00       8.176898066270e-15       2.345024813969e-15       1.915250079180e-16 
  913       2.367901793316e-10       3.774978853344e-12       8.956372385159e-12       0.000000000000e+00       8.143150238428e-15       2.321045703694e-15       1.938338516250e-16 
  914       2.350790032767e-10       3.819212599138e-12       8.958048559658e-12       0.000000000000e+00       8.109570564070e-15       2.297133708228e-15       1.960900408324e-16 
  915       2.333720455515e-10       3.863400898544e-12       8.954983196209e-12       0.000000000000e+00       8.076157479862e-15       2.273293625911e-15       1.982922420460e-16 
  916       2.316698921343e-10       3.907523248841e-12       8.947162061309e-12       0.000000000000e+00       8.042909395911e-15       2.249530290723e-15       2.004391126362e-16 
  917       2.299730877445e-10       3.951560135659e-12       8.934580300317e-12       0.000000000000e+00       8.009824884645e-15       2.225848104814e-15       2.025296883813e-16 
  918       2.282819972304e-10       3.995496534459e-12       8.917270502656e-12       0.000000000000e+00       7.976903250920e-15       2.202249627726e-15       2.045645529024e-16 
  919       2.265969419984e-10       4.039318463891e-12       8.895275084277e-12       0.000000000000e+00       7.944143970817e-15       2.178736964881e-15       2.065446868039e-16 
  920       2.249182457590e-10       4.083011829985e-12       8.868637029047e-12       0.000000000000e+00       7.911546503439e-15       2.155312233141e-15       2.084710818298e-16 
  921       2.232462345330e-10       4.126562425857e-12       8.837399890470e-12       0.000000000000e+00       7.879110290848e-15       2.131977560824e-15       2.103447408955e-16 
  922       2.215812366564e-10       4.169955931414e-12       8.801607793405e-12       0.000000000000e+00       7.846834758008e-15       2.108735087733e-15       2.121666781212e-16 
  923       2.199235827867e-10       4.213177913056e-12       8.761305435792e-12       0.000000000000e+00       7.814719312726e-15       2.085586965175e-15       2.139379188641e-16 
  924       2.182736059087e-10       4.256213823383e-12       8.716538090370e-12       0.000000000000e+00       7.782763345585e-15       2.062535355987e-15       2.156594997515e-16 
  925       2.166316413395e-10       4.299049000898e-12       8.667351606401e-12       0.000000000000e+00       7.750966229892e-15       2.039582434558e-15       2.173324687133e-16 
  926       2.149980267349e-10       4.341668669708e-12       8.613792411388e-12       0.000000000000e+00       7.719327321613e-15       2.016730386854e-15       2.189578850148e-16 
  927       2.133731020946e-10       4.384057939235e-12       8.555907512802e-12       0.000000000000e+00       7.687845959312e-15       1.993981410438e-15       2.205368192894e-16 
  928       2.117572097683e-10       4.426201803914e-12       8.493744499796e-12       0.000000000000e+00       7.656521464095e-15       1.971337714496e-15       2.220703535715e-16 
  929       2.101506944610e-10       4.468085142899e-12       8.427351544933e-12       0.000000000000e+00       7.625353139546e-15       1.948801519859e-15       2.235595813288e-16 
  930       2.085539032390e-10       4.509692719770e-12       8.356777405904e-12       0.000000000000e+00       7.594340271668e-15       1.926375059026e-15       2.250056074953e-16 
  931       2.069671855353e-10       4.551009182233e-12       8.282071427250e-12       0.000000000000e+00       7.563482128824e-15       1.904060576189e-15       2.264095485043e-16 
  932       2.053908931556e-10       4.592019061827e-12       8.203283542084e-12       0.000000000000e+00       7.532777961674e-15       1.881860327253e-15       2.277725323204e-16 
  933       2.038253802838e-10       4.632706773627e-12       8.120464273810e-12       0.000000000000e+00       7.502227003116e-15       1.859776579863e-15       2.290956984729e-16 
  934       2.022710034878e-10       4.673056615948e-12       8.033664737850e-12       0.000000000000e+00       7.471828468230e-15       1.837811613425e-15       2.303801980881e-16 
  935       2.007281217250e-10       4.713052770051e-12       7.942936643358e-12       0.000000000000e+00       7.441581554209e-15       1.815967719129e-15       2.316271939222e-16 
  936       1.991970963482e-10       4.752679299845e-12       7.848332294948e-12       0.000000000000e+00       7.411485440307e-15       1.794247199973e-15       2.328378603942e-16 
  937       1.976782911112e-10       4.791920151593e-12       7.749904594411e-12       0.000000000000e+00       7.381539287773e-15       1.772652370786e-15       2.340133836181e-16 
  938       1.961720721744e-10       4.830759153615e-12       7.647707042438e-12       0.000000000000e+00       7.351742239796e-15       1.751185558253e-15       2.351549614360e-16 
  939       1.946788081108e-10       4.869180015991e-12       7.541793740342e-12       0.000000000000e+00       7.322093421439e-15       1.729849100933e-15       2.362638034510e-16 
  940       1.931988699112e-10       4.907166330269e-12       7.432219391778e-12       0.000000000000e+00       7.292591939584e-15       1.708645349290e-15       2.373411310593e-16 
  941       1.917326309904e-10       4.944701569165e-12       7.319039304467e-12       0.000000000000e+00       7.263236882870e-15       1.687576665708e-15       2.383881774835e-16 
  942       1.902804671925e-10       4.981769086272e-12       7.202309391914e-12       0.000000000000e+00       7.234027321629e-15       1.666645424521e-15       2.394061878052e-16 
  943       1.888427567970e-10       5.018352115758e-12       7.082086175130e-12       0.000000000000e+00       7.204962307831e-15       1.645854012033e-15       2.403964189973e-16 
  944       1.874198805239e-10       5.054433772076e-12       6.958426784357e-12       0.000000000000e+00       7.176040875024e-15       1.625204826540e-15       2.413601399574e-16 
  945       1.860122215400e-10       5.089997049664e-12       6.831388960785e-12       0.000000000000e+00       7.147262038268e-15       1.604700278356e-15       2.422986315400e-16 
  946       1.846201654641e-10       5.125024822652e-12       6.701031058276e-12       0.000000000000e+00       7.118624794080e-15       1.584342789836e-15       2.432131865893e-16 
  947       1.832441003732e-10       5.159499844566e-12       6.567412045084e-12       0.000000000000e+00       7.090128120372e-15       1.564134795398e-15       2.441051099722e-16 
  948       1.818844168077e-10       5.193404748028e-12       6.430591505577e-12       0.000000000000e+00       7.061770976391e-15       1.544078741545e-15       2.449757186107e-16 
  949       1.805415077772e-10       5.226722044468e-12       6.290629641960e-12       0.000000000000e+00       7.033552302658e-15       1.524177086891e-15       2.458263415148e-16 
  950       1.792157687666e-10       5.259434123821e-12       6.147587275992e-12       0.000000000000e+00       7.005471020911e-15       1.504432302183e-15       2.466583198151e-16 
  951       1.779075977412e-10       5.291523254235e-12       6.001525850713e-12       0.000000000000e+00       6.977526034037e-15       1.484846870325e-15       2.474730067956e-16 
  952       1.766173951528e-10       5.322971581772e-12       5.852507432161e-12       0.000000000000e+00       6.949716226023e-15       1.465423286399e-15       2.482717679266e-16 
  953       1.753455639452e-10       5.353761130118e-12       5.700594711095e-12       0.000000000000e+00       6.922040461885e-15       1.446164057690e-15       2.490559808969e-16 
  954       1.740925095599e-10       5.383873800281e-12       5.545851004718e-12       0.000000000000e+00       6.894497587615e-15       1.427071703710e-15       2.498270356471e-16 
  955       1.728586399421e-10       5.413291370299e-12       5.388340258394e-12       0.000000000000e+00       6.867086430118e-15       1.408148756220e-15       2.505863344019e-16 
  956       1.716443064644e-10       5.441997767127e-12       5.228128097909e-12       0.000000000000e+00       6.839805930706e-15       1.389396989368e-15       2.513349184645e-16 
  957       1.704496257003e-10       5.469985920926e-12       5.065285000366e-12       0.000000000000e+00       6.812655547931e-15       1.370815097182e-15       2.520723422866e-16 
  958       1.692746549397e-10       5.497251014896e-12       4.899883175142e-12       0.000000000000e+00       6.785634860792e-15       1.352400980646e-15       2.527977822635e-16 
  959       1.681194510214e-10       5.523788222584e-12       4.731995519605e-12       0.000000000000e+00       6.758743435685e-15       1.334152514287e-15       2.535104083970e-16 
  960       1.669840703310e-10       5.549592707887e-12       4.561695620968e-12       0.000000000000e+00       6.731980826369e-15       1.316067546104e-15       2.542093842791e-16 
  961       1.658685687989e-10       5.574659625054e-12       4.389057758154e-12       0.000000000000e+00       6.705346573919e-15       1.298143897481e-15       2.548938670763e-16 
  962       1.647730018985e-10       5.598984118685e-12       4.214156903651e-12       0.000000000000e+00       6.678840206684e-15       1.280379363117e-15       2.555630075127e-16 
  963       1.636974246435e-10       5.622561323742e-12       4.037068725372e-12       0.000000000000e+00       6.652461240245e-15       1.262771710946e-15       2.562159498541e-16 
  964       1.626418915866e-10       5.645386365541e-12       3.857869588516e-12       0.000000000000e+00       6.626209177373e-15       1.245318682058e-15       2.568518318917e-16 
  965       1.616064568168e-10       5.667454359760e-12       3.676636557425e-12       0.000000000000e+00       6.600083507983e-15       1.228017990621e-15       2.574697849260e-16 
  966       1.605911739579e-10       5.688760412442e-12       3.493447397444e-12       0.000000000000e+00       6.574083709095e-15       1.210867323806e-15       2.580689337504e-16 
  967       1.595960961658e-10       5.709299619992e-12       3.308380576782e-12       0.000000000000e+00       6.548209244790e-15       1.193864341705e-15       2.586483966348e-16 
  968       1.586212761270e-10       5.729067069184e-12       3.121515268369e-12       0.000000000000e+00       6.522459566166e-15       1.177006677258e-15       2.592072853098e-16 
  969       1.576667660564e-10       5.748057837164e-12       2.932931351713e-12       0.000000000000e+00       6.496834111296e-15       1.160291936172e-15       2.597447049503e-16 
  970       1.567326176951e-10       5.766266991445e-12       2.742709414766e-12       0.000000000000e+00       6.471332305189e-15       1.143717696845e-15       2.602597541590e-16 
  971       1.558188823084e-10       5.783689589919e-12       2.550930755776e-12       0.000000000000e+00       6.445953559740e-15       1.127281510285e-15       2.607515249505e-16 
  972       1.549256106838e-10       5.800320680851e-12       2.357677385152e-12       0.000000000000e+00       6.420697273692e-15       1.110980900037e-15       2.612191027348e-16 
  973       1.540528531288e-10       5.816155302887e-12       2.163032027317e-12       0.000000000000e+00       6.395562832594e-15       1.094813362104e-15       2.616615663014e-16 
  974       1.532006594692e-10       5.831188485053e-12       1.967078122575e-12       0.000000000000e+00       6.370549608755e-15       1.078776364864e-15       2.620779878027e-16 
  975       1.523690790465e-10       5.845415246756e-12       1.769899828963e-12       0.000000000000e+00       6.345656961206e-15       1.062867349001e-15       2.624674327379e-16 
  976       1.515581607162e-10       5.858830597792e-12       1.571582024114e-12       0.000000000000e+00       6.320884235650e-15       1.047083727419e-15       2.628289599370e-16 
  977       1.507679528459e-10       5.871429538343e-12       1.372210307114e-12       0.000000000000e+00       6.296230764428e-15       1.031422885171e-15       2.631616215441e-16 
  978       1.499985033128e-10       5.883207058979e-12       1.171871000365e-12       0.000000000000e+00       6.271695866468e-15       1.015882179375e-15       2.634644630016e-16 
  979       1.492498595018e-10       5.894158140665e-12       9.706511514395e-13       0.000000000000e+00       6.247278847250e-15       1.000458939143e-15       2.637365230338e-16 
  980       1.485220683036e-10       5.904277754759e-12       7.686385349433e-13       0.000000000000e+00       6.222978998756e-15       9.851504654969e-16       2.639768336304e-16 
  981       1.478151761126e-10       5.913560863013e-12       5.659216543726e-13       0.000000000000e+00       6.198795599433e-15       9.699540312942e-16       2.641844200307e-16 
  982       1.471292288247e-10       5.922002417583e-12       3.625897439738e-13       0.000000000000e+00       6.174727914147e-15       9.548668811499e-16       2.643583007074e-16 
  983       1.464642718352e-10       5.929597361020e-12       1.587327706031e-13       0.000000000000e+00       6.150775194142e-15       9.398862313582e-16       2.644974873497e-16 
  984       1.458203500370e-10       5.936340626283e-12      -4.555856441470e-14       0.000000000000e+00       6.126936676997e-15       9.250092698151e-16       2.646009848477e-16 
  985       1.451975078185e-10       5.942227136733e-12      -2.501928234270e-13       0.000000000000e+00       6.103211586582e-15       9.102331559404e-16       2.646677912761e-16 
  986       1.445957890612e-10       5.947251806142e-12      -4.550778305942e-13       0.000000000000e+00       6.079599133017e-15       8.955550205999e-16       2.646968978778e-16 
  987       1.440152371380e-10       5.951409538687e-12      -6.601206700303e-13       0.000000000000e+00       6.056098512626e-15       8.809719660281e-16       2.646872890474e-16 
  988       1.434558949111e-10       5.954695228962e-12      -8.652276839439e-13       0.000000000000e+00       6.032708907901e-15       8.664810657498e-16       2.646379423156e-16 
  989       1.429178047299e-10       5.957103761973e-12      -1.070304470779e-12       0.000000000000e+00       6.009429487452e-15       8.520793645029e-16       2.645478283326e-16 
  990       1.424010084286e-10       5.958630013142e-12      -1.275255883356e-12       0.000000000000e+00       5.986259405969e-15       8.377638781605e-16       2.644159108518e-16 
  991       1.419055473247e-10       5.959268848310e-12      -1.479986027011e-12       0.000000000000e+00       5.963197804175e-15       8.235315936527e-16       2.642411467136e-16 
  992       1.414314622167e-10       5.959015123741e-12      -1.684398257740e-12       0.000000000000e+00       5.940243808789e-15       8.093794688897e-16       2.640224858294e-16 
  993       1.409787933820e-10       5.957863686119e-12      -1.888395180336e-12       0.000000000000e+00       5.917396532479e-15       7.953044326832e-16       2.637588711651e-16 
  994       1.405475805748e-10       5.955809372556e-12      -2.091878646531e-12       0.000000000000e+00       5.894655073820e-15       7.813033846693e-16       2.634492387248e-16 
  995       1.401378242222e-10       5.952849011658e-12      -2.294756796123e-12       0.000000000000e+00       5.872018617626e-15       7.673737957275e-16       2.630928594632e-16 
  996       1.397493683916e-10       5.948987458912e-12      -2.496965297316e-12       0.000000000000e+00       5.849486737643e-15       7.535155190509e-16       2.626903705518e-16 
  997       1.393820161014e-10       5.944231649903e-12      -2.698446414494e-12       0.000000000000e+00       5.827059098215e-15       7.397290055083e-16       2.622427592188e-16 
  998       1.390355679599e-10       5.938588607523e-12      -2.899141992499e-12       0.000000000000e+00       5.804735354280e-15       7.260147055518e-16       2.617510222191e-16 
  999       1.387098221589e-10       5.932065442217e-12      -3.098993455625e-12       0.000000000000e+00       5.782515151342e-15       7.123730692124e-16       2.612161658591e-16 
 1000       1.384045744670e-10       5.924669352226e-12      -3.297941806611e-12       0.000000000000e+00       5.760398125441e-15       6.988045460943e-16       2.606392060217e-16 
 1001       1.381196182228e-10       5.916407623833e-12      -3.495927625636e-12       0.000000000000e+00       5.738383903119e-15       6.853095853705e-16       2.600211681921e-16 
 1002       1.378547443277e-10       5.907287631604e-12      -3.692891069313e-12       0.000000000000e+00       5.716472101393e-15       6.718886357772e-16       2.593630874822e-16 
 1003       1.376097412400e-10       5.897316838638e-12      -3.888771869681e-12       0.000000000000e+00       5.694662327723e-15       6.585421456092e-16       2.586660086564e-16 
 1004       1.373843949674e-10       5.886502796808e-12      -4.083509333198e-12       0.000000000000e+00       5.672954179980e-15       6.452705627145e-16       2.579309861564e-16 
 1005       1.371784890604e-10       5.874853147005e-12      -4.277042339737e-12       0.000000000000e+00       5.651347246419e-15       6.320743344896e-16       2.571590841266e-16 
 1006       1.369918046059e-10       5.862375619386e-12      -4.469309341580e-12       0.000000000000e+00       5.629841105644e-15       6.189539078742e-16       2.563513764389e-16 
 1007       1.368241202201e-10       5.849078033614e-12      -4.660248362407e-12       0.000000000000e+00       5.608435326582e-15       6.059097293462e-16       2.555089467184e-16 
 1008       1.366752120417e-10       5.834968299107e-12      -4.849796996296e-12       0.000000000000e+00       5.587129468449e-15       5.929422449168e-16       2.546328883680e-16 
 1009       1.365448537255e-10       5.820054415278e-12      -5.037892406711e-12       0.000000000000e+00       5.565923080721e-15       5.800519001253e-16       2.537243045942e-16 
 1010       1.364328164352e-10       5.804344471784e-12      -5.224471325499e-12       0.000000000000e+00       5.544815703102e-15       5.672391400343e-16       2.527843084315e-16 
 1011       1.363388688371e-10       5.787846648767e-12      -5.409470051882e-12       0.000000000000e+00       5.523806865495e-15       5.545044092242e-16       2.518140227684e-16 
 1012       1.362627770928e-10       5.770569217101e-12      -5.592824451452e-12       0.000000000000e+00       5.502896087974e-15       5.418481517887e-16       2.508145803718e-16 
 1013       1.362043048530e-10       5.752520538634e-12      -5.774469955164e-12       0.000000000000e+00       5.482082880745e-15       5.292708113294e-16       2.497871239128e-16 
 1014       1.361632132505e-10       5.733709066436e-12      -5.954341558328e-12       0.000000000000e+00       5.461366744124e-15       5.167728309508e-16       2.487328059915e-16 
 1015       1.361392608932e-10       5.714143345041e-12      -6.132373819607e-12       0.000000000000e+00       5.440747168504e-15       5.043546532554e-16       2.476527891620e-16 
 1016       1.361322038578e-10       5.693832010690e-12      -6.308500860004e-12       0.000000000000e+00       5.420223634322e-15       4.920167203387e-16       2.465482459583e-16 
 1017       1.361417956827e-10       5.672783791581e-12      -6.482656361862e-12       0.000000000000e+00       5.399795612031e-15       4.797594737838e-16       2.454203589187e-16 
 1018       1.361677873614e-10       5.651007508107e-12      -6.654773567855e-12       0.000000000000e+00       5.379462562068e-15       4.675833546568e-16       2.442703206112e-16 
 1019       1.362099273358e-10       5.628512073107e-12      -6.824785279980e-12       0.000000000000e+00       5.359223934824e-15       4.554888035016e-16       2.430993336588e-16 
 1020       1.362679614891e-10       5.605306492104e-12      -6.992623858554e-12       0.000000000000e+00       5.339079170614e-15       4.434762603345e-16       2.419086107649e-16 
 1021       1.363416331396e-10       5.581399863555e-12      -7.158221221203e-12       0.000000000000e+00       5.319027699646e-15       4.315461646398e-16       2.406993747376e-16 
 1022       1.364306830334e-10       5.556801379091e-12      -7.321508841862e-12       0.000000000000e+00       5.299068941989e-15       4.196989553644e-16       2.394728585159e-16 
 1023       1.365348493380e-10       5.531520323767e-12      -7.482417749763e-12       0.000000000000e+00       5.279202307547e-15       4.079350709127e-16       2.382303051941e-16 
 1024       1.366538676354e-10       5.505566076301e-12      -7.640878528432e-12       0.000000000000e+00       5.259427196021e-15       3.962549491418e-16       2.369729680476e-16 
 1025       1.367874709153e-10       5.478948109322e-12      -7.796821314678e-12       0.000000000000e+00       5.239742996885e-15       3.846590273561e-16       2.357021105573e-16 
 1026       1.369353895684e-10       5.451675989611e-12      -7.950175797595e-12       0.000000000000e+00       5.220149089354e-15       3.731477423027e-16       2.344190064355e-16 
 1027       1.370973513798e-10       5.423759378352e-12      -8.100871217547e-12       0.000000000000e+00       5.200644842351e-15       3.617215301660e-16       2.331249396508e-16 
 1028       1.372730815219e-10       5.395208031370e-12      -8.248836365165e-12       0.000000000000e+00       5.181229614478e-15       3.503808265630e-16       2.318212044531e-16 
 1029       1.374623025480e-10       5.366031799378e-12      -8.393999580344e-12       0.000000000000e+00       5.161902753986e-15       3.391260665377e-16       2.305091053989e-16 
 1030       1.376647343853e-10       5.336240628222e-12      -8.536288751230e-12       0.000000000000e+00       5.142663598743e-15       3.279576845569e-16       2.291899573766e-16 
 1031       1.378800943282e-10       5.305844559125e-12      -8.675631313219e-12       0.000000000000e+00       5.123511476206e-15       3.168761145041e-16       2.278650856314e-16 
 1032       1.381080970316e-10       5.274853728931e-12      -8.811954247948e-12       0.000000000000e+00       5.104445703387e-15       3.058817896756e-16       2.265358257907e-16 
 1033       1.383484545042e-10       5.243278370353e-12      -8.945184082290e-12       0.000000000000e+00       5.085465586825e-15       2.949751427746e-16       2.252035238891e-16 
 1034       1.386008751125e-10       5.211129395435e-12      -9.075257307334e-12       0.000000000000e+00       5.066570498752e-15       2.841569774338e-16       2.238692651712e-16 
 1035       1.388650605929e-10       5.178420154507e-12      -9.202151798589e-12       0.000000000000e+00       5.047760106834e-15       2.734295885412e-16       2.225330562517e-16 
 1036       1.391407089840e-10       5.145164702567e-12      -9.325855837699e-12       0.000000000000e+00       5.029034147612e-15       2.627956577326e-16       2.211946314507e-16 
 1037       1.394275156051e-10       5.111377218626e-12      -9.446357732865e-12       0.000000000000e+00       5.010392350585e-15       2.522578833361e-16       2.198537229626e-16 
 1038       1.397251730494e-10       5.077072006014e-12      -9.563645819009e-12       0.000000000000e+00       4.991834438179e-15       2.418189804087e-16       2.185100608519e-16 
 1039       1.400333711768e-10       5.042263492691e-12      -9.677708457938e-12       0.000000000000e+00       4.973360125731e-15       2.314816807730e-16       2.171633730469e-16 
 1040       1.403517971072e-10       5.006966231558e-12      -9.788534038502e-12       0.000000000000e+00       4.954969121464e-15       2.212487330535e-16       2.158133853351e-16 
 1041       1.406801352137e-10       4.971194900764e-12      -9.896110976757e-12       0.000000000000e+00       4.936661126468e-15       2.111229027137e-16       2.144598213579e-16 
 1042       1.410180671158e-10       4.934964304018e-12      -1.000042771613e-11       0.000000000000e+00       4.918435834673e-15       2.011069720922e-16       2.131024026052e-16 
 1043       1.413652716723e-10       4.898289370901e-12      -1.010147272758e-11       0.000000000000e+00       4.900292932833e-15       1.912037404399e-16       2.117408484101e-16 
 1044       1.417214249745e-10       4.861185157171e-12      -1.019923450975e-11       0.000000000000e+00       4.882232100499e-15       1.814160239560e-16       2.103748759437e-16 
 1045       1.420862003395e-10       4.823666845077e-12      -1.029370158915e-11       0.000000000000e+00       4.864253010001e-15       1.717466558252e-16       2.090042002102e-16 
 1046       1.424592683031e-10       4.785749743667e-12      -1.038486252030e-11       0.000000000000e+00       4.846355326420e-15       1.621984862538e-16       2.076285340412e-16 
 1047       1.428402966130e-10       4.747449289098e-12      -1.047270588589e-11       0.000000000000e+00       4.828538707575e-15       1.527743825068e-16       2.062475880904e-16 
 1048       1.432289502222e-10       4.708781044947e-12      -1.055722029698e-11       0.000000000000e+00       4.810802803993e-15       1.434772289440e-16       2.048610708291e-16 
 1049       1.436248912816e-10       4.669760702520e-12      -1.063839439310e-11       0.000000000000e+00       4.793147258889e-15       1.343099270572e-16       2.034686885399e-16 
 1050       1.440277791338e-10       4.630404081163e-12      -1.071621684247e-11       0.000000000000e+00       4.775571708148e-15       1.252753955063e-16       2.020701453124e-16 
 1051       1.444372703054e-10       4.590727128570e-12      -1.079067634211e-11       0.000000000000e+00       4.758075780298e-15       1.163765701563e-16       2.006651430373e-16 
 1052       1.448530185011e-10       4.550745921094e-12      -1.086176161806e-11       0.000000000000e+00       4.740659096488e-15       1.076164041135e-16       1.992533814015e-16 
 1053       1.452746745961e-10       4.510476664058e-12      -1.092946142548e-11       0.000000000000e+00       4.723321270473e-15       9.899786776276e-17       1.978345578827e-16 
 1054       1.457018866292e-10       4.469935692063e-12      -1.099376454887e-11       0.000000000000e+00       4.706061908581e-15       9.052394880336e-17       1.964083677442e-16 
 1055       1.461342997968e-10       4.429139469300e-12      -1.105465980220e-11       0.000000000000e+00       4.688880609700e-15       8.219765228621e-17       1.949745040299e-16 
 1056       1.465715564448e-10       4.388104589858e-12      -1.111213602905e-11       0.000000000000e+00       4.671776965254e-15       7.402200065019e-17       1.935326575586e-16 
 1057       1.470132960629e-10       4.346847778034e-12      -1.116618210283e-11       0.000000000000e+00       4.654750559176e-15       6.600003375883e-17       1.920825169190e-16 
 1058       1.474591552768e-10       4.305385888644e-12      -1.121678692690e-11       0.000000000000e+00       4.637800967893e-15       5.813480893693e-17       1.906237684644e-16 
 1059       1.479087678418e-10       4.263735907335e-12      -1.126393943475e-11       0.000000000000e+00       4.620927760300e-15       5.042940100720e-17       1.891560963077e-16 
 1060       1.483617646362e-10       4.221914950889e-12      -1.130762859013e-11       0.000000000000e+00       4.604130497736e-15       4.288690232682e-17       1.876791823157e-16 
 1061       1.488177736535e-10       4.179940267538e-12      -1.134784338727e-11       0.000000000000e+00       4.587408733970e-15       3.551042282412e-17       1.861927061042e-16 
 1062       1.492764199967e-10       4.137829237272e-12      -1.138457285099e-11       0.000000000000e+00       4.570762015168e-15       2.830309003517e-17       1.846963450329e-16 
 1063       1.497373258704e-10       4.095599372150e-12      -1.141780603689e-11       0.000000000000e+00       4.554189879882e-15       2.126804914039e-17       1.831897741994e-16 
 1064       1.502001105748e-10       4.053268316610e-12      -1.144753203149e-11       0.000000000000e+00       4.537691859017e-15       1.440846300121e-17       1.816726664350e-16 
 1065       1.506643904980e-10       4.010853847775e-12      -1.147373995242e-11       0.000000000000e+00       4.521267475821e-15       7.727512196622e-18       1.801446922986e-16 
 1066       1.511297791098e-10       3.968373875768e-12      -1.149641894856e-11       0.000000000000e+00       4.504916245850e-15       1.228395059873e-18       1.786055200718e-16 
 1067       1.515958869546e-10       3.925846444022e-12      -1.151555820021e-11       0.000000000000e+00       4.488637676958e-15      -5.085672284970e-18       1.770548157539e-16 
 1068       1.520623216443e-10       3.883289729584e-12      -1.153114691924e-11       0.000000000000e+00       4.472431269268e-15      -1.121145588638e-17       1.754922430561e-16 
 1069       1.525286878520e-10       3.840722043432e-12      -1.154317434928e-11       0.000000000000e+00       4.456296515149e-15      -1.714570392876e-17       1.739174633966e-16 
 1070       1.529945873045e-10       3.798161830780e-12      -1.155162976586e-11       0.000000000000e+00       4.440232899200e-15      -2.288514669581e-17       1.723301358955e-16 
 1071       1.534596187757e-10       3.755627671391e-12      -1.155650247658e-11       0.000000000000e+00       4.424239898222e-15      -2.842649653391e-17       1.707299173691e-16 
 1072       1.539233780799e-10       3.713138279884e-12      -1.155778182126e-11       0.000000000000e+00       4.408316981202e-15      -3.376644781553e-17       1.691164623252e-16 
 1073       1.543854898226e-10       3.670711415476e-12      -1.155546482112e-11       0.000000000000e+00       4.392463663982e-15      -3.890279198483e-17       1.674895306534e-16 
 1074       1.548457031415e-10       3.628360594314e-12      -1.154957923999e-11       0.000000000000e+00       4.376679674160e-15      -4.383777939538e-17       1.658493123140e-16 
 1075       1.553037972555e-10       3.586098332989e-12      -1.154016083745e-11       0.000000000000e+00       4.360964788391e-15      -4.857480317711e-17       1.641961070603e-16 
 1076       1.557595498216e-10       3.543937235246e-12      -1.152724574924e-11       0.000000000000e+00       4.345318777884e-15      -5.311728838463e-17       1.625302171491e-16 
 1077       1.562127369314e-10       3.501889992177e-12      -1.151087048821e-11       0.000000000000e+00       4.329741408377e-15      -5.746869207672e-17       1.608519473469e-16 
 1078       1.566631331075e-10       3.459969382419e-12      -1.149107194530e-11       0.000000000000e+00       4.314232440127e-15      -6.163250339583e-17       1.591616049358e-16 
 1079       1.571105112996e-10       3.418188272353e-12      -1.146788739051e-11       0.000000000000e+00       4.298791627891e-15      -6.561224364757e-17       1.574594997195e-16 
 1080       1.575546428815e-10       3.376559616294e-12      -1.144135447382e-11       0.000000000000e+00       4.283418720910e-15      -6.941146638021e-17       1.557459440291e-16 
 1081       1.579952976473e-10       3.335096456695e-12      -1.141151122617e-11       0.000000000000e+00       4.268113462893e-15      -7.303375746417e-17       1.540212527293e-16 
 1082       1.584322438076e-10       3.293811924336e-12      -1.137839606042e-11       0.000000000000e+00       4.252875591999e-15      -7.648273517152e-17       1.522857432243e-16 
 1083       1.588652479863e-10       3.252719238528e-12      -1.134204777230e-11       0.000000000000e+00       4.237704840825e-15      -7.976205025546e-17       1.505397354637e-16 
 1084       1.592940752169e-10       3.211831707300e-12      -1.130250554139e-11       0.000000000000e+00       4.222600936383e-15      -8.287538602985e-17       1.487835519486e-16 
 1085       1.597184889387e-10       3.171162727606e-12      -1.125980893204e-11       0.000000000000e+00       4.207563600092e-15      -8.582645844866e-17       1.470175177373e-16 
 1086       1.601382509938e-10       3.130725785513e-12      -1.121399789437e-11       0.000000000000e+00       4.192592547752e-15      -8.861901618550e-17       1.452419604517e-16 
 1087       1.605531216230e-10       3.090534456400e-12      -1.116511276520e-11       0.000000000000e+00       4.177687489538e-15      -9.125684071311e-17       1.434572102829e-16 
 1088       1.609628594624e-10       3.050602405158e-12      -1.111319426901e-11       0.000000000000e+00       4.162848129976e-15      -9.374374638283e-17       1.416635999972e-16 
 1089       1.613672215401e-10       3.010943386379e-12      -1.105828351891e-11       0.000000000000e+00       4.148074167927e-15      -9.608358050412e-17       1.398614649424e-16 
 1090       1.617659632721e-10       2.971571244559e-12      -1.100042201762e-11       0.000000000000e+00       4.133365296578e-15      -9.828022342405e-17       1.380511430534e-16 
 1091       1.621588384595e-10       2.932499914292e-12      -1.093965165837e-11       0.000000000000e+00       4.118721203416e-15      -1.003375886068e-16       1.362329748582e-16 
 1092       1.625455992840e-10       2.893743420465e-12      -1.087601472590e-11       0.000000000000e+00       4.104141570219e-15      -1.022596227131e-16       1.344073034843e-16 
 1093       1.629259963052e-10       2.855315878456e-12      -1.080955389743e-11       0.000000000000e+00       4.089626073036e-15      -1.040503056799e-16       1.325744746640e-16 
 1094       1.632997784566e-10       2.817231494330e-12      -1.074031224356e-11       0.000000000000e+00       4.075174382170e-15      -1.057136507996e-16       1.307348367410e-16 
 1095       1.636666930420e-10       2.779504565037e-12      -1.066833322932e-11       0.000000000000e+00       4.060786162167e-15      -1.072537047998e-16       1.288887406758e-16 
 1096       1.640264857322e-10       2.742149478604e-12      -1.059366071502e-11       0.000000000000e+00       4.046461071792e-15      -1.086745479225e-16       1.270365400523e-16 
 1097       1.643789005612e-10       2.705180714335e-12      -1.051633895730e-11       0.000000000000e+00       4.032198764019e-15      -1.099802940039e-16       1.251785910831e-16 
 1098       1.647236799228e-10       2.668612843008e-12      -1.043641261005e-11       0.000000000000e+00       4.017998886013e-15      -1.111750905539e-16       1.233152526160e-16 
 1099       1.650605645668e-10       2.632460527067e-12      -1.035392672535e-11       0.000000000000e+00       4.003861079110e-15      -1.122631188351e-16       1.214468861398e-16 
 1100       1.653892935959e-10       2.596738520824e-12      -1.026892675448e-11       0.000000000000e+00       3.989784978806e-15      -1.132485939432e-16       1.195738557901e-16 
 1101       1.657096044617e-10       2.561461670650e-12      -1.018145854882e-11       0.000000000000e+00       3.975770214738e-15      -1.141357648853e-16       1.176965283555e-16 
 1102       1.660212329611e-10       2.526644915177e-12      -1.009156836086e-11       0.000000000000e+00       3.961816410667e-15      -1.149289146606e-16       1.158152732833e-16 
 1103       1.663239132334e-10       2.492303285488e-12      -9.999302845122e-12       0.000000000000e+00       3.947923184465e-15      -1.156323603391e-16       1.139304626861e-16 
 1104       1.666173777557e-10       2.458451905319e-12      -9.904709059129e-12       0.000000000000e+00       3.934090148094e-15      -1.162504531412e-16       1.120424713467e-16 
 1105       1.669013573404e-10       2.425105991252e-12      -9.807834464375e-12       0.000000000000e+00       3.920316907593e-15      -1.167875785178e-16       1.101516767253e-16 
 1106       1.671755811309e-10       2.392280852912e-12      -9.708726927272e-12       0.000000000000e+00       3.906603063061e-15      -1.172481562288e-16       1.082584589643e-16 
 1107       1.674397765982e-10       2.359991893165e-12      -9.607434720110e-12       0.000000000000e+00       3.892948208640e-15      -1.176366404235e-16       1.063632008954e-16 
 1108       1.676936695377e-10       2.328254608312e-12      -9.504006522019e-12       0.000000000000e+00       3.879351932499e-15      -1.179575197194e-16       1.044662880444e-16 
 1109       1.679369840652e-10       2.297084588287e-12      -9.398491419922e-12       0.000000000000e+00       3.865813816819e-15      -1.182153172824e-16       1.025681086383e-16 
 1110       1.681694426134e-10       2.266497516853e-12      -9.290938909500e-12       0.000000000000e+00       3.852333437773e-15      -1.184145909056e-16       1.006690536105e-16 
 1111       1.683907659287e-10       2.236509171798e-12      -9.181398896146e-12       0.000000000000e+00       3.838910365516e-15      -1.185599330892e-16       9.876951660697e-17 
 1112       1.686007153281e-10       2.207133397964e-12      -9.069922669767e-12       0.000000000000e+00       3.825544208637e-15      -1.186553185598e-16       9.686987830822e-17 
 1113       1.687992200866e-10       2.178375996772e-12      -8.956565841281e-12       0.000000000000e+00       3.812234748222e-15      -1.187021372794e-16       9.497045915720e-17 
 1114       1.689862517172e-10       2.150240756787e-12      -8.841385446613e-12       0.000000000000e+00       3.798981805522e-15      -1.187011357462e-16       9.307156602197e-17 
 1115       1.691617818617e-10       2.122731473611e-12      -8.724438977404e-12       0.000000000000e+00       3.785785197629e-15      -1.186530672269e-16       9.117350782797e-17 
 1116       1.693257822920e-10       2.095851949872e-12      -8.605784382063e-12       0.000000000000e+00       3.772644737460e-15      -1.185586917724e-16       8.927659556242e-17 
 1117       1.694782249098e-10       2.069605995233e-12      -8.485480066823e-12       0.000000000000e+00       3.759560233749e-15      -1.184187762348e-16       8.738114227879e-17 
 1118       1.696190817477e-10       2.043997426388e-12      -8.363584896788e-12       0.000000000000e+00       3.746531491029e-15      -1.182340942829e-16       8.548746310125e-17 
 1119       1.697483249698e-10       2.019030067061e-12      -8.240158196993e-12       0.000000000000e+00       3.733558309628e-15      -1.180054264189e-16       8.359587522912e-17 
 1120       1.698659268717e-10       1.994707748008e-12      -8.115259753451e-12       0.000000000000e+00       3.720640485650e-15      -1.177335599944e-16       8.170669794133e-17 
 1121       1.699718598816e-10       1.971034307015e-12      -7.988949814211e-12       0.000000000000e+00       3.707777810966e-15      -1.174192892267e-16       7.982025260084e-17 
 1122       1.700660965605e-10       1.948013588899e-12      -7.861289090405e-12       0.000000000000e+00       3.694970073203e-15      -1.170634152149e-16       7.793686265913e-17 
 1123       1.701486096029e-10       1.925649445508e-12      -7.732338757307e-12       0.000000000000e+00       3.682217055730e-15      -1.166667459564e-16       7.605685366059e-17 
 1124       1.702193718372e-10       1.903945735720e-12      -7.602160455383e-12       0.000000000000e+00       3.669518537645e-15      -1.162300963630e-16       7.418055324704e-17 
 1125       1.702783562264e-10       1.882906325442e-12      -7.470816291342e-12       0.000000000000e+00       3.656874293767e-15      -1.157542882769e-16       7.230829116214e-17 
 1126       1.703255358685e-10       1.862535087612e-12      -7.338368839193e-12       0.000000000000e+00       3.644284094622e-15      -1.152401504872e-16       7.044039925583e-17 
 1127       1.703608839970e-10       1.842835902197e-12      -7.204881141295e-12       0.000000000000e+00       3.631747706428e-15      -1.146885187460e-16       6.857721148881e-17 
 1128       1.703843739816e-10       1.823812656194e-12      -7.070416709412e-12       0.000000000000e+00       3.619264891088e-15      -1.141002357848e-16       6.671906393697e-17 
 1129       1.703959793288e-10       1.805469243631e-12      -6.935039525764e-12       0.000000000000e+00       3.606835406175e-15      -1.134761513303e-16       6.486629479584e-17 
 1130       1.703956736820e-10       1.787809565561e-12      -6.798814044080e-12       0.000000000000e+00       3.594459004921e-15      -1.128171221212e-16       6.301924438503e-17 
 1131       1.703834308227e-10       1.770837530070e-12      -6.661805190653e-12       0.000000000000e+00       3.582135436203e-15      -1.121240119239e-16       6.117825515273e-17 
 1132       1.703592246702e-10       1.754557052272e-12      -6.524078365392e-12       0.000000000000e+00       3.569864444534e-15      -1.113976915492e-16       5.934367168009e-17 
 1133       1.703230292831e-10       1.738972054307e-12      -6.385699442871e-12       0.000000000000e+00       3.557645770050e-15      -1.106390388680e-16       5.751584068570e-17 
 1134       1.702748188589e-10       1.724086465346e-12      -6.246734773391e-12       0.000000000000e+00       3.545479148496e-15      -1.098489388281e-16       5.569511103007e-17 
 1135       1.702145677354e-10       1.709904221588e-12      -6.107251184022e-12       0.000000000000e+00       3.533364311218e-15      -1.090282834698e-16       5.388183372001e-17 
 1136       1.701422503904e-10       1.696429266259e-12      -5.967315979665e-12       0.000000000000e+00       3.521300985147e-15      -1.081779719427e-16       5.207636191315e-17 
 1137       1.700578414429e-10       1.683665549615e-12      -5.826996944099e-12       0.000000000000e+00       3.509288892788e-15      -1.072989105217e-16       5.027905092236e-17 
 1138       1.699613156535e-10       1.671617028937e-12      -5.686362341038e-12       0.000000000000e+00       3.497327752209e-15      -1.063920126230e-16       4.849025822018e-17 
 1139       1.698526479244e-10       1.660287668536e-12      -5.545480915181e-12       0.000000000000e+00       3.485417277031e-15      -1.054581988206e-16       4.671034344329e-17 
 1140       1.697318133007e-10       1.649681439748e-12      -5.404421893265e-12       0.000000000000e+00       3.473557176409e-15      -1.044983968627e-16       4.493966839696e-17 
 1141       1.695987869707e-10       1.639802320938e-12      -5.263254985120e-12       0.000000000000e+00       3.461747155029e-15      -1.035135416872e-16       4.317859705952e-17 
 1142       1.694535442659e-10       1.630654297498e-12      -5.122050384722e-12       0.000000000000e+00       3.449986913088e-15      -1.025045754388e-16       4.142749558675e-17 
 1143       1.692960606623e-10       1.622241361845e-12      -4.980878771242e-12       0.000000000000e+00       3.438276146288e-15      -1.014724474848e-16       3.968673231639e-17 
 1144       1.691263117806e-10       1.614567513425e-12      -4.839811310105e-12       0.000000000000e+00       3.426614545821e-15      -1.004181144310e-16       3.795667777256e-17 
 1145       1.689442733866e-10       1.607636758709e-12      -4.698919654036e-12       0.000000000000e+00       3.415001798356e-15      -9.934254013872e-17       3.623770467020e-17 
 1146       1.687499213920e-10       1.601453111195e-12      -4.558275944120e-12       0.000000000000e+00       3.403437586031e-15      -9.824669574029e-17       3.453018791956e-17 
 1147       1.685432318547e-10       1.596020591406e-12      -4.417952810848e-12       0.000000000000e+00       3.391921586437e-15      -9.713155965566e-17       3.283450463060e-17 
 1148       1.683241809796e-10       1.591343226891e-12      -4.278023375177e-12       0.000000000000e+00       3.380453472606e-15      -9.599811760851e-17       3.115103411747e-17 
 1149       1.680927451188e-10       1.587425052227e-12      -4.138561249576e-12       0.000000000000e+00       3.369032913004e-15      -9.484736264252e-17       2.948015790297e-17 
 1150       1.678489007725e-10       1.584270109014e-12      -3.999640539086e-12       0.000000000000e+00       3.357659571513e-15      -9.368029513753e-17       2.782225972296e-17 
 1151       1.675926527758e-10       1.581880705848e-12      -3.861330410276e-12       0.000000000000e+00       3.346333141291e-15      -9.249729011613e-17       2.617763601834e-17 
 1152       1.673241192508e-10       1.580252174041e-12      -3.723678720531e-12       0.000000000000e+00       3.335053446840e-15      -9.129619033544e-17       2.454622615768e-17 
 1153       1.670434477341e-10       1.579378045311e-12      -3.586728182994e-12       0.000000000000e+00       3.323820343207e-15      -9.007418901501e-17       2.292787879798e-17 
 1154       1.667507870917e-10       1.579251785618e-12      -3.450521780369e-12       0.000000000000e+00       3.312633682228e-15      -8.882846030950e-17       2.132244108286e-17 
 1155       1.664462875216e-10       1.579866795002e-12      -3.315102765478e-12       0.000000000000e+00       3.301493312518e-15      -8.755615926767e-17       1.972975863891e-17 
 1156       1.661301005571e-10       1.581216407430e-12      -3.180514661824e-12       0.000000000000e+00       3.290399079460e-15      -8.625442179131e-17       1.814967557200e-17 
 1157       1.658023790698e-10       1.583293890634e-12      -3.046801264151e-12       0.000000000000e+00       3.279350825197e-15      -8.492036459422e-17       1.658203446367e-17 
 1158       1.654632772729e-10       1.586092445957e-12      -2.914006639008e-12       0.000000000000e+00       3.268348388625e-15      -8.355108516120e-17       1.502667636747e-17 
 1159       1.651129507242e-10       1.589605208194e-12      -2.782175125306e-12       0.000000000000e+00       3.257391605380e-15      -8.214366170697e-17       1.348344080529e-17 
 1160       1.647515563288e-10       1.593825245432e-12      -2.651351334886e-12       0.000000000000e+00       3.246480307835e-15      -8.069515313516e-17       1.195216576373e-17 
 1161       1.643792523428e-10       1.598745558898e-12      -2.521580153072e-12       0.000000000000e+00       3.235614325084e-15      -7.920259899726e-17       1.043268769044e-17 
 1162       1.639961983760e-10       1.604359082795e-12      -2.392906739239e-12       0.000000000000e+00       3.224793482940e-15      -7.766301945160e-17       8.924841490456e-18 
 1163       1.636025553951e-10       1.610658684148e-12      -2.265376527372e-12       0.000000000000e+00       3.214017603919e-15      -7.607341522229e-17       7.428460522582e-18 
 1164       1.631984857268e-10       1.617637162646e-12      -2.139035226625e-12       0.000000000000e+00       3.203286507237e-15      -7.443076755821e-17       5.943376595700e-18 
 1165       1.627841530609e-10       1.625287250484e-12      -2.013928821887e-12       0.000000000000e+00       3.192600008800e-15      -7.273203819196e-17       4.469419965142e-18 
 1166       1.623597224532e-10       1.633601612205e-12      -1.890103574339e-12       0.000000000000e+00       3.181957921191e-15      -7.097416929882e-17       3.006419329032e-18 
 1167       1.619253603289e-10       1.642572844541e-12      -1.767606022019e-12       0.000000000000e+00       3.171360053666e-15      -6.915408345573e-17       1.554201824632e-18 
 1168       1.614812344855e-10       1.652193476260e-12      -1.646482980380e-12       0.000000000000e+00       3.160806212141e-15      -6.726868360022e-17       1.125930246974e-19 
 1169       1.610275140958e-10       1.662455968003e-12      -1.526781542853e-12       0.000000000000e+00       3.150296199188e-15      -6.531485298942e-17      -1.318583066183e-18 
 1170       1.605643697112e-10       1.673352712130e-12      -1.408549081407e-12       0.000000000000e+00       3.139829814021e-15      -6.328945515898e-17      -2.739504015232e-18 
 1171       1.600919732647e-10       1.684876032559e-12      -1.291833247115e-12       0.000000000000e+00       3.129406852488e-15      -6.118933388206e-17      -4.150348965139e-18 
 1172       1.596104980739e-10       1.697018184612e-12      -1.176681970708e-12       0.000000000000e+00       3.119027107066e-15      -5.901131312830e-17      -5.551298637709e-18 
 1173       1.591201188443e-10       1.709771354856e-12      -1.063143463141e-12       0.000000000000e+00       3.108690366848e-15      -5.675219702275e-17      -6.942535337517e-18 
 1174       1.586210116720e-10       1.723127660944e-12      -9.512662161547e-13       0.000000000000e+00       3.098396417535e-15      -5.440876980487e-17      -8.324242955558e-18 
 1175       1.581133540474e-10       1.737079151458e-12      -8.410990028336e-13       0.000000000000e+00       3.088145041428e-15      -5.197779578746e-17      -9.696606972898e-18 
 1176       1.575973248577e-10       1.751617805752e-12      -7.326908781703e-13       0.000000000000e+00       3.077936017418e-15      -4.945601931566e-17      -1.105981446433e-17 
 1177       1.570731043901e-10       1.766735533796e-12      -6.260911796255e-13       0.000000000000e+00       3.067769120976e-15      -4.684016472589e-17      -1.241405410201e-17 
 1178       1.565408743353e-10       1.782424176013e-12      -5.213495276892e-13       0.000000000000e+00       3.057644124150e-15      -4.412693630481e-17      -1.375951615913e-17 
 1179       1.560008177901e-10       1.798675503127e-12      -4.185158264427e-13       0.000000000000e+00       3.047560795546e-15      -4.131301824829e-17      -1.509639251356e-17 
 1180       1.554531192606e-10       1.815481216002e-12      -3.176402641194e-13       0.000000000000e+00       3.037518900329e-15      -3.839507462040e-17      -1.642487665150e-17 
 1181       1.548979646656e-10       1.832832945486e-12      -2.187733136660e-13       0.000000000000e+00       3.027518200207e-15      -3.536974931233e-17      -1.774516367112e-17 
 1182       1.543355413393e-10       1.850722252254e-12      -1.219657333044e-13       0.000000000000e+00       3.017558453428e-15      -3.223366600136e-17      -1.905745028624e-17 
 1183       1.537660380345e-10       1.869140626646e-12      -2.726856709258e-14       0.000000000000e+00       3.007639414763e-15      -2.898342810988e-17      -2.036193482995e-17 
 1184       1.531896449259e-10       1.888079488515e-12       6.526685451410e-14       0.000000000000e+00       2.997760835506e-15      -2.561561876426e-17      -2.165881725827e-17 
 1185       1.526065536129e-10       1.907530187065e-12       1.555889141014e-13       0.000000000000e+00       2.987922463459e-15      -2.212680075390e-17      -2.294829915383e-17 
 1186       1.520169571227e-10       1.927484000697e-12       2.436457067348e-13       0.000000000000e+00       2.978124042926e-15      -1.851351649014e-17      -2.423058372947e-17 
 1187       1.514210499137e-10       1.947932136849e-12       3.293850393987e-13       0.000000000000e+00       2.968365314702e-15      -1.477228796525e-17      -2.550587583195e-17 
 1188       1.508190278782e-10       1.968865731838e-12       4.127544304343e-13       0.000000000000e+00       2.958646016066e-15      -1.089961671139e-17      -2.677438194555e-17 
 1189       1.502110883457e-10       1.990275850703e-12       4.937011089791e-13       0.000000000000e+00       2.948965880771e-15      -6.891983759549e-18      -2.803631019574e-17 
 1190       1.495974314770e-10       2.012152995337e-12       5.721800222954e-13       0.000000000000e+00       2.939324663978e-15      -2.747475240817e-18      -2.929181419872e-17 
 1191       1.489782644576e-10       2.034485622587e-12       6.481779665487e-13       0.000000000000e+00       2.929722217418e-15       1.529318870482e-18      -3.054082384763e-17 
 1192       1.483537973620e-10       2.057261607636e-12       7.216897513023e-13       0.000000000000e+00       2.920158415133e-15       5.932143412295e-18      -3.178321245520e-17 
 1193       1.477242417705e-10       2.080468733868e-12       7.927102186264e-13       0.000000000000e+00       2.910633128615e-15       1.045469812304e-17      -3.301885271826e-17 
 1194       1.470898107722e-10       2.104094692668e-12       8.612342432155e-13       0.000000000000e+00       2.901146226795e-15       1.509063754501e-17      -3.424761671665e-17 
 1195       1.464507189686e-10       2.128127083221e-12       9.272567325044e-13       0.000000000000e+00       2.891697576039e-15       1.983357092775e-17      -3.546937591209e-17 
 1196       1.458071824764e-10       2.152553412313e-12       9.907726267854e-13       0.000000000000e+00       2.882287040141e-15       2.467706213148e-17      -3.668400114711e-17 
 1197       1.451594189309e-10       2.177361094133e-12       1.051776899325e-12       0.000000000000e+00       2.872914480311e-15       2.961462953047e-17      -3.789136264392e-17 
 1198       1.445076474894e-10       2.202537450074e-12       1.110264556479e-12       0.000000000000e+00       2.863579755178e-15       3.463974591645e-17      -3.909133000331e-17 
 1199       1.438520888341e-10       2.228069708533e-12       1.166230637814e-12       0.000000000000e+00       2.854282720773e-15       3.974583840198e-17      -4.028377220358e-17 
 1200       1.431929651753e-10       2.253945004708e-12       1.219670216217e-12       0.000000000000e+00       2.845023230529e-15       4.492628832387e-17      -4.146855759938e-17 
 1201       1.425305002550e-10       2.280150380407e-12       1.270578398018e-12       0.000000000000e+00       2.835801135270e-15       5.017443114657e-17      -4.264555392066e-17 
 1202       1.418649193494e-10       2.306672783842e-12       1.318950323105e-12       0.000000000000e+00       2.826616283208e-15       5.548355636557e-17      -4.381462827154e-17 
 1203       1.411964492729e-10       2.333499069430e-12       1.364781165037e-12       0.000000000000e+00       2.817468519934e-15       6.084690741078e-17      -4.497564712920e-17 
 1204       1.405253183809e-10       2.360615997597e-12       1.408066131168e-12       0.000000000000e+00       2.808357688410e-15       6.625768154994e-17      -4.612847634281e-17 
 1205       1.398517565728e-10       2.388010234578e-12       1.448800462757e-12       0.000000000000e+00       2.799283628964e-15       7.170902979199e-17      -4.727298113240e-17 
 1206       1.391759952956e-10       2.415668352215e-12       1.486979435088e-12       0.000000000000e+00       2.790246179284e-15       7.719405679051e-17      -4.840902608775e-17 
 1207       1.384982675471e-10       2.443576827761e-12       1.522598357588e-12       0.000000000000e+00       2.781245174407e-15       8.270582074708e-17      -4.953647516732e-17 
 1208       1.378188078787e-10       2.471722043677e-12       1.555652573938e-12       0.000000000000e+00       2.772280446718e-15       8.823733331469e-17      -5.065519169711e-17 
 1209       1.371378523990e-10       2.500090287438e-12       1.586137462197e-12       0.000000000000e+00       2.763351825939e-15       9.378155950113e-17      -5.176503836960e-17 
 1210       1.364556387767e-10       2.528667751328e-12       1.614048434912e-12       0.000000000000e+00       2.754459139123e-15       9.933141757238e-17      -5.286587724258e-17 
 1211       1.357724062443e-10       2.557440532245e-12       1.639380939241e-12       0.000000000000e+00       2.745602210647e-15       1.048797789560e-16      -5.395756973813e-17 
 1212       1.350883956007e-10       2.586394631500e-12       1.662130457064e-12       0.000000000000e+00       2.736780862209e-15       1.104194681446e-16      -5.503997664146e-17 
 1213       1.344038492146e-10       2.615515954615e-12       1.682292505105e-12       0.000000000000e+00       2.727994912813e-15       1.159432625991e-16      -5.611295809982e-17 
 1214       1.337190110282e-10       2.644790311132e-12       1.699862635042e-12       0.000000000000e+00       2.719244178770e-15       1.214438926523e-16      -5.717637362139e-17 
 1215       1.330341265596e-10       2.674203414402e-12       1.714836433631e-12       0.000000000000e+00       2.710528473689e-15       1.269140414119e-16      -5.823008207422e-17 
 1216       1.323494429066e-10       2.703740881397e-12       1.727209522819e-12       0.000000000000e+00       2.701847608466e-15       1.323463446646e-16      -5.927394168505e-17 
 1217       1.316652087496e-10       2.733388232502e-12       1.736977559860e-12       0.000000000000e+00       2.693201391285e-15       1.377333907787e-16      -6.030781003829e-17 
 1218       1.309816743550e-10       2.763130891322e-12       1.744136237433e-12       0.000000000000e+00       2.684589627602e-15       1.430677206081e-16      -6.133154407485e-17 
 1219       1.302990915781e-10       2.792954184479e-12       1.748681283758e-12       0.000000000000e+00       2.676012120146e-15       1.483418273953e-16      -6.234500009109e-17 
 1220       1.296177138669e-10       2.822843341413e-12       1.750608462715e-12       0.000000000000e+00       2.667468668909e-15       1.535481566750e-16      -6.334803373766e-17 
 1221       1.289377962645e-10       2.852783494184e-12       1.749913573957e-12       0.000000000000e+00       2.658959071138e-15       1.586791061774e-16      -6.434050001846e-17 
 1222       1.282595954131e-10       2.882759677273e-12       1.746592453030e-12       0.000000000000e+00       2.650483121329e-15       1.637270257318e-16      -6.532225328949e-17 
 1223       1.275833695566e-10       2.912756827381e-12       1.740640971487e-12       0.000000000000e+00       2.642040611223e-15       1.686842171696e-16      -6.629314725777e-17 
 1224       1.269093785441e-10       2.942759783230e-12       1.732055037007e-12       0.000000000000e+00       2.633631329794e-15       1.735429342283e-16      -6.725303498021e-17 
 1225       1.262378838330e-10       2.972753285367e-12       1.720830593509e-12       0.000000000000e+00       2.625255063246e-15       1.782953824540e-16      -6.820176886257e-17 
 1226       1.255691484924e-10       3.002721975960e-12       1.706963621273e-12       0.000000000000e+00       2.616911595005e-15       1.829337191058e-16      -6.913920065826e-17 
 1227       1.249034372060e-10       3.032650398599e-12       1.690450137053e-12       0.000000000000e+00       2.608600705713e-15       1.874500530586e-16      -7.006518146734e-17 
 1228       1.242410162756e-10       3.062522998103e-12       1.671286194193e-12       0.000000000000e+00       2.600322173219e-15       1.918364447063e-16      -7.097956173533e-17 
 1229       1.235821319773e-10       3.092325043813e-12       1.649473657087e-12       0.000000000000e+00       2.592075794352e-15       1.960871642232e-16      -7.188220291473e-17 
 1230       1.229269453442e-10       3.122045411924e-12       1.625037599483e-12       0.000000000000e+00       2.583861450523e-15       2.002054959391e-16      -7.277301260338e-17 
 1231       1.222755966141e-10       3.151673835855e-12       1.598009113345e-12       0.000000000000e+00       2.575679042890e-15       2.041970147035e-16      -7.365190982180e-17 
 1232       1.216282268082e-10       3.181199985623e-12       1.568419553861e-12       0.000000000000e+00       2.567528470644e-15       2.080673349529e-16      -7.451881338842e-17 
 1233       1.209849777317e-10       3.210613467716e-12       1.536300540019e-12       0.000000000000e+00       2.559409631005e-15       2.118221107927e-16      -7.537364191934e-17 
 1234       1.203459919762e-10       3.239903824971e-12       1.501683955181e-12       0.000000000000e+00       2.551322419217e-15       2.154670360805e-16      -7.621631382821e-17 
 1235       1.197114129203e-10       3.269060536442e-12       1.464601947655e-12       0.000000000000e+00       2.543266728543e-15       2.190078445083e-16      -7.704674732600e-17 
 1236       1.190813847318e-10       3.298073017279e-12       1.425086931277e-12       0.000000000000e+00       2.535242450259e-15       2.224503096856e-16      -7.786486042085e-17 
 1237       1.184560523686e-10       3.326930618603e-12       1.383171585980e-12       0.000000000000e+00       2.527249473650e-15       2.258002452217e-16      -7.867057091792e-17 
 1238       1.178355615806e-10       3.355622627373e-12       1.338888858371e-12       0.000000000000e+00       2.519287686004e-15       2.290635048085e-16      -7.946379641916e-17 
 1239       1.172200589112e-10       3.384138266268e-12       1.292271962306e-12       0.000000000000e+00       2.511356972608e-15       2.322459823033e-16      -8.024445432315e-17 
 1240       1.166096916983e-10       3.412466693554e-12       1.243354379469e-12       0.000000000000e+00       2.503457216740e-15       2.353536118113e-16      -8.101246182494e-17 
 1241       1.160046080765e-10       3.440597002966e-12       1.192169859938e-12       0.000000000000e+00       2.495588299669e-15       2.383923677683e-16      -8.176773591588e-17 
 1242       1.154049569779e-10       3.468518223574e-12       1.138752422770e-12       0.000000000000e+00       2.487750100645e-15       2.413682650234e-16      -8.251019338339e-17 
 1243       1.148108881342e-10       3.496219319662e-12       1.083136356569e-12       0.000000000000e+00       2.479942496897e-15       2.442873589218e-16      -8.323975081085e-17 
 1244       1.142225520775e-10       3.523689190600e-12       1.025356220066e-12       0.000000000000e+00       2.472165363626e-15       2.471557453870e-16      -8.395632457737e-17 
 1245       1.136401001425e-10       3.550916670719e-12       9.654468426888e-13       0.000000000000e+00       2.464418574002e-15       2.499795610042e-16      -8.465983085764e-17 
 1246       1.130636844677e-10       3.577890529185e-12       9.034433251429e-13       0.000000000000e+00       2.456701999155e-15       2.527649831023e-16      -8.535018562175e-17 
 1247       1.124934579965e-10       3.604599469871e-12       8.393810399824e-13       0.000000000000e+00       2.449015508174e-15       2.555182298370e-16      -8.602730463501e-17 
 1248       1.119295744794e-10       3.631032131236e-12       7.732956321868e-13       0.000000000000e+00       2.441358968102e-15       2.582455602732e-16      -8.669110345776e-17 
 1249       1.113721884748e-10       3.657177086192e-12       7.052230197356e-13       0.000000000000e+00       2.433732243927e-15       2.609532744678e-16      -8.734149744522e-17 
 1250       1.108214553511e-10       3.683022841984e-12       6.351993941837e-13       0.000000000000e+00       2.426135198579e-15       2.636477135523e-16      -8.797840174729e-17 
 1251       1.102775312878e-10       3.708557840060e-12       5.632612212362e-13       0.000000000000e+00       2.418567692926e-15       2.663352598158e-16      -8.860173130839e-17 
 1252       1.097405732770e-10       3.733770455949e-12       4.894452413235e-13       0.000000000000e+00       2.411029585769e-15       2.690223367871e-16      -8.921140086726e-17 
 1253       1.092107391250e-10       3.758648999131e-12       4.137884701766e-13       0.000000000000e+00       2.403520733833e-15       2.717154093176e-16      -8.980732495681e-17 
 1254       1.086881874538e-10       3.783181712914e-12       3.363281994021e-13       0.000000000000e+00       2.396040991767e-15       2.744209836643e-16      -9.038941790391e-17 
 1255       1.081730777025e-10       3.807356774306e-12       2.571019970572e-13       0.000000000000e+00       2.388590212137e-15       2.771456075720e-16      -9.095759382926e-17 
 1256       1.076655701289e-10       3.831162293890e-12       1.761477082246e-13       0.000000000000e+00       2.381168245419e-15       2.798958703562e-16      -9.151176664716e-17 
 1257       1.071658258109e-10       3.854586315698e-12       9.350345558822e-14       0.000000000000e+00       2.373774939996e-15       2.826784029859e-16      -9.205185006537e-17 
 1258       1.066740066479e-10       3.877616817084e-12       9.207640007505e-15       0.000000000000e+00       2.366410142151e-15       2.854998781657e-16      -9.257775758491e-17 
 1259       1.061902753624e-10       3.900241708602e-12      -7.670105890697e-14       0.000000000000e+00       2.359073696067e-15       2.883670104194e-16      -9.308940249991e-17 
 1260       1.057147955017e-10       3.922448833872e-12      -1.641836822186e-13       0.000000000000e+00       2.351765443815e-15       2.912865561717e-16      -9.358669789740e-17 
 1261       1.052477314390e-10       3.944225969464e-12      -2.532009910897e-13       0.000000000000e+00       2.344485225352e-15       2.942653138316e-16      -9.406955665717e-17 
 1262       1.047892483750e-10       3.965560824763e-12      -3.437134662062e-13       0.000000000000e+00       2.337232878516e-15       2.973101238746e-16      -9.453789145155e-17 
 1263       1.043395123394e-10       3.986441041849e-12      -4.356813072030e-13       0.000000000000e+00       2.330008239024e-15       3.004278689255e-16      -9.499161474526e-17 
 1264       1.038986901927e-10       4.006854195370e-12      -5.290644320884e-13       0.000000000000e+00       2.322811140460e-15       3.036254738415e-16      -9.543063879523e-17 
 1265       1.034669496271e-10       4.026787792412e-12      -6.238224766693e-13       0.000000000000e+00       2.315641414274e-15       3.069099057940e-16      -9.585487565043e-17 
 1266       1.030444591686e-10       4.046229272378e-12      -7.199147939761e-13       0.000000000000e+00       2.308498889778e-15       3.102881743521e-16      -9.626423715167e-17 
 1267       1.026313881778e-10       4.065166006861e-12      -8.173004536874e-13       0.000000000000e+00       2.301383394140e-15       3.137673315647e-16      -9.665863493145e-17 
 1268       1.022278780732e-10       4.083586981478e-12      -9.159376476205e-13       0.000000000000e+00       2.294294768332e-15       3.173523118054e-16      -9.703800478893e-17 
 1269       1.018339556324e-10       4.101487862856e-12      -1.015781899857e-12       0.000000000000e+00       2.287232915207e-15       3.210394238809e-16      -9.740238012300e-17 
 1270       1.014496186939e-10       4.118865989819e-12      -1.116787834836e-12       0.000000000000e+00       2.280197751964e-15       3.248227840547e-16      -9.775181934551e-17 
 1271       1.010748648445e-10       4.135718696719e-12      -1.218909768801e-12       0.000000000000e+00       2.273189194248e-15       3.286964693994e-16      -9.808638158452e-17 
 1272       1.007096914193e-10       4.152043313440e-12      -1.322101709178e-12       0.000000000000e+00       2.266207156136e-15       3.326545177192e-16      -9.840612668601e-17 
 1273       1.003540955002e-10       4.167837165399e-12      -1.426317353957e-12       0.000000000000e+00       2.259251550142e-15       3.366909274707e-16      -9.871111521544e-17 
 1274       1.000080739158e-10       4.183097573538e-12      -1.531510091072e-12       0.000000000000e+00       2.252322287207e-15       3.407996576848e-16      -9.900140845945e-17 
 1275       9.967162324055e-11       4.197821854332e-12      -1.637632997783e-12       0.000000000000e+00       2.245419276697e-15       3.449746278884e-16      -9.927706842743e-17 
 1276       9.934473979403e-11       4.212007319782e-12      -1.744638840056e-12       0.000000000000e+00       2.238542426400e-15       3.492097180258e-16      -9.953815785327e-17 
 1277       9.902741964046e-11       4.225651277418e-12      -1.852480071941e-12       0.000000000000e+00       2.231691642519e-15       3.534987683800e-16      -9.978474019688e-17 
 1278       9.871965858793e-11       4.238751030297e-12      -1.961108834959e-12       0.000000000000e+00       2.224866829675e-15       3.578355794949e-16      -1.000168796459e-16 
 1279       9.842145218774e-11       4.251303877005e-12      -2.070476957476e-12       0.000000000000e+00       2.218067890893e-15       3.622139120963e-16      -1.002346411174e-16 
 1280       9.813279573378e-11       4.263307111651e-12      -2.180535954087e-12       0.000000000000e+00       2.211294727608e-15       3.666274870138e-16      -1.004380902593e-16 
 1281       9.785368426184e-11       4.274758023873e-12      -2.291237024996e-12       0.000000000000e+00       2.204547239653e-15       3.710699851021e-16      -1.006272934523e-16 
 1282       9.758411254899e-11       4.285653898832e-12      -2.402531055396e-12       0.000000000000e+00       2.197825325261e-15       3.755350471629e-16      -1.008023178114e-16 
 1283       9.732407511285e-11       4.295992017214e-12      -2.514368614850e-12       0.000000000000e+00       2.191128881059e-15       3.800162738662e-16      -1.009632311873e-16 
 1284       9.707356621101e-11       4.305769655232e-12      -2.626699956675e-12       0.000000000000e+00       2.184457802062e-15       3.845072256718e-16      -1.011101021684e-16 
 1285       9.683257984032e-11       4.314984084619e-12      -2.739475017314e-12       0.000000000000e+00       2.177811981673e-15       3.890014227513e-16      -1.012430000825e-16 
 1286       9.660110973625e-11       4.323632572633e-12      -2.852643415726e-12       0.000000000000e+00       2.171191311674e-15       3.934923449091e-16      -1.013619949978e-16 
 1287       9.637914937222e-11       4.331712382055e-12      -2.966154452762e-12       0.000000000000e+00       2.164595682230e-15       3.979734315044e-16      -1.014671577255e-16 
 1288       9.616669195897e-11       4.339220771186e-12      -3.079957110546e-12       0.000000000000e+00       2.158024981875e-15       4.024380813727e-16      -1.015585598204e-16 
 1289       9.596373044385e-11       4.346154993850e-12      -3.194000051854e-12       0.000000000000e+00       2.151479097517e-15       4.068796527470e-16      -1.016362735835e-16 
 1290       9.577025751019e-11       4.352512299393e-12      -3.308231619501e-12       0.000000000000e+00       2.144957914428e-15       4.112914631799e-16      -1.017003720630e-16 
 1291       9.558626557667e-11       4.358289932679e-12      -3.422599835712e-12       0.000000000000e+00       2.138461316245e-15       4.156667894649e-16      -1.017509290561e-16 
 1292       9.541174679659e-11       4.363485134093e-12      -3.537052401512e-12       0.000000000000e+00       2.131989184961e-15       4.199988675578e-16      -1.017880191108e-16 
 1293       9.524669305727e-11       4.368095139541e-12      -3.651536696100e-12       0.000000000000e+00       2.125541400925e-15       4.242808924987e-16      -1.018117175274e-16 
 1294       9.509109597938e-11       4.372117180444e-12      -3.765999776233e-12       0.000000000000e+00       2.119117842837e-15       4.285060183331e-16      -1.018221003602e-16 
 1295       9.494494691625e-11       4.375548483744e-12      -3.880388375605e-12       0.000000000000e+00       2.112718387744e-15       4.326673580337e-16      -1.018192444189e-16 
 1296       9.480823695324e-11       4.378386271901e-12      -3.994648904229e-12       0.000000000000e+00       2.106342911033e-15       4.367579834221e-16      -1.018032272708e-16 
 1297       9.468095690709e-11       4.380627762890e-12      -4.108727447816e-12       0.000000000000e+00       2.099991286435e-15       4.407709250902e-16      -1.017741272418e-16 
 1298       9.456309732523e-11       4.382270170204e-12      -4.222569767158e-12       0.000000000000e+00       2.093663386011e-15       4.446991723215e-16      -1.017320234184e-16 
 1299       9.445464848512e-11       4.383310702852e-12      -4.336121297506e-12       0.000000000000e+00       2.087359080157e-15       4.485356730134e-16      -1.016769956494e-16 
 1300       9.435560039362e-11       4.383746565359e-12      -4.449327147953e-12       0.000000000000e+00       2.081078237595e-15       4.522733335979e-16      -1.016091245472e-16 
 1301       9.426594278633e-11       4.383574957763e-12      -4.562132100810e-12       0.000000000000e+00       2.074820725370e-15       4.559050189639e-16      -1.015284914899e-16 
 1302       9.418566512689e-11       4.382793075619e-12      -4.674480610995e-12       0.000000000000e+00       2.068586408846e-15       4.594235523782e-16      -1.014351786224e-16 
 1303       9.411475660636e-11       4.381398109995e-12      -4.786316805405e-12       0.000000000000e+00       2.062375151704e-15       4.628217154076e-16      -1.013292688586e-16 
 1304       9.405320614255e-11       4.379387247470e-12      -4.897584482302e-12       0.000000000000e+00       2.056186815935e-15       4.660922478398e-16      -1.012108458827e-16 
 1305       9.400100237934e-11       4.376757670139e-12      -5.008227110691e-12       0.000000000000e+00       2.050021261839e-15       4.692278476058e-16      -1.010799941507e-16 
 1306       9.395813368606e-11       4.373506555608e-12      -5.118187829702e-12       0.000000000000e+00       2.043878348020e-15       4.722211707006e-16      -1.009367988926e-16 
 1307       9.392456958065e-11       4.369632495923e-12      -5.227413730409e-12       0.000000000000e+00       2.037757944336e-15       4.750668539605e-16      -1.007813513770e-16 
 1308       9.390020477314e-11       4.365139771729e-12      -5.335868754950e-12       0.000000000000e+00       2.031659970925e-15       4.777676083134e-16      -1.006137647675e-16 
 1309       9.388491449489e-11       4.360034125921e-12      -5.443520940473e-12       0.000000000000e+00       2.025584359610e-15       4.803281935340e-16      -1.004341584475e-16 
 1310       9.387857301602e-11       4.354321349156e-12      -5.550338149466e-12       0.000000000000e+00       2.019531040977e-15       4.827534016368e-16      -1.002426527741e-16 
 1311       9.388105364345e-11       4.348007279950e-12      -5.656288069442e-12       0.000000000000e+00       2.013499944376e-15       4.850480569395e-16      -1.000393690805e-16 
 1312       9.389222871891e-11       4.341097804775e-12      -5.761338212616e-12       0.000000000000e+00       2.007490997917e-15       4.872170161260e-16      -9.982442967820e-17 
 1313       9.391196961700e-11       4.333598858165e-12      -5.865455915590e-12       0.000000000000e+00       2.001504128463e-15       4.892651683106e-16      -9.959795785848e-17 
 1314       9.394014674319e-11       4.325516422805e-12      -5.968608339034e-12       0.000000000000e+00       1.995539261635e-15       4.911974351013e-16      -9.936007789484e-17 
 1315       9.397662953193e-11       4.316856529639e-12      -6.070762467361e-12       0.000000000000e+00       1.989596321799e-15       4.930187706635e-16      -9.911091504483e-17 
 1316       9.402128644461e-11       4.307625257964e-12      -6.171885108420e-12       0.000000000000e+00       1.983675232072e-15       4.947341617831e-16      -9.885059555210e-17 
 1317       9.407398496763e-11       4.297828735531e-12      -6.271942893164e-12       0.000000000000e+00       1.977775914315e-15       4.963486279307e-16      -9.857924664843e-17 
 1318       9.413459161044e-11       4.287473138644e-12      -6.370902275342e-12       0.000000000000e+00       1.971898289126e-15       4.978672213248e-16      -9.829699655568e-17 
 1319       9.420297190357e-11       4.276564692257e-12      -6.468729531174e-12       0.000000000000e+00       1.966042275848e-15       4.992950269953e-16      -9.800397448787e-17 
 1320       9.427899039667e-11       4.265109670077e-12      -6.565390759034e-12       0.000000000000e+00       1.960207792553e-15       5.006371628472e-16      -9.770031065315e-17 
 1321       9.436251065654e-11       4.253114394660e-12      -6.660851879132e-12       0.000000000000e+00       1.954394756048e-15       5.018987797242e-16      -9.738613625581e-17 
 1322       9.445339526518e-11       4.240585237508e-12      -6.755078633194e-12       0.000000000000e+00       1.948603081870e-15       5.030850614722e-16      -9.706158349830e-17 
 1323       9.455150581780e-11       4.227528619176e-12      -6.848036584144e-12       0.000000000000e+00       1.942832684281e-15       5.042012250028e-16      -9.672678558326e-17 
 1324       9.465670292089e-11       4.213951009362e-12      -6.939691115785e-12       0.000000000000e+00       1.937083476266e-15       5.052525203568e-16      -9.638187671548e-17 
 1325       9.476884619023e-11       4.199858927011e-12      -7.030007432479e-12       0.000000000000e+00       1.931355369530e-15       5.062442307681e-16      -9.602699210394e-17 
 1326       9.488779424896e-11       4.185258940414e-12      -7.118950558831e-12       0.000000000000e+00       1.925648274497e-15       5.071816727268e-16      -9.566226796385e-17 
 1327       9.501340472558e-11       4.170157667304e-12      -7.206485339368e-12       0.000000000000e+00       1.919962100302e-15       5.080701960431e-16      -9.528784151860e-17 
 1328       9.514553425199e-11       4.154561774959e-12      -7.292576438221e-12       0.000000000000e+00       1.914296754794e-15       5.089151839108e-16      -9.490385100181e-17 
 1329       9.528403846156e-11       4.138477980300e-12      -7.377188338806e-12       0.000000000000e+00       1.908652144530e-15       5.097220529705e-16      -9.451043565931e-17 
 1330       9.542877198712e-11       4.121913049986e-12      -7.460285343504e-12       0.000000000000e+00       1.903028174771e-15       5.104962533738e-16      -9.410773575121e-17 
 1331       9.557958845906e-11       4.104873800519e-12      -7.541831573347e-12       0.000000000000e+00       1.897424749479e-15       5.112432688464e-16      -9.369589255384e-17 
 1332       9.573634050328e-11       4.087367098340e-12      -7.621790967691e-12       0.000000000000e+00       1.891841771319e-15       5.119686167517e-16      -9.327504836178e-17 
 1333       9.589887973933e-11       4.069399859927e-12      -7.700127283906e-12       0.000000000000e+00       1.886279141648e-15       5.126778481545e-16      -9.284534648991e-17 
 1334       9.606705677833e-11       4.050979051897e-12      -7.776804097052e-12       0.000000000000e+00       1.880736760520e-15       5.133765478845e-16      -9.240693127537e-17 
 1335       9.624072122113e-11       4.032111691103e-12      -7.851784799559e-12       0.000000000000e+00       1.875214526675e-15       5.140703345998e-16      -9.195994807959e-17 
 1336       9.641972165623e-11       4.012804844734e-12      -7.925032600915e-12       0.000000000000e+00       1.869712337544e-15       5.147648608504e-16      -9.150454329032e-17 
 1337       9.660390565792e-11       3.993065630413e-12      -7.996510527339e-12       0.000000000000e+00       1.864230089239e-15       5.154658131422e-16      -9.104086432358e-17 
 1338       9.679311978423e-11       3.972901216298e-12      -8.066181421469e-12       0.000000000000e+00       1.858767676556e-15       5.161789119999e-16      -9.056905962576e-17 
 1339       9.698720957504e-11       3.952318821176e-12      -8.134007942037e-12       0.000000000000e+00       1.853324992968e-15       5.169099120310e-16      -9.008927867553e-17 
 1340       9.718601955005e-11       3.931325714571e-12      -8.199952563557e-12       0.000000000000e+00       1.847901930621e-15       5.176646019893e-16      -8.960167198594e-17 
 1341       9.738939320686e-11       3.909929216835e-12      -8.263977576001e-12       0.000000000000e+00       1.842498380337e-15       5.184488048383e-16      -8.910639110638e-17 
 1342       9.759717301902e-11       3.888136699250e-12      -8.326045084483e-12       0.000000000000e+00       1.837114231604e-15       5.192683778149e-16      -8.860358862459e-17 
 1343       9.780920043400e-11       3.865955584127e-12      -8.386117008936e-12       0.000000000000e+00       1.831749372578e-15       5.201292124929e-16      -8.809341816868e-17 
 1344       9.802531587131e-11       3.843393344906e-12      -8.444155083801e-12       0.000000000000e+00       1.826403690077e-15       5.210372348466e-16      -8.757603440916e-17 
 1345       9.824535872046e-11       3.820457506254e-12      -8.500120857701e-12       0.000000000000e+00       1.821077069579e-15       5.219984053143e-16      -8.705159306091e-17 
 1346       9.846916785045e-11       3.797156035287e-12      -8.553981841135e-12       0.000000000000e+00       1.815769405448e-15       5.230170979653e-16      -8.652024111991e-17 
 1347       9.869658314805e-11       3.773498519703e-12      -8.605730023265e-12       0.000000000000e+00       1.810480631728e-15       5.240912186061e-16      -8.598208745315e-17 
 1348       9.892744399229e-11       3.749495002643e-12      -8.655363555651e-12       0.000000000000e+00       1.805210691675e-15       5.252170337666e-16      -8.543723189323e-17 
 1349       9.916158874268e-11       3.725155592857e-12      -8.702880622577e-12       0.000000000000e+00       1.799959527560e-15       5.263907867419e-16      -8.488577497603e-17 
 1350       9.939885473726e-11       3.700490464827e-12      -8.748279441139e-12       0.000000000000e+00       1.794727080666e-15       5.276086975480e-16      -8.432781794207e-17 
 1351       9.963907829069e-11       3.675509858894e-12      -8.791558261335e-12       0.000000000000e+00       1.789513291284e-15       5.288669628787e-16      -8.376346273788e-17 
 1352       9.988209469229e-11       3.650224081381e-12      -8.832715366151e-12       0.000000000000e+00       1.784318098712e-15       5.301617560612e-16      -8.319281201737e-17 
 1353       1.001277382041e-10       3.624643504716e-12      -8.871749071651e-12       0.000000000000e+00       1.779141441252e-15       5.314892270131e-16      -8.261596914318e-17 
 1354       1.003758420592e-10       3.598778567562e-12      -8.908657727066e-12       0.000000000000e+00       1.773983256209e-15       5.328455021981e-16      -8.203303818807e-17 
 1355       1.006262384591e-10       3.572639774937e-12      -8.943439714877e-12       0.000000000000e+00       1.768843479887e-15       5.342266845825e-16      -8.144412393624e-17 
 1356       1.008787585728e-10       3.546237698345e-12      -8.976093450910e-12       0.000000000000e+00       1.763722047588e-15       5.356288535915e-16      -8.084933188474e-17 
 1357       1.011332325339e-10       3.519582975892e-12      -9.006617384419e-12       0.000000000000e+00       1.758618893610e-15       5.370480650654e-16      -8.024876824481e-17 
 1358       1.013894894394e-10       3.492686312420e-12      -9.035009998176e-12       0.000000000000e+00       1.753533951242e-15       5.384803512161e-16      -7.964253994324e-17 
 1359       1.016473573473e-10       3.465558479627e-12      -9.061269808560e-12       0.000000000000e+00       1.748467152765e-15       5.399217205829e-16      -7.903075462374e-17 
 1360       1.019066632749e-10       3.438210316192e-12      -9.085395365645e-12       0.000000000000e+00       1.743418429446e-15       5.413681579893e-16      -7.841352064832e-17 
 1361       1.021672331969e-10       3.410652727901e-12      -9.107385253284e-12       0.000000000000e+00       1.738387711541e-15       5.428156244990e-16      -7.779094709862e-17 
 1362       1.024288920432e-10       3.382896687772e-12      -9.127238089204e-12       0.000000000000e+00       1.733374928286e-15       5.442600573722e-16      -7.716314377730e-17 
 1363       1.026914636973e-10       3.354953236182e-12      -9.144952525090e-12       0.000000000000e+00       1.728380007902e-15       5.456973700220e-16      -7.653022120940e-17 
 1364       1.029547709941e-10       3.326833480986e-12      -9.160527246672e-12       0.000000000000e+00       1.723402877586e-15       5.471234519704e-16      -7.589229064369e-17 
 1365       1.032186357183e-10       3.298548597649e-12      -9.173960973816e-12       0.000000000000e+00       1.718443463513e-15       5.485341688050e-16      -7.524946405406e-17 
 1366       1.034828786021e-10       3.270109829365e-12      -9.185252460612e-12       0.000000000000e+00       1.713501690830e-15       5.499253621347e-16      -7.460185414084e-17 
 1367       1.037473193235e-10       3.241528487186e-12      -9.194400495461e-12       0.000000000000e+00       1.708577483660e-15       5.512928495467e-16      -7.394957433222e-17 
 1368       1.040117765042e-10       3.212815950145e-12      -9.201403901161e-12       0.000000000000e+00       1.703670765091e-15       5.526324245622e-16      -7.329273878557e-17 
 1369       1.042760677079e-10       3.183983665382e-12      -9.206261535001e-12       0.000000000000e+00       1.698781457181e-15       5.539398565928e-16      -7.263146238882e-17 
 1370       1.045400094383e-10       3.155043148267e-12      -9.208972288842e-12       0.000000000000e+00       1.693909480952e-15       5.552108908971e-16      -7.196586076183e-17 
 1371       1.048034171369e-10       3.126005982529e-12      -9.209535089213e-12       0.000000000000e+00       1.689054756390e-15       5.564412485364e-16      -7.129605025773e-17 
 1372       1.050661051815e-10       3.096883820375e-12      -9.207948897391e-12       0.000000000000e+00       1.684217202438e-15       5.576266263315e-16      -7.062214796431e-17 
 1373       1.053278868840e-10       3.067688382621e-12      -9.204212709495e-12       0.000000000000e+00       1.679396737001e-15       5.587626968188e-16      -6.994427170538e-17 
 1374       1.055885744885e-10       3.038431458812e-12      -9.198325556571e-12       0.000000000000e+00       1.674593276936e-15       5.598451082064e-16      -6.926254004212e-17 
 1375       1.058479791694e-10       3.009124907351e-12      -9.190286504684e-12       0.000000000000e+00       1.669806738056e-15       5.608694843308e-16      -6.857707227445e-17 
 1376       1.061059110296e-10       2.979780655620e-12      -9.180094655000e-12       0.000000000000e+00       1.665037035123e-15       5.618314246125e-16      -6.788798844240e-17 
 1377       1.063621790981e-10       2.950410700108e-12      -9.167749143880e-12       0.000000000000e+00       1.660284081848e-15       5.627265040132e-16      -6.719540932746e-17 
 1378       1.066165913288e-10       2.921027106537e-12      -9.153249142965e-12       0.000000000000e+00       1.655547790890e-15       5.635502729911e-16      -6.649945645396e-17 
 1379       1.068689545981e-10       2.891642009980e-12      -9.136593859264e-12       0.000000000000e+00       1.650828073850e-15       5.642982574580e-16      -6.580025209043e-17 
 1380       1.071190747028e-10       2.862267614996e-12      -9.117782535245e-12       0.000000000000e+00       1.646124841271e-15       5.649659587349e-16      -6.509791925096e-17 
 1381       1.073667563588e-10       2.832916195746e-12      -9.096814448919e-12       0.000000000000e+00       1.641438002636e-15       5.655488535088e-16      -6.439258169654e-17 
 1382       1.076118031985e-10       2.803600096124e-12      -9.073688913931e-12       0.000000000000e+00       1.636767466365e-15       5.660423937888e-16      -6.368436393649e-17 
 1383       1.078540177692e-10       2.774331729879e-12      -9.048405279649e-12       0.000000000000e+00       1.632113139812e-15       5.664420068622e-16      -6.297339122974e-17 
 1384       1.080932015314e-10       2.745123580739e-12      -9.020962931248e-12       0.000000000000e+00       1.627474929262e-15       5.667430952511e-16      -6.225978958626e-17 
 1385       1.083291714875e-10       2.715987456364e-12      -8.991365665086e-12       0.000000000000e+00       1.622852748205e-15       5.669421722006e-16      -6.154367754420e-17 
 1386       1.085618102661e-10       2.686932241314e-12      -8.959634865183e-12       0.000000000000e+00       1.618246542237e-15       5.670402813503e-16      -6.082514140364e-17 
 1387       1.087910165628e-10       2.657966120603e-12      -8.925796466040e-12       0.000000000000e+00       1.613656264411e-15       5.670396130822e-16      -6.010425973410e-17 
 1388       1.090166885565e-10       2.629097323802e-12      -8.889876590334e-12       0.000000000000e+00       1.609081866995e-15       5.669423722914e-16      -5.938111157578e-17 
 1389       1.092387239081e-10       2.600334125111e-12      -8.851901549286e-12       0.000000000000e+00       1.604523301462e-15       5.667507784138e-16      -5.865577644049e-17 
 1390       1.094570197599e-10       2.571684843444e-12      -8.811897843018e-12       0.000000000000e+00       1.599980518494e-15       5.664670654529e-16      -5.792833431244e-17 
 1391       1.096714727344e-10       2.543157842504e-12      -8.769892160917e-12       0.000000000000e+00       1.595453467977e-15       5.660934820076e-16      -5.719886564913e-17 
 1392       1.098819789339e-10       2.514761530862e-12      -8.725911381996e-12       0.000000000000e+00       1.590942099000e-15       5.656322912988e-16      -5.646745138217e-17 
 1393       1.100884339390e-10       2.486504362034e-12      -8.679982575256e-12       0.000000000000e+00       1.586446359853e-15       5.650857711972e-16      -5.573417291815e-17 
 1394       1.102907328083e-10       2.458394834564e-12      -8.632133000045e-12       0.000000000000e+00       1.581966198028e-15       5.644562142504e-16      -5.499911213948e-17 
 1395       1.104887700770e-10       2.430441492096e-12      -8.582390106425e-12       0.000000000000e+00       1.577501560212e-15       5.637459277102e-16      -5.426235140525e-17 
 1396       1.106824397564e-10       2.402652923454e-12      -8.530781535530e-12       0.000000000000e+00       1.573052392289e-15       5.629572335595e-16      -5.352397355205e-17 
 1397       1.108716353328e-10       2.375037762726e-12      -8.477335119926e-12       0.000000000000e+00       1.568618639337e-15       5.620924685402e-16      -5.278406189486e-17 
 1398       1.110562497666e-10       2.347604689333e-12      -8.422078883978e-12       0.000000000000e+00       1.564200245627e-15       5.611539841801e-16      -5.204270022788e-17 
 1399       1.112361754917e-10       2.320362428115e-12      -8.365041044207e-12       0.000000000000e+00       1.559797154619e-15       5.601441468198e-16      -5.129997282537e-17 
 1400       1.114113044142e-10       2.293319749405e-12      -8.306250009652e-12       0.000000000000e+00       1.555409308962e-15       5.590653376409e-16      -5.055596444252e-17 
 1401       1.115815279116e-10       2.266485469109e-12      -8.245734382235e-12       0.000000000000e+00       1.551036650494e-15       5.579199526924e-16      -4.981076031628e-17 
 1402       1.117467368323e-10       2.239868448785e-12      -8.183522957119e-12       0.000000000000e+00       1.546679120236e-15       5.567104029183e-16      -4.906444616623e-17 
 1403       1.119068214941e-10       2.213477595718e-12      -8.119644723072e-12       0.000000000000e+00       1.542336658393e-15       5.554391141848e-16      -4.831710819542e-17 
 1404       1.120616716838e-10       2.187321863002e-12      -8.054128862827e-12       0.000000000000e+00       1.538009204351e-15       5.541085273079e-16      -4.756883309121e-17 
 1405       1.122111766563e-10       2.161410249618e-12      -7.987004753447e-12       0.000000000000e+00       1.533696696676e-15       5.527210980799e-16      -4.681970802612e-17 
 1406       1.123552251331e-10       2.135751800508e-12      -7.918301966679e-12       0.000000000000e+00       1.529399073112e-15       5.512792972975e-16      -4.606982065872e-17 
 1407       1.124937053024e-10       2.110355606659e-12      -7.848050269326e-12       0.000000000000e+00       1.525116270578e-15       5.497856107886e-16      -4.531925913441e-17 
 1408       1.126265048171e-10       2.085230805178e-12      -7.776279623600e-12       0.000000000000e+00       1.520848225170e-15       5.482425394395e-16      -4.456811208633e-17 
 1409       1.127535107949e-10       2.060386579371e-12      -7.703020187489e-12       0.000000000000e+00       1.516594872152e-15       5.466525992224e-16      -4.381646863619e-17 
 1410       1.128746098170e-10       2.035832158821e-12      -7.628302315115e-12       0.000000000000e+00       1.512356145963e-15       5.450183212228e-16      -4.306441839510e-17 
 1411       1.129896879268e-10       2.011576819467e-12      -7.552156557099e-12       0.000000000000e+00       1.508131980208e-15       5.433422516662e-16      -4.231205146445e-17 
 1412       1.130986306297e-10       1.987629883682e-12      -7.474613660920e-12       0.000000000000e+00       1.503922307660e-15       5.416269519459e-16      -4.155945843673e-17 
 1413       1.132013228921e-10       1.964000720350e-12      -7.395704571277e-12       0.000000000000e+00       1.499727060257e-15       5.398749986500e-16      -4.080673039642e-17 
 1414       1.132976491398e-10       1.940698744949e-12      -7.315460430453e-12       0.000000000000e+00       1.495546169100e-15       5.380889835886e-16      -4.005395892080e-17 
 1415       1.133874932582e-10       1.917733419621e-12      -7.233912578674e-12       0.000000000000e+00       1.491379564453e-15       5.362715138216e-16      -3.930123608081e-17 
 1416       1.134707385905e-10       1.895114253258e-12      -7.151092554472e-12       0.000000000000e+00       1.487227175739e-15       5.344252116850e-16      -3.854865444192e-17 
 1417       1.135472679372e-10       1.872850801578e-12      -7.067032095044e-12       0.000000000000e+00       1.483088931537e-15       5.325527148192e-16      -3.779630706495e-17 
 1418       1.136169635553e-10       1.850952667200e-12      -6.981763136619e-12       0.000000000000e+00       1.478964759586e-15       5.306566761954e-16      -3.704428750694e-17 
 1419       1.136797071572e-10       1.829429499728e-12      -6.895317814816e-12       0.000000000000e+00       1.474854586775e-15       5.287397641436e-16      -3.629268982200e-17 
 1420       1.137353799098e-10       1.808290995824e-12      -6.807728465004e-12       0.000000000000e+00       1.470758339149e-15       5.268046623791e-16      -3.554160856214e-17 
 1421       1.137838624340e-10       1.787546899290e-12      -6.719027622668e-12       0.000000000000e+00       1.466675941903e-15       5.248540700305e-16      -3.479113877814e-17 
 1422       1.138250348031e-10       1.767207001145e-12      -6.629248023767e-12       0.000000000000e+00       1.462607319378e-15       5.228907016664e-16      -3.404137602039e-17 
 1423       1.138587765426e-10       1.747281139701e-12      -6.538422605099e-12       0.000000000000e+00       1.458552395066e-15       5.209172873231e-16      -3.329241633975e-17 
 1424       1.138849878184e-10       1.727777862776e-12      -6.446584909147e-12       0.000000000000e+00       1.454511098316e-15       5.189361962343e-16      -3.254435032532e-17 
 1425       1.139036532423e-10       1.708700399126e-12      -6.353770302450e-12       0.000000000000e+00       1.450483384549e-15       5.169483037392e-16      -3.179724514901e-17 
 1426       1.139147787200e-10       1.690050645793e-12      -6.260014770467e-12       0.000000000000e+00       1.446469215249e-15       5.149541127918e-16      -3.105116233829e-17 
 1427       1.139183703217e-10       1.671830502221e-12      -6.165354514609e-12       0.000000000000e+00       1.442468551266e-15       5.129541292074e-16      -3.030616372297e-17 
 1428       1.139144342821e-10       1.654041870253e-12      -6.069825952623e-12       0.000000000000e+00       1.438481352816e-15       5.109488616675e-16      -2.956231143575e-17 
 1429       1.139029770012e-10       1.636686654130e-12      -5.973465718978e-12       0.000000000000e+00       1.434507579478e-15       5.089388217248e-16      -2.881966791266e-17 
 1430       1.138840050444e-10       1.619766760494e-12      -5.876310665255e-12       0.000000000000e+00       1.430547190195e-15       5.069245238083e-16      -2.807829589359e-17 
 1431       1.138575251429e-10       1.603284098382e-12      -5.778397860525e-12       0.000000000000e+00       1.426600143269e-15       5.049064852283e-16      -2.733825842280e-17 
 1432       1.138235441942e-10       1.587240579231e-12      -5.679764591740e-12       0.000000000000e+00       1.422666396365e-15       5.028852261811e-16      -2.659961884939e-17 
 1433       1.137820692620e-10       1.571638116871e-12      -5.580448364117e-12       0.000000000000e+00       1.418745906501e-15       5.008612697546e-16      -2.586244082779e-17 
 1434       1.137331075774e-10       1.556478627528e-12      -5.480486901523e-12       0.000000000000e+00       1.414838630058e-15       4.988351419327e-16      -2.512678831830e-17 
 1435       1.136766665383e-10       1.541764029823e-12      -5.379918146863e-12       0.000000000000e+00       1.410944522767e-15       4.968073716008e-16      -2.439272558755e-17 
 1436       1.136127537107e-10       1.527496244770e-12      -5.278780262463e-12       0.000000000000e+00       1.407063539715e-15       4.947784905504e-16      -2.366031720901e-17 
 1437       1.135413768281e-10       1.513677195776e-12      -5.177111630454e-12       0.000000000000e+00       1.403195635344e-15       4.927490334846e-16      -2.292962806347e-17 
 1438       1.134625437928e-10       1.500308808639e-12      -5.074950853162e-12       0.000000000000e+00       1.399340763443e-15       4.907195380223e-16      -2.220072333958e-17 
 1439       1.133762626756e-10       1.487393011549e-12      -4.972336753493e-12       0.000000000000e+00       1.395498877154e-15       4.886905447043e-16      -2.147366853429e-17 
 1440       1.132825417164e-10       1.474931735085e-12      -4.869308375313e-12       0.000000000000e+00       1.391669928965e-15       4.866625969974e-16      -2.074852945339e-17 
 1441       1.131813893246e-10       1.462926912217e-12      -4.765904983841e-12       0.000000000000e+00       1.387853870713e-15       4.846362412998e-16      -2.002537221199e-17 
 1442       1.130728140794e-10       1.451380478303e-12      -4.662166066030e-12       0.000000000000e+00       1.384050653579e-15       4.826120269461e-16      -1.930426323503e-17 
 1443       1.129568247302e-10       1.440294371089e-12      -4.558131330954e-12       0.000000000000e+00       1.380260228089e-15       4.805905062121e-16      -1.858526925775e-17 
 1444       1.128334301969e-10       1.429670530706e-12      -4.453840710192e-12       0.000000000000e+00       1.376482544110e-15       4.785722343203e-16      -1.786845732621e-17 
 1445       1.127026395704e-10       1.419510899674e-12      -4.349334358217e-12       0.000000000000e+00       1.372717550854e-15       4.765577694443e-16      -1.715389479779e-17 
 1446       1.125644621127e-10       1.409817422897e-12      -4.244652652778e-12       0.000000000000e+00       1.368965196868e-15       4.745476727141e-16      -1.644164934167e-17 
 1447       1.124189072576e-10       1.400592047662e-12      -4.139836195287e-12       0.000000000000e+00       1.365225430042e-15       4.725425082213e-16      -1.573178893933e-17 
 1448       1.122659846108e-10       1.391836723643e-12      -4.034925811205e-12       0.000000000000e+00       1.361498197599e-15       4.705428430236e-16      -1.502438188506e-17 
 1449       1.121057039504e-10       1.383553402894e-12      -3.929962550427e-12       0.000000000000e+00       1.357783446102e-15       4.685492471505e-16      -1.431949678644e-17 
 1450       1.119380752271e-10       1.375744039852e-12      -3.824987687668e-12       0.000000000000e+00       1.354081121444e-15       4.665622936076e-16      -1.361720256487e-17 
 1451       1.117631085650e-10       1.368410591335e-12      -3.720042722849e-12       0.000000000000e+00       1.350391168853e-15       4.645825583821e-16      -1.291756845601e-17 
 1452       1.115808142613e-10       1.361555016543e-12      -3.615169381479e-12       0.000000000000e+00       1.346713532888e-15       4.626106204476e-16      -1.222066401032e-17 
 1453       1.113912027872e-10       1.355179277052e-12      -3.510409615047e-12       0.000000000000e+00       1.343048157439e-15       4.606470617691e-16      -1.152655909357e-17 
 1454       1.111942847880e-10       1.349285336821e-12      -3.405805601402e-12       0.000000000000e+00       1.339394985722e-15       4.586924673083e-16      -1.083532388729e-17 
 1455       1.109900710835e-10       1.343875162183e-12      -3.301399745141e-12       0.000000000000e+00       1.335753960284e-15       4.567474250281e-16      -1.014702888930e-17 
 1456       1.107785726687e-10       1.338950721852e-12      -3.197234677994e-12       0.000000000000e+00       1.332125022993e-15       4.548125258979e-16      -9.461744914183e-18 
 1457       1.105598007134e-10       1.334513986914e-12      -3.093353259210e-12       0.000000000000e+00       1.328508115046e-15       4.528883638988e-16      -8.779543093824e-18 
 1458       1.103337665633e-10       1.330566930834e-12      -2.989798575941e-12       0.000000000000e+00       1.324903176960e-15       4.509755360283e-16      -8.100494877861e-18 
 1459       1.101004817402e-10       1.327111529451e-12      -2.886613943631e-12       0.000000000000e+00       1.321310148573e-15       4.490746423054e-16      -7.424672034207e-18 
 1460       1.098599579420e-10       1.324149760976e-12      -2.783842906398e-12       0.000000000000e+00       1.317728969047e-15       4.471862857756e-16      -6.752146649540e-18 
 1461       1.096122070434e-10       1.321683605995e-12      -2.681529237421e-12       0.000000000000e+00       1.314159576858e-15       4.453110725159e-16      -6.082991129802e-18 
 1462       1.093572410963e-10       1.319715047464e-12      -2.579716939327e-12       0.000000000000e+00       1.310601909802e-15       4.434496116399e-16      -5.417278200696e-18 
 1463       1.090950861303e-10       1.318244950205e-12      -2.478447000398e-12       0.000000000000e+00       1.307055910264e-15       4.416021457706e-16      -4.755073037194e-18 
 1464       1.088258237056e-10       1.317269687115e-12      -2.377747626961e-12       0.000000000000e+00       1.303521541099e-15       4.397674384072e-16      -4.096409564998e-18 
 1465       1.085495497764e-10       1.316784479228e-12      -2.277643914117e-12       0.000000000000e+00       1.299998769908e-15       4.379438754453e-16      -3.441313923156e-18 
 1466       1.082663609291e-10       1.316784513093e-12      -2.178161081264e-12       0.000000000000e+00       1.296487563776e-15       4.361298336838e-16      -2.789812313605e-18 
 1467       1.079763543840e-10       1.317264940715e-12      -2.079324472301e-12       0.000000000000e+00       1.292987889271e-15       4.343236808095e-16      -2.141931001227e-18 
 1468       1.076796279957e-10       1.318220879489e-12      -1.981159555828e-12       0.000000000000e+00       1.289499712448e-15       4.325237753815e-16      -1.497696313907e-18 
 1469       1.073762802548e-10       1.319647412137e-12      -1.883691925351e-12       0.000000000000e+00       1.286022998839e-15       4.307284668150e-16      -8.571346425842e-19 
 1470       1.070664102888e-10       1.321539586645e-12      -1.786947299488e-12       0.000000000000e+00       1.282557713460e-15       4.289360953661e-16      -2.202724413151e-19 
 1471       1.067501178634e-10       1.323892416199e-12      -1.690951522170e-12       0.000000000000e+00       1.279103820804e-15       4.271449921161e-16       4.128637726761e-19 
 1472       1.064275033833e-10       1.326700879120e-12      -1.595730562848e-12       0.000000000000e+00       1.275661284844e-15       4.253534789552e-16       1.042247418939e-18 
 1473       1.060986678938e-10       1.329959918803e-12      -1.501310516694e-12       0.000000000000e+00       1.272230069030e-15       4.235598685677e-16       1.667851853742e-18 
 1474       1.057637130814e-10       1.333664443653e-12      -1.407717604805e-12       0.000000000000e+00       1.268810136288e-15       4.217624644155e-16       2.289650370015e-18 
 1475       1.054227412755e-10       1.337809327018e-12      -1.314978174408e-12       0.000000000000e+00       1.265401449020e-15       4.199595607230e-16       2.907616197296e-18 
 1476       1.050758554492e-10       1.342389407130e-12      -1.223118699064e-12       0.000000000000e+00       1.262003969099e-15       4.181494424609e-16       3.521722501670e-18 
 1477       1.047231592203e-10       1.347399487039e-12      -1.132165778871e-12       0.000000000000e+00       1.258617657874e-15       4.163303853311e-16       4.131942385720e-18 
 1478       1.043647568530e-10       1.352834334549e-12      -1.042146140667e-12       0.000000000000e+00       1.255242476164e-15       4.145006557504e-16       4.738248888464e-18 
 1479       1.040007532583e-10       1.358688682154e-12      -9.530866382363e-13       0.000000000000e+00       1.251878384259e-15       4.126585108352e-16       5.340614985303e-18 
 1480       1.036312539957e-10       1.364957226980e-12      -8.650142525108e-13       0.000000000000e+00       1.248525341918e-15       4.108021983856e-16       5.939013587966e-18 
 1481       1.032563652742e-10       1.371634630711e-12      -7.779560917753e-13       0.000000000000e+00       1.245183308370e-15       4.089299568699e-16       6.533417544449e-18 
 1482       1.028761939534e-10       1.378715519537e-12      -6.919393918703e-13       0.000000000000e+00       1.241852242309e-15       4.070400154087e-16       7.123799638965e-18 
 1483       1.024908475443e-10       1.386194484080e-12      -6.069915163969e-13       0.000000000000e+00       1.238532101897e-15       4.051305937594e-16       7.710132591882e-18 
 1484       1.021004342111e-10       1.394066079338e-12      -5.231399569196e-13       0.000000000000e+00       1.235222844759e-15       4.031999023002e-16       8.292389059673e-18 
 1485       1.017050627720e-10       1.402324824618e-12      -4.404123331709e-13       0.000000000000e+00       1.231924427986e-15       4.012461420149e-16       8.870541634853e-18 
 1486       1.013048427000e-10       1.410965203473e-12      -3.588363932545e-13       0.000000000000e+00       1.228636808130e-15       3.992675044767e-16       9.444562845932e-18 
 1487       1.008998841247e-10       1.419981663637e-12      -2.784400138495e-13       0.000000000000e+00       1.225359941205e-15       3.972621718327e-16       1.001442515735e-17 
 1488       1.004902978330e-10       1.429368616964e-12      -1.992512004141e-13       0.000000000000e+00       1.222093782687e-15       3.952283167885e-16       1.058010096943e-17 
 1489       1.000761952703e-10       1.439120439364e-12      -1.212980873893e-13       0.000000000000e+00       1.218838287510e-15       3.931641025919e-16       1.114156261830e-17 
 1490       9.965768854169e-11       1.449231470737e-12      -4.460893840276e-14       0.000000000000e+00       1.215593410065e-15       3.910676830178e-16       1.169878237588e-17 
 1491       9.923489041306e-11       1.459696014910e-12       3.078785352719e-14       0.000000000000e+00       1.212359104204e-15       3.889372023521e-16       1.225173244978e-17 
 1492       9.880791431229e-11       1.470508339578e-12       1.048637657880e-13       0.000000000000e+00       1.209135323231e-15       3.867707953762e-16       1.280038498327e-17 
 1493       9.837687433031e-11       1.481662676234e-12       1.775901459691e-13       0.000000000000e+00       1.205922019908e-15       3.845665873512e-16       1.334471205522e-17 
 1494       9.794188522229e-11       1.493153220108e-12       2.489382116578e-13       0.000000000000e+00       1.202719146448e-15       3.823226940024e-16       1.388468568004e-17 
 1495       9.750306240875e-11       1.504974130106e-12       3.188790502359e-13       0.000000000000e+00       1.199526654520e-15       3.800372215033e-16       1.442027780762e-17 
 1496       9.706052197672e-11       1.517119528740e-12       3.873836186754e-13       0.000000000000e+00       1.196344495242e-15       3.777082664602e-16       1.495146032328e-17 
 1497       9.661438068084e-11       1.529583502072e-12       4.544227433351e-13       0.000000000000e+00       1.193172619182e-15       3.753339158963e-16       1.547820504773e-17 
 1498       9.616475594452e-11       1.542360099645e-12       5.199671197567e-13       0.000000000000e+00       1.190010976361e-15       3.729122472361e-16       1.600048373698e-17 
 1499       9.571176586109e-11       1.555443334423e-12       5.839873124608e-13       0.000000000000e+00       1.186859516244e-15       3.704413282898e-16       1.651826808231e-17 
 1500       9.525552919492e-11       1.568827182722e-12       6.464537547432e-13       0.000000000000e+00       1.183718187746e-15       3.679192172374e-16       1.703152971019e-17 
 1501       9.479616538253e-11       1.582505584154e-12       7.073367484713e-13       0.000000000000e+00       1.180586939227e-15       3.653439626131e-16       1.754024018227e-17 
 1502       9.433379439752e-11       1.596472135235e-12       7.666111295807e-13       0.000000000000e+00       1.177465722806e-15       3.627143643594e-16       1.804437287395e-17 
 1503       9.386853634143e-11       1.610719167101e-12       8.242703146762e-13       0.000000000000e+00       1.174354507354e-15       3.600322651285e-16       1.854390863047e-17 
 1504       9.340051185115e-11       1.625238658684e-12       8.803123908128e-13       0.000000000000e+00       1.171253265626e-15       3.573002812625e-16       1.903883016582e-17 
 1505       9.292984223591e-11       1.640022542146e-12       9.347354622531e-13       0.000000000000e+00       1.168161969955e-15       3.545210437736e-16       1.952912018909e-17 
 1506       9.245664947843e-11       1.655062702790e-12       9.875376505106e-13       0.000000000000e+00       1.165080592254e-15       3.516971983684e-16       2.001476140453e-17 
 1507       9.198105623606e-11       1.670350978989e-12       1.038717094394e-12       0.000000000000e+00       1.162009104014e-15       3.488314054732e-16       2.049573651156e-17 
 1508       9.150318584188e-11       1.685879162098e-12       1.088271950053e-12       0.000000000000e+00       1.158947476304e-15       3.459263402581e-16       2.097202820484e-17 
 1509       9.102316230586e-11       1.701638996381e-12       1.136200391018e-12       0.000000000000e+00       1.155895679769e-15       3.429846926624e-16       2.144361917432e-17 
 1510       9.054111031595e-11       1.717622178926e-12       1.182500608252e-12       0.000000000000e+00       1.152853684626e-15       3.400091674190e-16       2.191049210526e-17 
 1511       9.005715523927e-11       1.733820359570e-12       1.227170810185e-12       0.000000000000e+00       1.149821460671e-15       3.370024840791e-16       2.237262967830e-17 
 1512       8.957142312318e-11       1.750225140814e-12       1.270209222768e-12       0.000000000000e+00       1.146798977272e-15       3.339673770372e-16       2.283001456947e-17 
 1513       8.908404069643e-11       1.766828077746e-12       1.311614089511e-12       0.000000000000e+00       1.143786203368e-15       3.309065955559e-16       2.328262945028e-17 
 1514       8.859513537031e-11       1.783620677961e-12       1.351383671527e-12       0.000000000000e+00       1.140783107472e-15       3.278229037903e-16       2.373045698770e-17 
 1515       8.810483523973e-11       1.800594401481e-12       1.389516247580e-12       0.000000000000e+00       1.137789657666e-15       3.247190808130e-16       2.417347984429e-17 
 1516       8.761326908442e-11       1.817740660675e-12       1.426010114128e-12       0.000000000000e+00       1.134805821603e-15       3.215979206390e-16       2.461168067815e-17 
 1517       8.712056636999e-11       1.835050820178e-12       1.460863585364e-12       0.000000000000e+00       1.131831566507e-15       3.184622322502e-16       2.504504214303e-17 
 1518       8.662685724910e-11       1.852516196812e-12       1.494074993265e-12       0.000000000000e+00       1.128866859165e-15       3.153148396203e-16       2.547354688836e-17 
 1519       8.613227256257e-11       1.870128059508e-12       1.525642687632e-12       0.000000000000e+00       1.125911665938e-15       3.121585817394e-16       2.589717755927e-17 
 1520       8.563694384053e-11       1.887877629223e-12       1.555565036136e-12       0.000000000000e+00       1.122965952747e-15       3.089963126391e-16       2.631591679667e-17 
 1521       8.514100330353e-11       1.905756078862e-12       1.583840424365e-12       0.000000000000e+00       1.120029685084e-15       3.058309014170e-16       2.672974723725e-17 
 1522       8.464458386367e-11       1.923754533197e-12       1.610467255862e-12       0.000000000000e+00       1.117102828002e-15       3.026652322613e-16       2.713865151356e-17 
 1523       8.414781912574e-11       1.941864068788e-12       1.635443952175e-12       0.000000000000e+00       1.114185346119e-15       2.995022044760e-16       2.754261225406e-17 
 1524       8.365084338835e-11       1.960075713902e-12       1.658768952898e-12       0.000000000000e+00       1.111277203617e-15       2.963447325054e-16       2.794161208311e-17 
 1525       8.315379164505e-11       1.978380448437e-12       1.680440715715e-12       0.000000000000e+00       1.108378364237e-15       2.931957459588e-16       2.833563362108e-17 
 1526       8.265679958545e-11       1.996769203835e-12       1.700457716447e-12       0.000000000000e+00       1.105488791286e-15       2.900581896354e-16       2.872465948435e-17 
 1527       8.216000359637e-11       2.015232863008e-12       1.718818449093e-12       0.000000000000e+00       1.102608447625e-15       2.869350235491e-16       2.910867228537e-17 
 1528       8.166354076298e-11       2.033762260258e-12       1.735521425878e-12       0.000000000000e+00       1.099737295681e-15       2.838292229531e-16       2.948765463270e-17 
 1529       8.116754886988e-11       2.052348181193e-12       1.750565177292e-12       0.000000000000e+00       1.096875297433e-15       2.807437783646e-16       2.986158913106e-17 
 1530       8.067216640228e-11       2.070981362650e-12       1.763948252138e-12       0.000000000000e+00       1.094022414423e-15       2.776816955900e-16       3.023045838136e-17 
 1531       8.017753254710e-11       2.089652492615e-12       1.775669217576e-12       0.000000000000e+00       1.091178607747e-15       2.746459957491e-16       3.059424498076e-17 
 1532       7.968378719412e-11       2.108352210143e-12       1.785726659166e-12       0.000000000000e+00       1.088343838056e-15       2.716397153003e-16       3.095293152271e-17 
 1533       7.919107093707e-11       2.127071105278e-12       1.794119180913e-12       0.000000000000e+00       1.085518065558e-15       2.686659060651e-16       3.130650059697e-17 
 1534       7.869952507482e-11       2.145799718972e-12       1.800845405310e-12       0.000000000000e+00       1.082701250015e-15       2.657276352530e-16       3.165493478970e-17 
 1535       7.820929161246e-11       2.164528543008e-12       1.805903973384e-12       0.000000000000e+00       1.079893350739e-15       2.628279854860e-16       3.199821668346e-17 
 1536       7.772051326244e-11       2.183248019916e-12       1.809293544738e-12       0.000000000000e+00       1.077094326599e-15       2.599700548238e-16       3.233632885728e-17 
 1537       7.723333344571e-11       2.201948542897e-12       1.811012797599e-12       0.000000000000e+00       1.074304136011e-15       2.571569567884e-16       3.266925388671e-17 
 1538       7.674789629285e-11       2.220620455741e-12       1.811060428856e-12       0.000000000000e+00       1.071522736945e-15       2.543918203884e-16       3.299697434381e-17 
 1539       7.626434664519e-11       2.239254052748e-12       1.809435154111e-12       0.000000000000e+00       1.068750086917e-15       2.516777901446e-16       3.331947279727e-17 
 1540       7.578283005593e-11       2.257839578646e-12       1.806135707719e-12       0.000000000000e+00       1.065986142995e-15       2.490180261141e-16       3.363673181240e-17 
 1541       7.530348121508e-11       2.276367802643e-12       1.801164184829e-12       0.000000000000e+00       1.063230865297e-15       2.464148325148e-16       3.394873733375e-17 
 1542       7.482638910171e-11       2.294831746691e-12       1.794536102123e-12       0.000000000000e+00       1.060484227534e-15       2.438670345020e-16       3.425548886792e-17 
 1543       7.435163150315e-11       2.313224973462e-12       1.786270432662e-12       0.000000000000e+00       1.057746206569e-15       2.413725765406e-16       3.455698939749e-17 
 1544       7.387928656172e-11       2.331541013666e-12       1.776386272777e-12       0.000000000000e+00       1.055016778918e-15       2.389293915265e-16       3.485324200744e-17 
 1545       7.340943277529e-11       2.349773365995e-12       1.764902842273e-12       0.000000000000e+00       1.052295920751e-15       2.365354007673e-16       3.514424988540e-17 
 1546       7.294214899781e-11       2.367915497072e-12       1.751839484652e-12       0.000000000000e+00       1.049583607892e-15       2.341885139635e-16       3.543001632182e-17 
 1547       7.247751443986e-11       2.385960841405e-12       1.737215667316e-12       0.000000000000e+00       1.046879815817e-15       2.318866291884e-16       3.571054471023e-17 
 1548       7.201560866922e-11       2.403902801328e-12       1.721050981788e-12       0.000000000000e+00       1.044184519651e-15       2.296276328699e-16       3.598583854742e-17 
 1549       7.155651161136e-11       2.421734746958e-12       1.703365143918e-12       0.000000000000e+00       1.041497694175e-15       2.274093997704e-16       3.625590143366e-17 
 1550       7.110030355003e-11       2.439450016140e-12       1.684177994103e-12       0.000000000000e+00       1.038819313816e-15       2.252297929678e-16       3.652073707294e-17 
 1551       7.064706512779e-11       2.457041914395e-12       1.663509497495e-12       0.000000000000e+00       1.036149352652e-15       2.230866638366e-16       3.678034927315e-17 
 1552       7.019687734655e-11       2.474503714873e-12       1.641379744215e-12       0.000000000000e+00       1.033487784411e-15       2.209778520283e-16       3.703474194631e-17 
 1553       6.974982156812e-11       2.491828658300e-12       1.617808949568e-12       0.000000000000e+00       1.030834582467e-15       2.189011854520e-16       3.728391910880e-17 
 1554       6.930597951477e-11       2.509009952927e-12       1.592817454252e-12       0.000000000000e+00       1.028189719843e-15       2.168544802558e-16       3.752788488154e-17 
 1555       6.886543326973e-11       2.526040774479e-12       1.566425724575e-12       0.000000000000e+00       1.025553169208e-15       2.148355408069e-16       3.776664349024e-17 
 1556       6.842826527779e-11       2.542914266104e-12       1.538654352668e-12       0.000000000000e+00       1.022924902877e-15       2.128421596726e-16       3.800019926561e-17 
 1557       6.799455834581e-11       2.559623538324e-12       1.509524056693e-12       0.000000000000e+00       1.020304892810e-15       2.108721176011e-16       3.822855664352e-17 
 1558       6.756439564326e-11       2.576161668981e-12       1.479055681062e-12       0.000000000000e+00       1.017693110613e-15       2.089231835022e-16       3.845172016531e-17 
 1559       6.713786070279e-11       2.592521703189e-12       1.447270196645e-12       0.000000000000e+00       1.015089527533e-15       2.069931144283e-16       3.866969447791e-17 
 1560       6.671503742077e-11       2.608696653282e-12       1.414188700987e-12       0.000000000000e+00       1.012494114465e-15       2.050796555545e-16       3.888248433414e-17 
 1561       6.629601005780e-11       2.624679498761e-12       1.379832418519e-12       0.000000000000e+00       1.009906841940e-15       2.031805401601e-16       3.909009459285e-17 
 1562       6.588086323931e-11       2.640463186248e-12       1.344222700771e-12       0.000000000000e+00       1.007327680137e-15       2.012934896090e-16       3.929253021917e-17 
 1563       6.546968195607e-11       2.656040629431e-12       1.307381026586e-12       0.000000000000e+00       1.004756598871e-15       1.994162133304e-16       3.948979628473e-17 
 1564       6.506255156471e-11       2.671404709013e-12       1.269329002329e-12       0.000000000000e+00       1.002193567601e-15       1.975464087997e-16       3.968189796788e-17 
 1565       6.465955778834e-11       2.686548272664e-12       1.230088362108e-12       0.000000000000e+00       9.996385554232e-16       1.956817615191e-16       3.986884055386e-17 
 1566       6.426078671702e-11       2.701464134969e-12       1.189680967978e-12       0.000000000000e+00       9.970915310738e-16       1.938199449987e-16       4.005062943507e-17 
 1567       6.386632480835e-11       2.716145077375e-12       1.148128810160e-12       0.000000000000e+00       9.945524629268e-16       1.919586207368e-16       4.022727011126e-17 
 1568       6.347625888799e-11       2.730583848143e-12       1.105454007252e-12       0.000000000000e+00       9.920213189939e-16       1.900954382009e-16       4.039876818972e-17 
 1569       6.309067615022e-11       2.744773162296e-12       1.061678806442e-12       0.000000000000e+00       9.894980669234e-16       1.882280348084e-16       4.056512938555e-17 
 1570       6.270966415847e-11       2.758705701568e-12       1.016825583721e-12       0.000000000000e+00       9.869826739997e-16       1.863540359076e-16       4.072635952182e-17 
 1571       6.233331084589e-11       2.772374114351e-12       9.709168440953e-13       0.000000000000e+00       9.844751071424e-16       1.844710547580e-16       4.088246452984e-17 
 1572       6.196170451585e-11       2.785771015650e-12       9.239752218006e-13       0.000000000000e+00       9.819753329059e-16       1.825766925114e-16       4.103345044930e-17 
 1573       6.159493384255e-11       2.798888987025e-12       8.760234805147e-13       0.000000000000e+00       9.794833174785e-16       1.806685381923e-16       4.117932342857e-17 
 1574       6.123308787149e-11       2.811720576546e-12       8.270845135704e-13       0.000000000000e+00       9.769990266816e-16       1.787441686794e-16       4.132008972485e-17 
 1575       6.087625602007e-11       2.824258298738e-12       7.771813441679e-13       0.000000000000e+00       9.745224259692e-16       1.768011486853e-16       4.145575570440e-17 
 1576       6.052452807812e-11       2.836494634531e-12       7.263371255886e-13       0.000000000000e+00       9.720534804269e-16       1.748370307383e-16       4.158632784280e-17 
 1577       6.017799420844e-11       2.848422031213e-12       6.745751414078e-13       0.000000000000e+00       9.695921547715e-16       1.728493551622e-16       4.171181272508e-17 
 1578       5.983674494733e-11       2.860032902372e-12       6.219188057073e-13       0.000000000000e+00       9.671384133503e-16       1.708356500580e-16       4.183221704601e-17 
 1579       5.950087120517e-11       2.871319627852e-12       5.683916632888e-13       0.000000000000e+00       9.646922201400e-16       1.687934312837e-16       4.194754761028e-17 
 1580       5.917044920160e-11       2.882275584335e-12       5.140178183236e-13       0.000000000000e+00       9.622535416218e-16       1.667208684180e-16       4.205781378477e-17 
 1581       5.884549511754e-11       2.892898247641e-12       4.588232242139e-13       0.000000000000e+00       9.598223554361e-16       1.646187894313e-16       4.216303487972e-17 
 1582       5.852601002439e-11       2.903186119050e-12       4.028344060979e-13       0.000000000000e+00       9.573986418065e-16       1.624886945366e-16       4.226323283636e-17 
 1583       5.821199491112e-11       2.913137697272e-12       3.460780337300e-13       0.000000000000e+00       9.549823806710e-16       1.603320919045e-16       4.235842978133e-17 
 1584       5.790345068403e-11       2.922751478445e-12       2.885809217146e-13       0.000000000000e+00       9.525735516812e-16       1.581504976759e-16       4.244864802706e-17 
 1585       5.760037816665e-11       2.932025956133e-12       2.303700297391e-13       0.000000000000e+00       9.501721342020e-16       1.559454359752e-16       4.253391007208e-17 
 1586       5.730277809949e-11       2.940959621326e-12       1.714724628083e-13       0.000000000000e+00       9.477781073110e-16       1.537184389224e-16       4.261423860137e-17 
 1587       5.701065113989e-11       2.949550962437e-12       1.119154714772e-13       0.000000000000e+00       9.453914497978e-16       1.514710466463e-16       4.268965648667e-17 
 1588       5.672399786184e-11       2.957798465303e-12       5.172645208498e-14       0.000000000000e+00       9.430121401635e-16       1.492048072970e-16       4.276018678683e-17 
 1589       5.644281875580e-11       2.965700613179e-12      -9.067053011626e-15       0.000000000000e+00       9.406401566202e-16       1.469212770587e-16       4.282585274813e-17 
 1590       5.616711422854e-11       2.973255886743e-12      -7.043735520470e-14       0.000000000000e+00       9.382754770903e-16       1.446220201627e-16       4.288667780464e-17 
 1591       5.589688460292e-11       2.980462764090e-12      -1.323566194016e-13       0.000000000000e+00       9.359180792059e-16       1.423086088998e-16       4.294268557851e-17 
 1592       5.563213011773e-11       2.987319720730e-12      -1.947968637914e-13       0.000000000000e+00       9.335679403084e-16       1.399826236332e-16       4.299389988033e-17 
 1593       5.537285092754e-11       2.993825229591e-12      -2.577299596113e-13       0.000000000000e+00       9.312250374480e-16       1.376456528112e-16       4.304034470946e-17 
 1594       5.511904710248e-11       2.999977761016e-12      -3.211276309133e-13       0.000000000000e+00       9.288893473825e-16       1.352992929800e-16       4.308204425435e-17 
 1595       5.487071862806e-11       3.005775782757e-12      -3.849614543302e-13       0.000000000000e+00       9.265608465777e-16       1.329451487966e-16       4.311902289291e-17 
 1596       5.462786540503e-11       3.011217759980e-12      -4.492028588426e-13       0.000000000000e+00       9.242395112060e-16       1.305848330412e-16       4.315130519277e-17 
 1597       5.439048724917e-11       3.016302155261e-12      -5.138231255447e-13       0.000000000000e+00       9.219253171462e-16       1.282199666301e-16       4.317891591169e-17 
 1598       5.415858389112e-11       3.021027428585e-12      -5.787933874113e-13       0.000000000000e+00       9.196182399831e-16       1.258521786287e-16       4.320187999785e-17 
 1599       5.393215497620e-11       3.025392037343e-12      -6.440846290641e-13       0.000000000000e+00       9.173182550063e-16       1.234831062637e-16       4.322022259019e-17 
 1600       5.371120006422e-11       3.029394436331e-12      -7.096676865380e-13       0.000000000000e+00       9.150253372104e-16       1.211143949365e-16       4.323396901874e-17 
 1601       5.349571862933e-11       3.033033077754e-12      -7.755132470477e-13       0.000000000000e+00       9.127394612938e-16       1.187476982354e-16       4.324314480495e-17 
 1602       5.328571005980e-11       3.036306411214e-12      -8.415918487538e-13       0.000000000000e+00       9.104606016586e-16       1.163846779488e-16       4.324777566206e-17 
 1603       5.308117365790e-11       3.039212883720e-12      -9.078738805298e-13       0.000000000000e+00       9.081887324096e-16       1.140270040773e-16       4.324788749536e-17 
 1604       5.288210863963e-11       3.041750939679e-12      -9.743295817283e-13       0.000000000000e+00       9.059238273542e-16       1.116763548474e-16       4.324350640260e-17 
 1605       5.268851413465e-11       3.043919020897e-12      -1.040929041947e-12       0.000000000000e+00       9.036658600012e-16       1.093344167234e-16       4.323465867425e-17 
 1606       5.250038918601e-11       3.045715566577e-12      -1.107642200797e-12       0.000000000000e+00       9.014148035610e-16       1.070028844204e-16       4.322137079390e-17 
 1607       5.231773275002e-11       3.047139013321e-12      -1.174438847665e-12       0.000000000000e+00       8.991706309444e-16       1.046834609173e-16       4.320366943854e-17 
 1608       5.214054369606e-11       3.048187795122e-12      -1.241288621485e-12       0.000000000000e+00       8.969333147623e-16       1.023778574694e-16       4.318158147893e-17 
 1609       5.196882080640e-11       3.048860343371e-12      -1.308161010501e-12       0.000000000000e+00       8.947028273249e-16       1.000877936208e-16       4.315513397990e-17 
 1610       5.180256277600e-11       3.049155086847e-12      -1.375025352036e-12       0.000000000000e+00       8.924791406417e-16       9.781499721784e-17       4.312435420071e-17 
 1611       5.164176821237e-11       3.049070451722e-12      -1.441850832256e-12       0.000000000000e+00       8.902622264203e-16       9.556120442117e-17       4.308926959537e-17 
 1612       5.148643563538e-11       3.048604861557e-12      -1.508606485938e-12       0.000000000000e+00       8.880520560659e-16       9.332815971895e-17       4.304990781296e-17 
 1613       5.133656347705e-11       3.047756737301e-12      -1.575261196237e-12       0.000000000000e+00       8.858486006812e-16       9.111761593938e-17       4.300629669798e-17 
 1614       5.119215008141e-11       3.046524497289e-12      -1.641783694449e-12       0.000000000000e+00       8.836518310654e-16       8.893133426354e-17       4.295846429070e-17 
 1615       5.105319370429e-11       3.044906557242e-12      -1.708142559782e-12       0.000000000000e+00       8.814617177137e-16       8.677108423809e-17       4.290643882743e-17 
 1616       5.091969251318e-11       3.042901330265e-12      -1.774306219121e-12       0.000000000000e+00       8.792782308168e-16       8.463864378804e-17       4.285024874094e-17 
 1617       5.079164458699e-11       3.040507226845e-12      -1.840242946791e-12       0.000000000000e+00       8.771013402603e-16       8.253579922950e-17       4.278992266071e-17 
 1618       5.066904791594e-11       3.037722654850e-12      -1.905920864330e-12       0.000000000000e+00       8.749310156242e-16       8.046434528240e-17       4.272548941330e-17 
 1619       5.055189040943e-11       3.034546889462e-12      -1.971310219951e-12       0.000000000000e+00       8.727672285533e-16       7.842575447226e-17       4.265697853435e-17 
 1620       5.044011982146e-11       3.030982691576e-12      -2.036390249948e-12       0.000000000000e+00       8.706099598939e-16       7.642018204248e-17       4.258442180888e-17 
 1621       5.033367355308e-11       3.027033713060e-12      -2.101142378829e-12       0.000000000000e+00       8.684591926204e-16       7.444745207561e-17       4.250785174554e-17 
 1622       5.023248861906e-11       3.022703629001e-12      -2.165547945111e-12       0.000000000000e+00       8.663149094698e-16       7.250738728594e-17       4.242730106660e-17 
 1623       5.013650164719e-11       3.017996137751e-12      -2.229588201192e-12       0.000000000000e+00       8.641770929413e-16       7.059980901708e-17       4.234280270830e-17 
 1624       5.004564887768e-11       3.012914960961e-12      -2.293244313220e-12       0.000000000000e+00       8.620457252953e-16       6.872453723963e-17       4.225438982120e-17 
 1625       4.995986616251e-11       3.007463843621e-12      -2.356497360966e-12       0.000000000000e+00       8.599207885536e-16       6.688139054877e-17       4.216209577053e-17 
 1626       4.987908896479e-11       3.001646554097e-12      -2.419328337692e-12       0.000000000000e+00       8.578022644984e-16       6.507018616190e-17       4.206595413654e-17 
 1627       4.980325235815e-11       2.995466884169e-12      -2.481718150024e-12       0.000000000000e+00       8.556901346723e-16       6.329073991623e-17       4.196599871491e-17 
 1628       4.973229102606e-11       2.988928649073e-12      -2.543647617824e-12       0.000000000000e+00       8.535843803776e-16       6.154286626646e-17       4.186226351702e-17 
 1629       4.966613926124e-11       2.982035687537e-12      -2.605097474056e-12       0.000000000000e+00       8.514849826756e-16       5.982637828234e-17       4.175478277038e-17 
 1630       4.960473096499e-11       2.974791861816e-12      -2.666048364661e-12       0.000000000000e+00       8.493919223866e-16       5.814108764633e-17       4.164359091895e-17 
 1631       4.954799964657e-11       2.967201057739e-12      -2.726480848424e-12       0.000000000000e+00       8.473051800892e-16       5.648680465122e-17       4.152872262349e-17 
 1632       4.949587842255e-11       2.959267184738e-12      -2.786375396852e-12       0.000000000000e+00       8.452247361199e-16       5.486333819771e-17       4.141021276193e-17 
 1633       4.944830001619e-11       2.950994175894e-12      -2.845712394034e-12       0.000000000000e+00       8.431505705723e-16       5.327049579210e-17       4.128809642975e-17 
 1634       4.940519675681e-11       2.942385987969e-12      -2.904472136521e-12       0.000000000000e+00       8.410826632973e-16       5.170808354386e-17       4.116240894027e-17 
 1635       4.936650057913e-11       2.933446601451e-12      -2.962634833193e-12       0.000000000000e+00       8.390209939021e-16       5.017590616327e-17       4.103318582509e-17 
 1636       4.933214302262e-11       2.924180020587e-12      -3.020180605129e-12       0.000000000000e+00       8.369655417498e-16       4.867376695903e-17       4.090046283435e-17 
 1637       4.930205523094e-11       2.914590273423e-12      -3.077089485479e-12       0.000000000000e+00       8.349162859593e-16       4.720146783591e-17       4.076427593719e-17 
 1638       4.927616795120e-11       2.904681411845e-12      -3.133341419336e-12       0.000000000000e+00       8.328732054043e-16       4.575880929233e-17       4.062466132202e-17 
 1639       4.925441153342e-11       2.894457511613e-12      -3.188916263602e-12       0.000000000000e+00       8.308362787132e-16       4.434559041801e-17       4.048165539691e-17 
 1640       4.923671592981e-11       2.883922672404e-12      -3.243793786866e-12       0.000000000000e+00       8.288054842688e-16       4.296160889162e-17       4.033529478996e-17 
 1641       4.922301069421e-11       2.873081017847e-12      -3.297953669267e-12       0.000000000000e+00       8.267808002071e-16       4.160666097831e-17       4.018561634963e-17 
 1642       4.921322498138e-11       2.861936695561e-12      -3.351375502372e-12       0.000000000000e+00       8.247622044177e-16       4.028054152744e-17       4.003265714511e-17 
 1643       4.920728754645e-11       2.850493877198e-12      -3.404038789040e-12       0.000000000000e+00       8.227496745428e-16       3.898304397011e-17       3.987645446667e-17 
 1644       4.920512674417e-11       2.838756758477e-12      -3.455922943298e-12       0.000000000000e+00       8.207431879769e-16       3.771396031687e-17       3.971704582603e-17 
 1645       4.920667052840e-11       2.826729559223e-12      -3.507007290211e-12       0.000000000000e+00       8.187427218664e-16       3.647308115525e-17       3.955446895669e-17 
 1646       4.921184645138e-11       2.814416523409e-12      -3.557271065747e-12       0.000000000000e+00       8.167482531090e-16       3.526019564745e-17       3.938876181430e-17 
 1647       4.922058166313e-11       2.801821919188e-12      -3.606693416657e-12       0.000000000000e+00       8.147597583532e-16       3.407509152794e-17       3.921996257702e-17 
 1648       4.923280291081e-11       2.788950038939e-12      -3.655253400339e-12       0.000000000000e+00       8.127772139983e-16       3.291755510106e-17       3.904810964588e-17 
 1649       4.924843653809e-11       2.775805199298e-12      -3.702929984710e-12       0.000000000000e+00       8.108005961930e-16       3.178737123870e-17       3.887324164512e-17 
 1650       4.926740848449e-11       2.762391741203e-12      -3.749702048079e-12       0.000000000000e+00       8.088298808361e-16       3.068432337783e-17       3.869539742255e-17 
 1651       4.928964428480e-11       2.748714029927e-12      -3.795548379015e-12       0.000000000000e+00       8.068650435750e-16       2.960819351823e-17       3.851461604991e-17 
 1652       4.931506906835e-11       2.734776455121e-12      -3.840447676220e-12       0.000000000000e+00       8.049060598060e-16       2.855876222001e-17       3.833093682323e-17 
 1653       4.934360755847e-11       2.720583430849e-12      -3.884378548398e-12       0.000000000000e+00       8.029529046732e-16       2.753580860132e-17       3.814439926319e-17 
 1654       4.937518407181e-11       2.706139395628e-12      -3.927319514126e-12       0.000000000000e+00       8.010055530686e-16       2.653911033590e-17       3.795504311544e-17 
 1655       4.940972251767e-11       2.691448812465e-12      -3.969249001728e-12       0.000000000000e+00       7.990639796314e-16       2.556844365075e-17       3.776290835100e-17 
 1656       4.944714639745e-11       2.676516168899e-12      -4.010145349139e-12       0.000000000000e+00       7.971281587473e-16       2.462358332372e-17       3.756803516661e-17 
 1657       4.948737880393e-11       2.661345977036e-12      -4.049986803782e-12       0.000000000000e+00       7.951980645485e-16       2.370430268115e-17       3.737046398505e-17 
 1658       4.953034195792e-11       2.645943029213e-12      -4.088754853818e-12       0.000000000000e+00       7.932736728839e-16       2.281036915622e-17       3.717023394229e-17 
 1659       4.957595581486e-11       2.630313167384e-12      -4.126444254301e-12       0.000000000000e+00       7.913549672512e-16       2.194153092580e-17       3.696737833347e-17 
 1660       4.962413944466e-11       2.614462520604e-12      -4.163053089240e-12       0.000000000000e+00       7.894419329165e-16       2.109753015098e-17       3.676192912742e-17 
 1661       4.967481149265e-11       2.598397250062e-12      -4.198579448259e-12       0.000000000000e+00       7.875345549472e-16       2.027810740299e-17       3.655391847657e-17 
 1662       4.972789017897e-11       2.582123549138e-12      -4.233021426618e-12       0.000000000000e+00       7.856328182123e-16       1.948300166068e-17       3.634337871722e-17 
 1663       4.978329329788e-11       2.565647643444e-12      -4.266377125225e-12       0.000000000000e+00       7.837367073813e-16       1.871195030795e-17       3.613034236982e-17 
 1664       4.984093821712e-11       2.548975790885e-12      -4.298644650654e-12       0.000000000000e+00       7.818462069242e-16       1.796468913116e-17       3.591484213930e-17 
 1665       4.990074187724e-11       2.532114281696e-12      -4.329822115161e-12       0.000000000000e+00       7.799613011114e-16       1.724095231655e-17       3.569691091532e-17 
 1666       4.996262079095e-11       2.515069438502e-12      -4.359907636699e-12       0.000000000000e+00       7.780819740125e-16       1.654047244771e-17       3.547658177259e-17 
 1667       5.002649104248e-11       2.497847616361e-12      -4.388899338937e-12       0.000000000000e+00       7.762082094970e-16       1.586298050295e-17       3.525388797112e-17 
 1668       5.009226828689e-11       2.480455202817e-12      -4.416795351271e-12       0.000000000000e+00       7.743399912327e-16       1.520820585277e-17       3.502886295656e-17 
 1669       5.015986774944e-11       2.462898617947e-12      -4.443593808847e-12       0.000000000000e+00       7.724773026866e-16       1.457587625730e-17       3.480154036045e-17 
 1670       5.022920422493e-11       2.445184314415e-12      -4.469292852570e-12       0.000000000000e+00       7.706201271235e-16       1.396571786366e-17       3.457195400054e-17 
 1671       5.030019207703e-11       2.427318777514e-12      -4.493890629124e-12       0.000000000000e+00       7.687684476061e-16       1.337745520346e-17       3.434013788103e-17 
 1672       5.037274523764e-11       2.409308525225e-12      -4.517385290988e-12       0.000000000000e+00       7.669222469946e-16       1.281081119020e-17       3.410612619294e-17 
 1673       5.044677720622e-11       2.391160108258e-12      -4.539774996453e-12       0.000000000000e+00       7.650815079461e-16       1.226550711670e-17       3.386995331433e-17 
 1674       5.052220104915e-11       2.372880110108e-12      -4.561057909632e-12       0.000000000000e+00       7.632462129147e-16       1.174126265252e-17       3.363165381060e-17 
 1675       5.059892939905e-11       2.354475147099e-12      -4.581232200486e-12       0.000000000000e+00       7.614163441503e-16       1.123779584138e-17       3.339126243482e-17 
 1676       5.067687445415e-11       2.335951868440e-12      -4.600296044831e-12       0.000000000000e+00       7.595918836993e-16       1.075482309864e-17       3.314881412798e-17 
 1677       5.075594797761e-11       2.317316956268e-12      -4.618247624360e-12       0.000000000000e+00       7.577728134033e-16       1.029205920865e-17       3.290434401931e-17 
 1678       5.083606129688e-11       2.298577125703e-12      -4.635085126654e-12       0.000000000000e+00       7.559591148990e-16       9.849217322249e-18       3.265788742651e-17 
 1679       5.091712530304e-11       2.279739124892e-12      -4.650806745205e-12       0.000000000000e+00       7.541507696182e-16       9.426008954152e-18       3.240947985614e-17 
 1680       5.099905045013e-11       2.260809735066e-12      -4.665410679425e-12       0.000000000000e+00       7.523477587868e-16       9.022143980386e-18       3.215915700382e-17 
 1681       5.108174675452e-11       2.241795770582e-12      -4.678895134666e-12       0.000000000000e+00       7.505500634250e-16       8.637330635727e-18       3.190695475454e-17 
 1682       5.116512379423e-11       2.222704078978e-12      -4.691258322236e-12       0.000000000000e+00       7.487576643465e-16       8.271275511119e-18       3.165290918300e-17 
 1683       5.124909070828e-11       2.203541541019e-12      -4.702498459413e-12       0.000000000000e+00       7.469705421584e-16       7.923683551104e-18       3.139705655384e-17 
 1684       5.133355619605e-11       2.184315070748e-12      -4.712613769464e-12       0.000000000000e+00       7.451886772604e-16       7.594258051255e-18       3.113943332195e-17 
 1685       5.141842851658e-11       2.165031615538e-12      -4.721602481657e-12       0.000000000000e+00       7.434120498452e-16       7.282700655598e-18       3.088007613278e-17 
 1686       5.150361548797e-11       2.145698156137e-12      -4.729462831283e-12       0.000000000000e+00       7.416406398972e-16       6.988711354043e-18       3.061902182258e-17 
 1687       5.158902448670e-11       2.126321706720e-12      -4.736193059666e-12       0.000000000000e+00       7.398744271929e-16       6.711988479812e-18       3.035630741875e-17 
 1688       5.167456244694e-11       2.106909314939e-12      -4.741791414182e-12       0.000000000000e+00       7.381133913000e-16       6.452228706865e-18       3.009197014010e-17 
 1689       5.176013585994e-11       2.087468061973e-12      -4.746256148276e-12       0.000000000000e+00       7.363575115773e-16       6.209127047331e-18       2.982604739712e-17 
 1690       5.184565077338e-11       2.068005062575e-12      -4.749585521476e-12       0.000000000000e+00       7.346067671741e-16       5.982376848935e-18       2.955857679231e-17 
 1691       5.193101279064e-11       2.048527465122e-12      -4.751777799411e-12       0.000000000000e+00       7.328611370303e-16       5.771669792426e-18       2.928959612046e-17 
 1692       5.201612707025e-11       2.029042451669e-12      -4.752831253825e-12       0.000000000000e+00       7.311205998752e-16       5.576695889002e-18       2.901914336890e-17 
 1693       5.210089832513e-11       2.009557237993e-12      -4.752744162594e-12       0.000000000000e+00       7.293851342281e-16       5.397143477745e-18       2.874725671784e-17 
 1694       5.218523082202e-11       1.990079073646e-12      -4.751514809743e-12       0.000000000000e+00       7.276547183970e-16       5.232699223042e-18       2.847397454065e-17 
 1695       5.226902838076e-11       1.970615242002e-12      -4.749141485462e-12       0.000000000000e+00       7.259293304788e-16       5.083048112018e-18       2.819933540412e-17 
 1696       5.235219437366e-11       1.951173060309e-12      -4.745622486119e-12       0.000000000000e+00       7.242089483589e-16       4.947873451961e-18       2.792337806878e-17 
 1697       5.243463926791e-11       1.931759479937e-12      -4.740958567236e-12       0.000000000000e+00       7.224935513580e-16       4.826854312788e-18       2.764614024433e-17 
 1698       5.251630332520e-11       1.912379883252e-12      -4.735160325488e-12       0.000000000000e+00       7.207831251898e-16       4.719657835490e-18       2.736765484364e-17 
 1699       5.259713409648e-11       1.893039276467e-12      -4.728240880384e-12       0.000000000000e+00       7.190776570454e-16       4.625946852251e-18       2.708795369704e-17 
 1700       5.267707889636e-11       1.873742688535e-12      -4.720213427199e-12       0.000000000000e+00       7.173771339493e-16       4.545382432715e-18       2.680706879445e-17 
 1701       5.275608480272e-11       1.854495171183e-12      -4.711091237099e-12       0.000000000000e+00       7.156815427595e-16       4.477623881305e-18       2.652503228565e-17 
 1702       5.283409865642e-11       1.835301798939e-12      -4.700887657256e-12       0.000000000000e+00       7.139908701668e-16       4.422328734551e-18       2.624187648049e-17 
 1703       5.291106706093e-11       1.816167669174e-12      -4.689616110964e-12       0.000000000000e+00       7.123051026946e-16       4.379152758403e-18       2.595763384915e-17 
 1704       5.298693638197e-11       1.797097902129e-12      -4.677290097765e-12       0.000000000000e+00       7.106242266988e-16       4.347749945561e-18       2.567233702236e-17 
 1705       5.306165274721e-11       1.778097640947e-12      -4.663923193559e-12       0.000000000000e+00       7.089482283670e-16       4.327772512793e-18       2.538601879165e-17 
 1706       5.313516204590e-11       1.759172051710e-12      -4.649529050726e-12       0.000000000000e+00       7.072770937188e-16       4.318870898254e-18       2.509871210957e-17 
 1707       5.320740992853e-11       1.740326323471e-12      -4.634121398244e-12       0.000000000000e+00       7.056108086050e-16       4.320693758814e-18       2.481045008998e-17 
 1708       5.327834180649e-11       1.721565668283e-12      -4.617714041807e-12       0.000000000000e+00       7.039493587076e-16       4.332887967373e-18       2.452126600821e-17 
 1709       5.334790285173e-11       1.702895321239e-12      -4.600320863944e-12       0.000000000000e+00       7.022927295392e-16       4.355098610187e-18       2.423119330136e-17 
 1710       5.341603799643e-11       1.684320540496e-12      -4.581955824134e-12       0.000000000000e+00       7.006409064430e-16       4.386968984189e-18       2.394026556851e-17 
 1711       5.348269193262e-11       1.665846607318e-12      -4.562632958930e-12       0.000000000000e+00       6.989938745924e-16       4.428140594310e-18       2.364851657095e-17 
 1712       5.354780911189e-11       1.647478826099e-12      -4.542366382072e-12       0.000000000000e+00       6.973516189905e-16       4.478253150800e-18       2.335598023247e-17 
 1713       5.361133374499e-11       1.629222524403e-12      -4.521170284607e-12       0.000000000000e+00       6.957141244700e-16       4.536944566551e-18       2.306269063952e-17 
 1714       5.367320980154e-11       1.611083052994e-12      -4.499058935008e-12       0.000000000000e+00       6.940813756929e-16       4.603850954417e-18       2.276868204150e-17 
 1715       5.373338100966e-11       1.593065785871e-12      -4.476046679292e-12       0.000000000000e+00       6.924533571500e-16       4.678606624539e-18       2.247398885101e-17 
 1716       5.379179085563e-11       1.575176120296e-12      -4.452147941138e-12       0.000000000000e+00       6.908300531608e-16       4.760844081663e-18       2.217864564402e-17 
 1717       5.384838258355e-11       1.557419476834e-12      -4.427377222004e-12       0.000000000000e+00       6.892114478729e-16       4.850194022463e-18       2.188268716020e-17 
 1718       5.390309919500e-11       1.539801299381e-12      -4.401749101246e-12       0.000000000000e+00       6.875975252622e-16       4.946285332863e-18       2.158614830307e-17 
 1719       5.395588344870e-11       1.522327055196e-12      -4.375278236240e-12       0.000000000000e+00       6.859882691320e-16       5.048745085359e-18       2.128906414030e-17 
 1720       5.400667786016e-11       1.505002234939e-12      -4.347979362492e-12       0.000000000000e+00       6.843836631132e-16       5.157198536339e-18       2.099146990391e-17 
 1721       5.405542470133e-11       1.487832352700e-12      -4.319867293766e-12       0.000000000000e+00       6.827836906636e-16       5.271269123406e-18       2.069340099056e-17 
 1722       5.410206600029e-11       1.470822946034e-12      -4.290956922192e-12       0.000000000000e+00       6.811883350677e-16       5.390578462701e-18       2.039489296170e-17 
 1723       5.414654354089e-11       1.453979575990e-12      -4.261263218395e-12       0.000000000000e+00       6.795975794367e-16       5.514746346222e-18       2.009598154390e-17 
 1724       5.418879886237e-11       1.437307827149e-12      -4.230801231604e-12       0.000000000000e+00       6.780114067077e-16       5.643390739145e-18       1.979670262903e-17 
 1725       5.422877325908e-11       1.420813307656e-12      -4.199586089776e-12       0.000000000000e+00       6.764297996438e-16       5.776127777151e-18       1.949709227453e-17 
 1726       5.426640778012e-11       1.404501649248e-12      -4.167632999710e-12       0.000000000000e+00       6.748527408333e-16       5.912571763741e-18       1.919718670361e-17 
 1727       5.430164322896e-11       1.388378507295e-12      -4.134957247171e-12       0.000000000000e+00       6.732802126901e-16       6.052335167563e-18       1.889702230553e-17 
 1728       5.433442016313e-11       1.372449560825e-12      -4.101574197001e-12       0.000000000000e+00       6.717121974529e-16       6.195028619730e-18       1.859663563582e-17 
 1729       5.436467889390e-11       1.356720512561e-12      -4.067499293244e-12       0.000000000000e+00       6.701486771847e-16       6.340260911144e-18       1.829606341652e-17 
 1730       5.439235948589e-11       1.341197088956e-12      -4.032748059260e-12       0.000000000000e+00       6.685896337730e-16       6.487638989817e-18       1.799534253640e-17 
 1731       5.441740175674e-11       1.325885040221e-12      -3.997336097843e-12       0.000000000000e+00       6.670350489295e-16       6.636767958190e-18       1.769451005123e-17 
 1732       5.443974527679e-11       1.310790140360e-12      -3.961279091344e-12       0.000000000000e+00       6.654849041890e-16       6.787251070461e-18       1.739360318399e-17 
 1733       5.445932936872e-11       1.295918187204e-12      -3.924592801782e-12       0.000000000000e+00       6.639391809102e-16       6.938689729899e-18       1.709265932513e-17 
 1734       5.447609310722e-11       1.281275002444e-12      -3.887293070971e-12       0.000000000000e+00       6.623978602746e-16       7.090683486173e-18       1.679171603280e-17 
 1735       5.448997531863e-11       1.266866431661e-12      -3.849395820628e-12       0.000000000000e+00       6.608609232863e-16       7.242830032667e-18       1.649081103307e-17 
 1736       5.450092467180e-11       1.252697580985e-12      -3.810917440416e-12       0.000000000000e+00       6.593283521618e-16       7.394826246624e-18       1.618997953482e-17 
 1737       5.450893004434e-11       1.238770519959e-12      -3.771875955378e-12       0.000000000000e+00       6.578001345112e-16       7.546772246185e-18       1.588924614903e-17 
 1738       5.451399041164e-11       1.225086559379e-12      -3.732289868572e-12       0.000000000000e+00       6.562762591913e-16       7.698869890794e-18       1.558863290184e-17 
 1739       5.451610477896e-11       1.211647012912e-12      -3.692177774189e-12       0.000000000000e+00       6.547567149191e-16       7.851321972340e-18       1.528816191390e-17 
 1740       5.451527218148e-11       1.198453197105e-12      -3.651558357679e-12       0.000000000000e+00       6.532414902711e-16       8.004332216500e-18       1.498785540044e-17 
 1741       5.451149168438e-11       1.185506431381e-12      -3.610450395890e-12       0.000000000000e+00       6.517305736834e-16       8.158105284081e-18       1.468773567147e-17 
 1742       5.450476238289e-11       1.172808038047e-12      -3.568872757198e-12       0.000000000000e+00       6.502239534515e-16       8.312846772361e-18       1.438782513187e-17 
 1743       5.449508340236e-11       1.160359342293e-12      -3.526844401644e-12       0.000000000000e+00       6.487216177297e-16       8.468763216436e-18       1.408814628154e-17 
 1744       5.448245389827e-11       1.148161672197e-12      -3.484384381065e-12       0.000000000000e+00       6.472235545309e-16       8.626062090561e-18       1.378872171551e-17 
 1745       5.446687305637e-11       1.136216358723e-12      -3.441511839230e-12       0.000000000000e+00       6.457297517268e-16       8.784951809488e-18       1.348957412410e-17 
 1746       5.444834009268e-11       1.124524735732e-12      -3.398246011972e-12       0.000000000000e+00       6.442401970470e-16       8.945641729818e-18       1.319072629303e-17 
 1747       5.442685425355e-11       1.113088139975e-12      -3.354606227321e-12       0.000000000000e+00       6.427548780795e-16       9.108342151333e-18       1.289220110355e-17 
 1748       5.440241481577e-11       1.101907911102e-12      -3.310611905640e-12       0.000000000000e+00       6.412737822695e-16       9.273264318349e-18       1.259402153258e-17 
 1749       5.437502108656e-11       1.090985391662e-12      -3.266282559758e-12       0.000000000000e+00       6.397968969199e-16       9.440620421051e-18       1.229621065286e-17 
 1750       5.434467240369e-11       1.080321927106e-12      -3.221637795102e-12       0.000000000000e+00       6.383242091910e-16       9.610623596838e-18       1.199879163303e-17 
 1751       5.431136813549e-11       1.069918865790e-12      -3.176697309832e-12       0.000000000000e+00       6.368557060997e-16       9.783487931668e-18       1.170178773781e-17 
 1752       5.427510768096e-11       1.059777558977e-12      -3.131480894974e-12       0.000000000000e+00       6.353913745198e-16       9.959428461398e-18       1.140522232811e-17 
 1753       5.423589046977e-11       1.049899360840e-12      -3.086008434556e-12       0.000000000000e+00       6.339312011816e-16       1.013866117313e-17       1.110911886116e-17 
 1754       5.419371596239e-11       1.040285628463e-12      -3.040299905739e-12       0.000000000000e+00       6.324751726714e-16       1.032140300654e-17       1.081350089065e-17 
 1755       5.414858365006e-11       1.030937721846e-12      -2.994375378950e-12       0.000000000000e+00       6.310232754315e-16       1.050787185526e-17       1.051839206684e-17 
 1756       5.410049305495e-11       1.021857003906e-12      -2.948255018020e-12       0.000000000000e+00       6.295754957600e-16       1.069828656815e-17       1.022381613673e-17 
 1757       5.404944373013e-11       1.013044840479e-12      -2.901959080312e-12       0.000000000000e+00       6.281318198103e-16       1.089286695072e-17       9.929796944161e-18 
 1758       5.399543525970e-11       1.004502600326e-12      -2.855507916860e-12       0.000000000000e+00       6.266922335911e-16       1.109183376643e-17       9.636358429945e-18 
 1759       5.393846725880e-11       9.962316551302e-13      -2.808921972498e-12       0.000000000000e+00       6.252567229659e-16       1.129540873801e-17       9.343524632012e-18 
 1760       5.387853937367e-11       9.882333795038e-13      -2.762221785999e-12       0.000000000000e+00       6.238252736529e-16       1.150381454888e-17       9.051319685532e-18 
 1761       5.381565128177e-11       9.805091509887e-13      -2.715427990202e-12       0.000000000000e+00       6.223978712247e-16       1.171727484439e-17       8.759767823048e-18 
 1762       5.374980269175e-11       9.730603500594e-13      -2.668561312152e-12       0.000000000000e+00       6.209745011082e-16       1.193601423327e-17       8.468893374605e-18 
 1763       5.368099334359e-11       9.658883601257e-13      -2.621642573229e-12       0.000000000000e+00       6.195551485840e-16       1.216025828888e-17       8.178720767886e-18 
 1764       5.360922300860e-11       9.589945675352e-13      -2.574692689285e-12       0.000000000000e+00       6.181397987865e-16       1.239023355060e-17       7.889274528338e-18 
 1765       5.353449148952e-11       9.523803615757e-13      -2.527732670776e-12       0.000000000000e+00       6.167284367035e-16       1.262616752519e-17       7.600579279306e-18 
 1766       5.345679862055e-11       9.460471344778e-13      -2.480783622895e-12       0.000000000000e+00       6.153210471757e-16       1.286828868807e-17       7.312659742165e-18 
 1767       5.337614426743e-11       9.399962814174e-13      -2.433866745707e-12       0.000000000000e+00       6.139176148971e-16       1.311682648472e-17       7.025540736447e-18 
 1768       5.329252832748e-11       9.342292005187e-13      -2.387003334285e-12       0.000000000000e+00       6.125181244140e-16       1.337201133202e-17       6.739247179975e-18 
 1769       5.320595072968e-11       9.287472928560e-13      -2.340214778836e-12       0.000000000000e+00       6.111225601252e-16       1.363407461954e-17       6.453804088996e-18 
 1770       5.311641143472e-11       9.235519624568e-13      -2.293522564843e-12       0.000000000000e+00       6.097309062817e-16       1.390324871094e-17       6.169236578308e-18 
 1771       5.302391043506e-11       9.186446163041e-13      -2.246948273195e-12       0.000000000000e+00       6.083431469863e-16       1.417976694529e-17       5.885569861394e-18 
 1772       5.292844775499e-11       9.140266643392e-13      -2.200513580321e-12       0.000000000000e+00       6.069592661935e-16       1.446386363841e-17       5.602829250552e-18 
 1773       5.283002345067e-11       9.096995194639e-13      -2.154240258322e-12       0.000000000000e+00       6.055792477089e-16       1.475577408422e-17       5.321040157024e-18 
 1774       5.272863761022e-11       9.056645975432e-13      -2.108150175109e-12       0.000000000000e+00       6.042030751896e-16       1.505573455607e-17       5.040228091135e-18 
 1775       5.262429713966e-11       9.019226588329e-13      -2.062263753297e-12       0.000000000000e+00       6.028307333457e-16       1.536391937093e-17       4.760416923527e-18 
 1776       5.251703618175e-11       8.984718263192e-13      -2.016595332744e-12       0.000000000000e+00       6.014622115582e-16       1.568025151192e-17       4.481623652972e-18 
 1777       5.240689586562e-11       8.953095510477e-13      -1.971157770049e-12       0.000000000000e+00       6.000975002907e-16       1.600459044721e-17       4.203863595690e-18 
 1778       5.229391753641e-11       8.924332691927e-13      -1.925963976394e-12       0.000000000000e+00       5.987365898894e-16       1.633679492451e-17       3.927152120389e-18 
 1779       5.217814275566e-11       8.898404020351e-13      -1.881026917615e-12       0.000000000000e+00       5.973794705831e-16       1.667672296992e-17       3.651504648325e-18 
 1780       5.205961330159e-11       8.875283559398e-13      -1.836359614283e-12       0.000000000000e+00       5.960261324827e-16       1.702423188698e-17       3.376936653373e-18 
 1781       5.193837116942e-11       8.854945223329e-13      -1.791975141771e-12       0.000000000000e+00       5.946765655813e-16       1.737917825552e-17       3.103463662088e-18 
 1782       5.181445857169e-11       8.837362776796e-13      -1.747886630337e-12       0.000000000000e+00       5.933307597537e-16       1.774141793067e-17       2.831101253768e-18 
 1783       5.168791793859e-11       8.822509834612e-13      -1.704107265193e-12       0.000000000000e+00       5.919887047566e-16       1.811080604178e-17       2.559865060525e-18 
 1784       5.155879191825e-11       8.810359861532e-13      -1.660650286586e-12       0.000000000000e+00       5.906503902277e-16       1.848719699140e-17       2.289770767346e-18 
 1785       5.142712337708e-11       8.800886172020e-13      -1.617528989866e-12       0.000000000000e+00       5.893158056863e-16       1.887044445416e-17       2.020834112155e-18 
 1786       5.129295540010e-11       8.794061930032e-13      -1.574756725566e-12       0.000000000000e+00       5.879849405326e-16       1.926040137579e-17       1.753070885886e-18 
 1787       5.115633129122e-11       8.789860148785e-13      -1.532346899475e-12       0.000000000000e+00       5.866577840476e-16       1.965691997202e-17       1.486496932541e-18 
 1788       5.101729457357e-11       8.788253690534e-13      -1.490312972713e-12       0.000000000000e+00       5.853343253928e-16       2.005985172755e-17       1.221128149257e-18 
 1789       5.087588898985e-11       8.789215266345e-13      -1.448668461809e-12       0.000000000000e+00       5.840145536102e-16       2.046904739498e-17       9.569804863728e-19 
 1790       5.073215850261e-11       8.792717435873e-13      -1.407426938771e-12       0.000000000000e+00       5.826984576219e-16       2.088435699378e-17       6.940699474903e-19 
 1791       5.058614729458e-11       8.798732607135e-13      -1.366602031164e-12       0.000000000000e+00       5.813860262301e-16       2.130562980921e-17       4.324125895429e-19 
 1792       5.043789976898e-11       8.807233036284e-13      -1.326207422185e-12       0.000000000000e+00       5.800772481167e-16       2.173271439129e-17       1.720245228587e-19 
 1793       5.028746054985e-11       8.818190827385e-13      -1.286256850738e-12       0.000000000000e+00       5.787721118432e-16       2.216545855373e-17      -8.707808877456e-20 
 1794       5.013487448238e-11       8.831577932189e-13      -1.246764111507e-12       0.000000000000e+00       5.774706058502e-16       2.260370937288e-17      -3.448790280439e-19 
 1795       4.998018663319e-11       8.847366149908e-13      -1.207743055034e-12       0.000000000000e+00       5.761727184578e-16       2.304731318669e-17      -6.013620240468e-19 
 1796       4.982344229067e-11       8.865527126991e-13      -1.169207587791e-12       0.000000000000e+00       5.748784378648e-16       2.349611559364e-17      -8.565107522258e-19 
 1797       4.966468696531e-11       8.886032356898e-13      -1.131171672260e-12       0.000000000000e+00       5.735877521488e-16       2.394996145171e-17      -1.110308834304e-18 
 1798       4.950396638998e-11       8.908853179873e-13      -1.093649327000e-12       0.000000000000e+00       5.723006492659e-16       2.440869487728e-17      -1.362739838220e-18 
 1799       4.934132652029e-11       8.933960782721e-13      -1.056654626729e-12       0.000000000000e+00       5.710171170506e-16       2.487215924414e-17      -1.613787278062e-18 
 1800       4.917681353489e-11       8.961326198584e-13      -1.020201702398e-12       0.000000000000e+00       5.697371432153e-16       2.534019718239e-17      -1.863434614004e-18 
 1801       4.901047383576e-11       8.990920306710e-13      -9.843047412603e-13       0.000000000000e+00       5.684607153504e-16       2.581265057740e-17      -2.111665252242e-18 
 1802       4.884235404860e-11       9.022713832236e-13      -9.489779869550e-13       0.000000000000e+00       5.671878209241e-16       2.628936056878e-17      -2.358462544926e-18 
 1803       4.867250102305e-11       9.056677345956e-13      -9.142357395759e-13       0.000000000000e+00       5.659184472819e-16       2.677016754926e-17      -2.603809790098e-18 
 1804       4.850096183309e-11       9.092781264100e-13      -8.800923557485e-13       0.000000000000e+00       5.646525816466e-16       2.725491116374e-17      -2.847690231624e-18 
 1805       4.832778377733e-11       9.130995848105e-13      -8.465622487051e-13       0.000000000000e+00       5.633902111182e-16       2.774343030814e-17      -3.090087059132e-18 
 1806       4.815301437930e-11       9.171291204393e-13      -8.136598883596e-13       0.000000000000e+00       5.621313226734e-16       2.823556312840e-17      -3.330983407946e-18 
 1807       4.797670138781e-11       9.213637284147e-13      -7.813998013825e-13       0.000000000000e+00       5.608759031655e-16       2.873114701941e-17      -3.570362359022e-18 
 1808       4.779889277724e-11       9.258003883079e-13      -7.497965712759e-13       0.000000000000e+00       5.596239393244e-16       2.923001862397e-17      -3.808206938879e-18 
 1809       4.761963674788e-11       9.304360641214e-13      -7.188648384486e-13       0.000000000000e+00       5.583754177562e-16       2.973201383171e-17      -4.044500119540e-18 
 1810       4.743898172622e-11       9.352677042656e-13      -6.886193002909e-13       0.000000000000e+00       5.571303249429e-16       3.023696777807e-17      -4.279224818463e-18 
 1811       4.725697636529e-11       9.402922415370e-13      -6.590747112497e-13       0.000000000000e+00       5.558886472424e-16       3.074471484323e-17      -4.512363898477e-18 
 1812       4.707366954497e-11       9.455065930953e-13      -6.302458829039e-13       0.000000000000e+00       5.546503708882e-16       3.125508865105e-17      -4.743900167718e-18 
 1813       4.688911037230e-11       9.509076604409e-13      -6.021476840387e-13       0.000000000000e+00       5.534154819891e-16       3.176792206802e-17      -4.973816379563e-18 
 1814       4.670334860749e-11       9.564921126592e-13      -5.747927228750e-13       0.000000000000e+00       5.521839674811e-16       3.228307836106e-17      -5.202096297300e-18 
 1815       4.651643594495e-11       9.622557342874e-13      -5.481843731623e-13       0.000000000000e+00       5.509558179908e-16       3.280054494774e-17      -5.428727897650e-18 
 1816       4.632842474323e-11       9.681940721421e-13      -5.223236919767e-13       0.000000000000e+00       5.497310249946e-16       3.332034040022e-17      -5.653700192963e-18 
 1817       4.613936760061e-11       9.743026515445e-13      -4.972117324503e-13       0.000000000000e+00       5.485095798687e-16       3.384248335516e-17      -5.877002168794e-18 
 1818       4.594931735541e-11       9.805769762901e-13      -4.728495437621e-13       0.000000000000e+00       5.472914738887e-16       3.436699251383e-17      -6.098622783885e-18 
 1819       4.575832708635e-11       9.870125286182e-13      -4.492381711280e-13       0.000000000000e+00       5.460766982299e-16       3.489388664214e-17      -6.318550970133e-18 
 1820       4.556645011285e-11       9.936047691816e-13      -4.263786557922e-13       0.000000000000e+00       5.448652439669e-16       3.542318457076e-17      -6.536775632567e-18 
 1821       4.537373999542e-11       1.000349137016e-12      -4.042720350169e-13       0.000000000000e+00       5.436571020732e-16       3.595490519519e-17      -6.753285649323e-18 
 1822       4.518025053594e-11       1.007241049510e-12      -3.829193420731e-13       0.000000000000e+00       5.424522634213e-16       3.648906747584e-17      -6.968069871613e-18 
 1823       4.498603577800e-11       1.014275902373e-12      -3.623216062313e-13       0.000000000000e+00       5.412507187827e-16       3.702569043814e-17      -7.181117123704e-18 
 1824       4.479115000728e-11       1.021449069608e-12      -3.424798527519e-13       0.000000000000e+00       5.400524588271e-16       3.756479317257e-17      -7.392416202890e-18 
 1825       4.459564775180e-11       1.028755903478e-12      -3.233951028755e-13       0.000000000000e+00       5.388574741229e-16       3.810639483479e-17      -7.601955879464e-18 
 1826       4.439958378235e-11       1.036191734479e-12      -3.050683738138e-13       0.000000000000e+00       5.376657551366e-16       3.865051464570e-17      -7.809724896696e-18 
 1827       4.420301311274e-11       1.043751871303e-12      -2.875006787400e-13       0.000000000000e+00       5.364772922327e-16       3.919717189154e-17      -8.015711970803e-18 
 1828       4.400599100017e-11       1.051431600817e-12      -2.706930267793e-13       0.000000000000e+00       5.352920756738e-16       3.974638592393e-17      -8.219905790923e-18 
 1829       4.380857294559e-11       1.059226188025e-12      -2.546464229992e-13       0.000000000000e+00       5.341100956200e-16       4.029817616001e-17      -8.422295019094e-18 
 1830       4.361081469397e-11       1.067130876040e-12      -2.393618684005e-13       0.000000000000e+00       5.329313421292e-16       4.085256208250e-17      -8.622868290219e-18 
 1831       4.341277223468e-11       1.075140886055e-12      -2.248403599075e-13       0.000000000000e+00       5.317558051564e-16       4.140956323975e-17      -8.821614212050e-18 
 1832       4.321450180182e-11       1.083251417312e-12      -2.110828903584e-13       0.000000000000e+00       5.305834745539e-16       4.196919924587e-17      -9.018521365154e-18 
 1833       4.301605987451e-11       1.091457647068e-12      -1.980904484963e-13       0.000000000000e+00       5.294143400711e-16       4.253148978079e-17      -9.213578302889e-18 
 1834       4.281750317730e-11       1.099754730570e-12      -1.858640189593e-13       0.000000000000e+00       5.282483913541e-16       4.309645459035e-17      -9.406773551380e-18 
 1835       4.261888868042e-11       1.108137801021e-12      -1.744045822713e-13       0.000000000000e+00       5.270856179459e-16       4.366411348636e-17      -9.598095609493e-18 
 1836       4.242027360018e-11       1.116601969553e-12      -1.637131148321e-13       0.000000000000e+00       5.259260092857e-16       4.423448634673e-17      -9.787532948803e-18 
 1837       4.222171539927e-11       1.125142325190e-12      -1.537905889086e-13       0.000000000000e+00       5.247695547094e-16       4.480759311551e-17      -9.975074013576e-18 
 1838       4.202327178708e-11       1.133753934825e-12      -1.446379726247e-13       0.000000000000e+00       5.236162434486e-16       4.538345380297e-17      -1.016070722074e-17 
 1839       4.182500072007e-11       1.142431843187e-12      -1.362562299521e-13       0.000000000000e+00       5.224660646314e-16       4.596208848571e-17      -1.034442095985e-17 
 1840       4.162696040209e-11       1.151171072808e-12      -1.286463207010e-13       0.000000000000e+00       5.213190072812e-16       4.654351730675e-17      -1.052620359308e-17 
 1841       4.142920928468e-11       1.159966623994e-12      -1.218092005102e-13       0.000000000000e+00       5.201750603175e-16       4.712776047557e-17      -1.070604345518e-17 
 1842       4.123180606747e-11       1.168813474798e-12      -1.157458208380e-13       0.000000000000e+00       5.190342125549e-16       4.771483826822e-17      -1.088392885345e-17 
 1843       4.103480969843e-11       1.177706580984e-12      -1.104571289525e-13       0.000000000000e+00       5.178964527035e-16       4.830477102741e-17      -1.105984806775e-17 
 1844       4.083827937429e-11       1.186640876002e-12      -1.059440679222e-13       0.000000000000e+00       5.167617693684e-16       4.889757916257e-17      -1.123378935041e-17 
 1845       4.064227454079e-11       1.195611270953e-12      -1.022075766066e-13       0.000000000000e+00       5.156301510497e-16       4.949328314995e-17      -1.140574092625e-17 
 1846       4.044685489309e-11       1.204612654560e-12      -9.924858964668e-14       0.000000000000e+00       5.145015861424e-16       5.009190353269e-17      -1.157569099255e-17 
 1847       4.025208037605e-11       1.213639893140e-12      -9.706803745530e-14       0.000000000000e+00       5.133760629358e-16       5.069346092093e-17      -1.174362771900e-17 
 1848       4.005801118457e-11       1.222687830570e-12      -9.566684620791e-14       0.000000000000e+00       5.122535696138e-16       5.129797599183e-17      -1.190953924770e-17 
 1849       3.986470776396e-11       1.231751288260e-12      -9.504593783298e-14       0.000000000000e+00       5.111340942546e-16       5.190546948974e-17      -1.207341369314e-17 
 1850       3.967223081021e-11       1.240825065118e-12      -9.520623000256e-14       0.000000000000e+00       5.100176248304e-16       5.251596222622e-17      -1.223523914212e-17 
 1851       3.948064127039e-11       1.249903937526e-12      -9.614863612277e-14       0.000000000000e+00       5.089041492073e-16       5.312947508012e-17      -1.239500365379e-17 
 1852       3.929000034293e-11       1.258982659302e-12      -9.787406532435e-14       0.000000000000e+00       5.077936551451e-16       5.374602899771e-17      -1.255269525959e-17 
 1853       3.910036454120e-11       1.268056234384e-12      -1.003817079887e-13       0.000000000000e+00       5.066861311540e-16       5.436560716242e-17      -1.270830237607e-17 
 1854       3.891177084076e-11       1.277120737265e-12      -1.036638775414e-13       0.000000000000e+00       5.055815690718e-16       5.498804117733e-17      -1.286181504704e-17 
 1855       3.872425141547e-11       1.286172498976e-12      -1.077111279020e-13       0.000000000000e+00       5.044799615068e-16       5.561312398400e-17      -1.301322371115e-17 
 1856       3.853783856378e-11       1.295207834941e-12      -1.125139641819e-13       0.000000000000e+00       5.033813009824e-16       5.624064760988e-17      -1.316251879000e-17 
 1857       3.835256470887e-11       1.304223044961e-12      -1.180628426144e-13       0.000000000000e+00       5.022855799372e-16       5.687040316711e-17      -1.330969068805e-17 
 1858       3.816846239886e-11       1.313214413190e-12      -1.243481704859e-13       0.000000000000e+00       5.011927907247e-16       5.750218085127e-17      -1.345472979266e-17 
 1859       3.798556430693e-11       1.322178208115e-12      -1.313603060658e-13       0.000000000000e+00       5.001029256134e-16       5.813576994014e-17      -1.359762647405e-17 
 1860       3.780390323148e-11       1.331110682535e-12      -1.390895585379e-13       0.000000000000e+00       4.990159767865e-16       5.877095879248e-17      -1.373837108531e-17 
 1861       3.762351209633e-11       1.340008073542e-12      -1.475261879304e-13       0.000000000000e+00       4.979319363414e-16       5.940753484674e-17      -1.387695396237e-17 
 1862       3.744442395084e-11       1.348866602497e-12      -1.566604050472e-13       0.000000000000e+00       4.968507962904e-16       6.004528461989e-17      -1.401336542399e-17 
 1863       3.726667197008e-11       1.357682475010e-12      -1.664823713979e-13       0.000000000000e+00       4.957725485598e-16       6.068399370612e-17      -1.414759577176e-17 
 1864       3.709028945501e-11       1.366451880921e-12      -1.769821991288e-13       0.000000000000e+00       4.946971849900e-16       6.132344677565e-17      -1.427963529009e-17 
 1865       3.691530983262e-11       1.375170994277e-12      -1.881499509534e-13       0.000000000000e+00       4.936246973354e-16       6.196342757346e-17      -1.440947424618e-17 
 1866       3.674176665610e-11       1.383835973312e-12      -1.999756400832e-13       0.000000000000e+00       4.925550772644e-16       6.260371891804e-17      -1.453710289001e-17 
 1867       3.656969360498e-11       1.392442960426e-12      -2.124492301582e-13       0.000000000000e+00       4.914883163589e-16       6.324410270021e-17      -1.466251145435e-17 
 1868       3.639912448535e-11       1.400988082164e-12      -2.255606351777e-13       0.000000000000e+00       4.904244061144e-16       6.388435988181e-17      -1.478569015475e-17 
 1869       3.623009322993e-11       1.409467449196e-12      -2.392997194305e-13       0.000000000000e+00       4.893633379399e-16       6.452427049452e-17      -1.490662918947e-17 
 1870       3.606263389832e-11       1.417877156293e-12      -2.536562974262e-13       0.000000000000e+00       4.883051031575e-16       6.516361363856e-17      -1.502531873955e-17 
 1871       3.589678067709e-11       1.426213282312e-12      -2.686201338253e-13       0.000000000000e+00       4.872496930026e-16       6.580216748152e-17      -1.514174896874e-17 
 1872       3.573256788000e-11       1.434471890167e-12      -2.841809433702e-13       0.000000000000e+00       4.861970986234e-16       6.643970925707e-17      -1.525591002353e-17 
 1873       3.557002994811e-11       1.442649026816e-12      -3.003283908155e-13       0.000000000000e+00       4.851473110811e-16       6.707601526375e-17      -1.536779203308e-17 
 1874       3.540920144998e-11       1.450740723237e-12      -3.170520908589e-13       0.000000000000e+00       4.841003213494e-16       6.771086086370e-17      -1.547738510928e-17 
 1875       3.525011708180e-11       1.458742994403e-12      -3.343416080718e-13       0.000000000000e+00       4.830561203146e-16       6.834402048145e-17      -1.558467934669e-17 
 1876       3.509281166756e-11       1.466651839269e-12      -3.521864568299e-13       0.000000000000e+00       4.820146987756e-16       6.897526760269e-17      -1.568966482254e-17 
 1877       3.493732015924e-11       1.474463240745e-12      -3.705761012437e-13       0.000000000000e+00       4.809760474434e-16       6.960437477299e-17      -1.579233159671e-17 
 1878       3.478367763692e-11       1.482173165677e-12      -3.894999550895e-13       0.000000000000e+00       4.799401569410e-16       7.023111359658e-17      -1.589266971175e-17 
 1879       3.463191930898e-11       1.489777564827e-12      -4.089473817398e-13       0.000000000000e+00       4.789070178035e-16       7.085525473514e-17      -1.599066919283e-17 
 1880       3.448208051223e-11       1.497272372852e-12      -4.289076940937e-13       0.000000000000e+00       4.778766204780e-16       7.147656790651e-17      -1.608632004775e-17 
 1881       3.433419671212e-11       1.504653508280e-12      -4.493701545081e-13       0.000000000000e+00       4.768489553229e-16       7.209482188351e-17      -1.617961226693e-17 
 1882       3.418830350283e-11       1.511916873495e-12      -4.703239747279e-13       0.000000000000e+00       4.758240126084e-16       7.270978449263e-17      -1.627053582336e-17 
 1883       3.404443660750e-11       1.519058354709e-12      -4.917583158168e-13       0.000000000000e+00       4.748017825160e-16       7.332122261286e-17      -1.635908067267e-17 
 1884       3.390263187834e-11       1.526073821947e-12      -5.136622880880e-13       0.000000000000e+00       4.737822551386e-16       7.392890217440e-17      -1.644523675303e-17 
 1885       3.376292529682e-11       1.532959129023e-12      -5.360249510346e-13       0.000000000000e+00       4.727654204801e-16       7.453258815747e-17      -1.652899398518e-17 
 1886       3.362535297382e-11       1.539710113521e-12      -5.588353132606e-13       0.000000000000e+00       4.717512684553e-16       7.513204459101e-17      -1.661034227242e-17 
 1887       3.348995114978e-11       1.546322596772e-12      -5.820823324112e-13       0.000000000000e+00       4.707397888899e-16       7.572703455150e-17      -1.668927150061e-17 
 1888       3.335675619489e-11       1.552792383834e-12      -6.057549151036e-13       0.000000000000e+00       4.697309715203e-16       7.631732016168e-17      -1.676577153811e-17 
 1889       3.322580460923e-11       1.559115263473e-12      -6.298419168577e-13       0.000000000000e+00       4.687248059934e-16       7.690266258934e-17      -1.683983223582e-17 
 1890       3.309713302292e-11       1.565287008138e-12      -6.543321420267e-13       0.000000000000e+00       4.677212818665e-16       7.748282204606e-17      -1.691144342713e-17 
 1891       3.297077819631e-11       1.571303373945e-12      -6.792143437276e-13       0.000000000000e+00       4.667203886071e-16       7.805755778598e-17      -1.698059492795e-17 
 1892       3.284677039125e-11       1.577160641784e-12      -7.044769406554e-13       0.000000000000e+00       4.657221163147e-16       7.862667693709e-17      -1.704727846826e-17 
 1893       3.272511342867e-11       1.582857245273e-12      -7.301071652707e-13       0.000000000000e+00       4.647264578916e-16       7.919018141049e-17      -1.711149350330e-17 
 1894       3.260580447706e-11       1.588392155358e-12      -7.560919088848e-13       0.000000000000e+00       4.637334068885e-16       7.974812212505e-17      -1.717324144730e-17 
 1895       3.248884066728e-11       1.593764340320e-12      -7.824180040998e-13       0.000000000000e+00       4.627429567840e-16       8.030055027839e-17      -1.723252374606e-17 
 1896       3.237421909252e-11       1.598972765770e-12      -8.090722247292e-13       0.000000000000e+00       4.617551009848e-16       8.084751734732e-17      -1.728934187697e-17 
 1897       3.226193680821e-11       1.604016394651e-12      -8.360412857196e-13       0.000000000000e+00       4.607698328253e-16       8.138907508820e-17      -1.734369734907e-17 
 1898       3.215199083195e-11       1.608894187230e-12      -8.633118430714e-13       0.000000000000e+00       4.597871455674e-16       8.192527553737e-17      -1.739559170309e-17 
 1899       3.204437814349e-11       1.613605101099e-12      -8.908704937603e-13       0.000000000000e+00       4.588070324008e-16       8.245617101154e-17      -1.744502651155e-17 
 1900       3.193909568465e-11       1.618148091171e-12      -9.187037756581e-13       0.000000000000e+00       4.578294864425e-16       8.298181410816e-17      -1.749200337874e-17 
 1901       3.183614035922e-11       1.622522109677e-12      -9.467981674543e-13       0.000000000000e+00       4.568545007368e-16       8.350225770585e-17      -1.753652394084e-17 
 1902       3.173550903297e-11       1.626726106165e-12      -9.751400885769e-13       0.000000000000e+00       4.558820682552e-16       8.401755496480e-17      -1.757858986593e-17 
 1903       3.163719853353e-11       1.630759027492e-12      -1.003715899114e-12       0.000000000000e+00       4.549121818962e-16       8.452775932713e-17      -1.761820285408e-17 
 1904       3.154120565035e-11       1.634619817829e-12      -1.032511899733e-12       0.000000000000e+00       4.539448344854e-16       8.503292451733e-17      -1.765536463734e-17 
 1905       3.144752713464e-11       1.638307418651e-12      -1.061514331606e-12       0.000000000000e+00       4.529800187752e-16       8.553310454261e-17      -1.769007697989e-17 
 1906       3.135615969931e-11       1.641820768740e-12      -1.090709376326e-12       0.000000000000e+00       4.520177274444e-16       8.602835369336e-17      -1.772234167799e-17 
 1907       3.126710001891e-11       1.645158804178e-12      -1.120083155833e-12       0.000000000000e+00       4.510579530989e-16       8.651872654348e-17      -1.775216056010e-17 
 1908       3.118034472955e-11       1.648320458347e-12      -1.149621732329e-12       0.000000000000e+00       4.501006882706e-16       8.700427795084e-17      -1.777953548693e-17 
 1909       3.109589042886e-11       1.651304661924e-12      -1.179311108205e-12       0.000000000000e+00       4.491459254181e-16       8.748506305762e-17      -1.780446835143e-17 
 1910       3.101373367592e-11       1.654110342879e-12      -1.209137225960e-12       0.000000000000e+00       4.481936569260e-16       8.796113729075e-17      -1.782696107895e-17 
 1911       3.093387099119e-11       1.656736426475e-12      -1.239085968121e-12       0.000000000000e+00       4.472438751051e-16       8.843255636229e-17      -1.784701562718e-17 
 1912       3.085629885649e-11       1.659181835261e-12      -1.269143157166e-12       0.000000000000e+00       4.462965721921e-16       8.889937626982e-17      -1.786463398628e-17 
 1913       3.078101371486e-11       1.661445489071e-12      -1.299294555443e-12       0.000000000000e+00       4.453517403499e-16       8.936165329685e-17      -1.787981817891e-17 
 1914       3.070801197058e-11       1.663526305022e-12      -1.329525865094e-12       0.000000000000e+00       4.444093716667e-16       8.981944401323e-17      -1.789257026028e-17 
 1915       3.063728998907e-11       1.665423197509e-12      -1.359822727975e-12       0.000000000000e+00       4.434694581566e-16       9.027280527551e-17      -1.790289231820e-17 
 1916       3.056884409681e-11       1.667135078207e-12      -1.390170725573e-12       0.000000000000e+00       4.425319917591e-16       9.072179422736e-17      -1.791078647314e-17 
 1917       3.050267058132e-11       1.668660856062e-12      -1.420555378937e-12       0.000000000000e+00       4.415969643393e-16       9.116646829997e-17      -1.791625487827e-17 
 1918       3.043876569108e-11       1.669999437292e-12      -1.450962148587e-12       0.000000000000e+00       4.406643676874e-16       9.160688521244e-17      -1.791929971955e-17 
 1919       3.037712563546e-11       1.671149725384e-12      -1.481376434445e-12       0.000000000000e+00       4.397341935187e-16       9.204310297219e-17      -1.791992321573e-17 
 1920       3.031774658468e-11       1.672110621091e-12      -1.511783575751e-12       0.000000000000e+00       4.388064334736e-16       9.247517987534e-17      -1.791812761845e-17 
 1921       3.026062466970e-11       1.672881022429e-12      -1.542168850987e-12       0.000000000000e+00       4.378810791176e-16       9.290317450711e-17      -1.791391521225e-17 
 1922       3.020575598225e-11       1.673459824672e-12      -1.572517477794e-12       0.000000000000e+00       4.369581219407e-16       9.332714574222e-17      -1.790728831467e-17 
 1923       3.015313657465e-11       1.673845920354e-12      -1.602814612899e-12       0.000000000000e+00       4.360375533578e-16       9.374715274531e-17      -1.789824927626e-17 
 1924       3.010276245987e-11       1.674038199263e-12      -1.633045352030e-12       0.000000000000e+00       4.351193647083e-16       9.416325497129e-17      -1.788680048067e-17 
 1925       3.005462961136e-11       1.674035548438e-12      -1.663194729843e-12       0.000000000000e+00       4.342035472559e-16       9.457551216578e-17      -1.787294434466e-17 
 1926       3.000873396307e-11       1.673836852169e-12      -1.693247719838e-12       0.000000000000e+00       4.332900921889e-16       9.498398436548e-17      -1.785668331820e-17 
 1927       2.996507140935e-11       1.673440991990e-12      -1.723189234284e-12       0.000000000000e+00       4.323789906196e-16       9.538873189860e-17      -1.783801988450e-17 
 1928       2.992363780489e-11       1.672846846680e-12      -1.753004124137e-12       0.000000000000e+00       4.314702335845e-16       9.578981538520e-17      -1.781695656004e-17 
 1929       2.988442896465e-11       1.672053292260e-12      -1.782677178965e-12       0.000000000000e+00       4.305638120438e-16       9.618729573766e-17      -1.779349589468e-17 
 1930       2.984744066384e-11       1.671059201986e-12      -1.812193126865e-12       0.000000000000e+00       4.296597168819e-16       9.658123416102e-17      -1.776764047165e-17 
 1931       2.981266426340e-11       1.669863924598e-12      -1.841537702301e-12       0.000000000000e+00       4.287579395208e-16       9.697166015845e-17      -1.773939381630e-17 
 1932       2.978007355036e-11       1.668468723013e-12      -1.870700858612e-12       0.000000000000e+00       4.278584737671e-16       9.735847528174e-17      -1.770876312964e-17 
 1933       2.974963779767e-11       1.666875346526e-12      -1.899673579695e-12       0.000000000000e+00       4.269613139790e-16       9.774154865209e-17      -1.767575657560e-17 
 1934       2.972132612930e-11       1.665085553572e-12      -1.928446814256e-12       0.000000000000e+00       4.260664544534e-16       9.812074888821e-17      -1.764038237434e-17 
 1935       2.969510752004e-11       1.663101111732e-12      -1.957011475765e-12       0.000000000000e+00       4.251738894257e-16       9.849594410570e-17      -1.760264880235e-17 
 1936       2.967095079536e-11       1.660923797750e-12      -1.985358442415e-12       0.000000000000e+00       4.242836130698e-16       9.886700191640e-17      -1.756256419254e-17 
 1937       2.964882463113e-11       1.658555397547e-12      -2.013478557072e-12       0.000000000000e+00       4.233956194979e-16       9.923378942777e-17      -1.752013693428e-17 
 1938       2.962869755346e-11       1.655997706226e-12      -2.041362627235e-12       0.000000000000e+00       4.225099027604e-16       9.959617324225e-17      -1.747537547352e-17 
 1939       2.961053793851e-11       1.653252528094e-12      -2.069001424990e-12       0.000000000000e+00       4.216264568460e-16       9.995401945664e-17      -1.742828831287e-17 
 1940       2.959431401224e-11       1.650321676669e-12      -2.096385686965e-12       0.000000000000e+00       4.207452756815e-16       1.003071936615e-16      -1.737888401166e-17 
 1941       2.957999385027e-11       1.647206974693e-12      -2.123506114285e-12       0.000000000000e+00       4.198663531315e-16       1.006555609403e-16      -1.732717118605e-17 
 1942       2.956754537762e-11       1.643910254146e-12      -2.150353372530e-12       0.000000000000e+00       4.189896829986e-16       1.009989858693e-16      -1.727315850907e-17 
 1943       2.955693636854e-11       1.640433356260e-12      -2.176918091688e-12       0.000000000000e+00       4.181152590229e-16       1.013373325162e-16      -1.721685471077e-17 
 1944       2.954813444630e-11       1.636778131526e-12      -2.203190866113e-12       0.000000000000e+00       4.172430748826e-16       1.016704644402e-16      -1.715826857822e-17 
 1945       2.954110708299e-11       1.632946439715e-12      -2.229162254475e-12       0.000000000000e+00       4.163731241931e-16       1.019982446909e-16      -1.709740895566e-17 
 1946       2.953582159932e-11       1.628940149883e-12      -2.254822779725e-12       0.000000000000e+00       4.155054005074e-16       1.023205358078e-16      -1.703428474456e-17 
 1947       2.953224516441e-11       1.624761140386e-12      -2.280162929040e-12       0.000000000000e+00       4.146398973158e-16       1.026371998199e-16      -1.696890490368e-17 
 1948       2.953034479559e-11       1.620411298897e-12      -2.305173153787e-12       0.000000000000e+00       4.137766080460e-16       1.029480982447e-16      -1.690127844919e-17 
 1949       2.953008735820e-11       1.615892522411e-12      -2.329843869473e-12       0.000000000000e+00       4.129155260627e-16       1.032530920878e-16      -1.683141445471e-17 
 1950       2.953143956540e-11       1.611206717264e-12      -2.354165455702e-12       0.000000000000e+00       4.120566446679e-16       1.035520418421e-16      -1.675932205145e-17 
 1951       2.953436797793e-11       1.606355799141e-12      -2.378128256133e-12       0.000000000000e+00       4.111999571002e-16       1.038448074873e-16      -1.668501042822e-17 
 1952       2.953883900396e-11       1.601341693093e-12      -2.401722578432e-12       0.000000000000e+00       4.103454565355e-16       1.041312484894e-16      -1.660848883157e-17 
 1953       2.954481889885e-11       1.596166333547e-12      -2.424938694230e-12       0.000000000000e+00       4.094931360860e-16       1.044112237997e-16      -1.652976656586e-17 
 1954       2.955227376496e-11       1.590831664317e-12      -2.447766839076e-12       0.000000000000e+00       4.086429888010e-16       1.046845918545e-16      -1.644885299332e-17 
 1955       2.956116955145e-11       1.585339638620e-12      -2.470197212396e-12       0.000000000000e+00       4.077950076661e-16       1.049512105743e-16      -1.636575753415e-17 
 1956       2.957147205407e-11       1.579692219089e-12      -2.492219977444e-12       0.000000000000e+00       4.069491856036e-16       1.052109373633e-16      -1.628048966660e-17 
 1957       2.958314691496e-11       1.573891377780e-12      -2.513825261262e-12       0.000000000000e+00       4.061055154718e-16       1.054636291084e-16      -1.619305892706e-17 
 1958       2.959615962246e-11       1.567939096191e-12      -2.535003154634e-12       0.000000000000e+00       4.052639900655e-16       1.057091421793e-16      -1.610347491011e-17 
 1959       2.961047551090e-11       1.561837365273e-12      -2.555743712037e-12       0.000000000000e+00       4.044246021159e-16       1.059473324269e-16      -1.601174726865e-17 
 1960       2.962605976038e-11       1.555588185439e-12      -2.576036951606e-12       0.000000000000e+00       4.035873442898e-16       1.061780551836e-16      -1.591788571394e-17 
 1961       2.964287739661e-11       1.549193566581e-12      -2.595872855081e-12       0.000000000000e+00       4.027522091903e-16       1.064011652621e-16      -1.582190001572e-17 
 1962       2.966089329066e-11       1.542655528081e-12      -2.615241367765e-12       0.000000000000e+00       4.019191893562e-16       1.066165169548e-16      -1.572380000226e-17 
 1963       2.968007215879e-11       1.535976098822e-12      -2.634132398481e-12       0.000000000000e+00       4.010882772623e-16       1.068239640336e-16      -1.562359556045e-17 
 1964       2.970037856224e-11       1.529157317205e-12      -2.652535819527e-12       0.000000000000e+00       4.002594653187e-16       1.070233597485e-16      -1.552129663590e-17 
 1965       2.972177690701e-11       1.522201231157e-12      -2.670441466631e-12       0.000000000000e+00       3.994327458715e-16       1.072145568279e-16      -1.541691323299e-17 
 1966       2.974423144370e-11       1.515109898144e-12      -2.687839138905e-12       0.000000000000e+00       3.986081112019e-16       1.073974074773e-16      -1.531045541500e-17 
 1967       2.976770626725e-11       1.507885385189e-12      -2.704718598804e-12       0.000000000000e+00       3.977855535267e-16       1.075717633786e-16      -1.520193330413e-17 
 1968       2.979216531681e-11       1.500529768876e-12      -2.721069572077e-12       0.000000000000e+00       3.969650649980e-16       1.077374756902e-16      -1.509135708165e-17 
 1969       2.981757237546e-11       1.493045135372e-12      -2.736881747729e-12       0.000000000000e+00       3.961466377028e-16       1.078943950456e-16      -1.497873698792e-17 
 1970       2.984389095659e-11       1.485433751212e-12      -2.752146391979e-12       0.000000000000e+00       3.953302642100e-16       1.080424207837e-16      -1.486409766123e-17 
 1971       2.987108396233e-11       1.477698577048e-12      -2.766861203364e-12       0.000000000000e+00       3.945159392134e-16       1.081816490392e-16      -1.474752127049e-17 
 1972       2.989911402217e-11       1.469842757746e-12      -2.781025493619e-12       0.000000000000e+00       3.937036579005e-16       1.083122257514e-16      -1.462910470315e-17 
 1973       2.992794360598e-11       1.461869451969e-12      -2.794638576950e-12       0.000000000000e+00       3.928934154068e-16       1.084342975340e-16      -1.450894525610e-17 
 1974       2.995753502380e-11       1.453781832196e-12      -2.807699770040e-12       0.000000000000e+00       3.920852068161e-16       1.085480116760e-16      -1.438714063617e-17 
 1975       2.998785042569e-11       1.445583084738e-12      -2.820208392050e-12       0.000000000000e+00       3.912790271599e-16       1.086535161429e-16      -1.426378896071e-17 
 1976       3.001885180144e-11       1.437276409756e-12      -2.832163764630e-12       0.000000000000e+00       3.904748714175e-16       1.087509595772e-16      -1.413898875806e-17 
 1977       3.005050098042e-11       1.428865021284e-12      -2.843565211919e-12       0.000000000000e+00       3.896727345163e-16       1.088404912996e-16      -1.401283896812e-17 
 1978       3.008275963137e-11       1.420352147238e-12      -2.854412060554e-12       0.000000000000e+00       3.888726113311e-16       1.089222613098e-16      -1.388543894282e-17 
 1979       3.011558926218e-11       1.411741029441e-12      -2.864703639676e-12       0.000000000000e+00       3.880744966845e-16       1.089964202873e-16      -1.375688844672e-17 
 1980       3.014895121969e-11       1.403034923640e-12      -2.874439280932e-12       0.000000000000e+00       3.872783853465e-16       1.090631195923e-16      -1.362728765747e-17 
 1981       3.018280668947e-11       1.394237099520e-12      -2.883618318481e-12       0.000000000000e+00       3.864842720347e-16       1.091225112668e-16      -1.349673716637e-17 
 1982       3.021711669566e-11       1.385350840725e-12      -2.892240089004e-12       0.000000000000e+00       3.856921514140e-16       1.091747480352e-16      -1.336533797887e-17 
 1983       3.025184210070e-11       1.376379444876e-12      -2.900303931702e-12       0.000000000000e+00       3.849020180965e-16       1.092199833053e-16      -1.323319151513e-17 
 1984       3.028694360517e-11       1.367326223588e-12      -2.907809188309e-12       0.000000000000e+00       3.841138666416e-16       1.092583711693e-16      -1.310039961052e-17 
 1985       3.032238174758e-11       1.358194502487e-12      -2.914755203091e-12       0.000000000000e+00       3.833276915559e-16       1.092900664047e-16      -1.296706451616e-17 
 1986       3.035811690414e-11       1.348987621231e-12      -2.921141322855e-12       0.000000000000e+00       3.825434872930e-16       1.093152244748e-16      -1.283328889941e-17 
 1987       3.039410928859e-11       1.339708933525e-12      -2.926966896953e-12       0.000000000000e+00       3.817612482532e-16       1.093340015302e-16      -1.269917584445e-17 
 1988       3.043031895195e-11       1.330361807139e-12      -2.932231277289e-12       0.000000000000e+00       3.809809687841e-16       1.093465544091e-16      -1.256482885277e-17 
 1989       3.046670578236e-11       1.320949623927e-12      -2.936933818321e-12       0.000000000000e+00       3.802026431797e-16       1.093530406385e-16      -1.243035184370e-17 
 1990       3.050322950484e-11       1.311475779844e-12      -2.941073877072e-12       0.000000000000e+00       3.794262656811e-16       1.093536184354e-16      -1.229584915494e-17 
 1991       3.053984968111e-11       1.301943684968e-12      -2.944650813129e-12       0.000000000000e+00       3.786518304756e-16       1.093484467068e-16      -1.216142554309e-17 
 1992       3.057652570935e-11       1.292356763509e-12      -2.947663988652e-12       0.000000000000e+00       3.778793316975e-16       1.093376850515e-16      -1.202718618416e-17 
 1993       3.061321682405e-11       1.282718453836e-12      -2.950112768380e-12       0.000000000000e+00       3.771087634271e-16       1.093214937605e-16      -1.189323667411e-17 
 1994       3.064988209574e-11       1.273032208490e-12      -2.951996519634e-12       0.000000000000e+00       3.763401196914e-16       1.093000338180e-16      -1.175968302937e-17 
 1995       3.068648043083e-11       1.263301494204e-12      -2.953314612324e-12       0.000000000000e+00       3.755733944636e-16       1.092734669024e-16      -1.162663168736e-17 
 1996       3.072297057138e-11       1.253529791917e-12      -2.954066418954e-12       0.000000000000e+00       3.748085816631e-16       1.092419553869e-16      -1.149418950703e-17 
 1997       3.075931109493e-11       1.243720596799e-12      -2.954251314626e-12       0.000000000000e+00       3.740456751555e-16       1.092056623407e-16      -1.136246376937e-17 
 1998       3.079546041422e-11       1.233877418262e-12      -2.953868677049e-12       0.000000000000e+00       3.732846687523e-16       1.091647515297e-16      -1.123156217795e-17 
 1999       3.083137677709e-11       1.224003779982e-12      -2.952917886539e-12       0.000000000000e+00       3.725255562112e-16       1.091193874177e-16      -1.110159285943e-17 
 2000       3.086701826617e-11       1.214103219913e-12      -2.951398326032e-12       0.000000000000e+00       3.717683312355e-16       1.090697351666e-16      -1.097266436408e-17 
 2001       3.090234279874e-11       1.204179290312e-12      -2.949309381080e-12       0.000000000000e+00       3.710129874745e-16       1.090159606381e-16      -1.084488566634e-17 
 2002       3.093730812651e-11       1.194235557748e-12      -2.946650439864e-12       0.000000000000e+00       3.702595185232e-16       1.089582303941e-16      -1.071836616532e-17 
 2003       3.097187183541e-11       1.184275603126e-12      -2.943420893197e-12       0.000000000000e+00       3.695079179222e-16       1.088967116977e-16      -1.059321568532e-17 
 2004       3.100599134537e-11       1.174303021704e-12      -2.939620134526e-12       0.000000000000e+00       3.687581791576e-16       1.088315725142e-16      -1.046954447636e-17 
 2005       3.103962391014e-11       1.164321423108e-12      -2.935247559944e-12       0.000000000000e+00       3.680102956611e-16       1.087629815117e-16      -1.034746321473e-17 
 2006       3.107272661707e-11       1.154334431354e-12      -2.930302568190e-12       0.000000000000e+00       3.672642608096e-16       1.086911080624e-16      -1.022708300346e-17 
 2007       3.110525638692e-11       1.144345684863e-12      -2.924784560655e-12       0.000000000000e+00       3.665200679255e-16       1.086161222431e-16      -1.010851537292e-17 
 2008       3.113716997362e-11       1.134358836479e-12      -2.918692941392e-12       0.000000000000e+00       3.657777102763e-16       1.085381948364e-16      -9.991872281273e-18 
 2009       3.116842746832e-11       1.124377377243e-12      -2.912028337051e-12       0.000000000000e+00       3.650371815531e-16       1.084574349150e-16      -9.877228649864e-18 
 2010       3.119900283975e-11       1.114404106270e-12      -2.904796266418e-12       0.000000000000e+00       3.642984773090e-16       1.083737020969e-16      -9.764509669749e-18 
 2011       3.122887347021e-11       1.104441657047e-12      -2.897003497627e-12       0.000000000000e+00       3.635615935310e-16       1.082867929239e-16      -9.653602675158e-18 
 2012       3.125801665827e-11       1.094492673333e-12      -2.888656830687e-12       0.000000000000e+00       3.628265261625e-16       1.081965031536e-16      -9.544394533548e-18 
 2013       3.128640961861e-11       1.084559809183e-12      -2.879763097529e-12       0.000000000000e+00       3.620932711030e-16       1.081026277576e-16      -9.436771645023e-18 
 2014       3.131402948196e-11       1.074645728949e-12      -2.870329162045e-12       0.000000000000e+00       3.613618242084e-16       1.080049609211e-16      -9.330619941743e-18 
 2015       3.134085329498e-11       1.064753107301e-12      -2.860361920130e-12       0.000000000000e+00       3.606321812907e-16       1.079032960417e-16      -9.225824887333e-18 
 2016       3.136685802018e-11       1.054884629235e-12      -2.849868299722e-12       0.000000000000e+00       3.599043381177e-16       1.077974257286e-16      -9.122271476300e-18 
 2017       3.139202053578e-11       1.045042990090e-12      -2.838855260849e-12       0.000000000000e+00       3.591782904136e-16       1.076871418012e-16      -9.019844233443e-18 
 2018       3.141631763564e-11       1.035230895554e-12      -2.827329795665e-12       0.000000000000e+00       3.584540338583e-16       1.075722352888e-16      -8.918427213264e-18 
 2019       3.143972602915e-11       1.025451061685e-12      -2.815298928492e-12       0.000000000000e+00       3.577315640876e-16       1.074524964292e-16      -8.817903999382e-18 
 2020       3.146222234112e-11       1.015706214916e-12      -2.802769715866e-12       0.000000000000e+00       3.570108766930e-16       1.073277146677e-16      -8.718157703941e-18 
 2021       3.148378311171e-11       1.005999092072e-12      -2.789749246575e-12       0.000000000000e+00       3.562919672220e-16       1.071976786562e-16      -8.619070967030e-18 
 2022       3.150438479627e-11       9.963324403833e-13      -2.776244641700e-12       0.000000000000e+00       3.555748311773e-16       1.070621762527e-16      -8.520525956086e-18 
 2023       3.152400376530e-11       9.867090174937e-13      -2.762263054661e-12       0.000000000000e+00       3.548594640178e-16       1.069209945194e-16      -8.422404365311e-18 
 2024       3.154261630431e-11       9.771315914778e-13      -2.747811671254e-12       0.000000000000e+00       3.541458611573e-16       1.067739197226e-16      -8.324587415084e-18 
 2025       3.156019861374e-11       9.676029408513e-13      -2.732897709695e-12       0.000000000000e+00       3.534340179654e-16       1.066207373314e-16      -8.226955851370e-18 
 2026       3.157672680882e-11       9.581258545844e-13      -2.717528420661e-12       0.000000000000e+00       3.527239297671e-16       1.064612320165e-16      -8.129389945137e-18 
 2027       3.159217691954e-11       9.487031321139e-13      -2.701711087331e-12       0.000000000000e+00       3.520155918426e-16       1.062951876496e-16      -8.031769491763e-18 
 2028       3.160652489047e-11       9.393375833565e-13      -2.685453025430e-12       0.000000000000e+00       3.513089994273e-16       1.061223873023e-16      -7.933973810450e-18 
 2029       3.161974658072e-11       9.300320287211e-13      -2.668761583267e-12       0.000000000000e+00       3.506041477120e-16       1.059426132453e-16      -7.835881743639e-18 
 2030       3.163181776379e-11       9.207892991214e-13      -2.651644141781e-12       0.000000000000e+00       3.499010318423e-16       1.057556469469e-16      -7.737371656414e-18 
 2031       3.164271412750e-11       9.116122359889e-13      -2.634108114579e-12       0.000000000000e+00       3.491996469190e-16       1.055612690727e-16      -7.638321435925e-18 
 2032       3.165241127389e-11       9.025036912851e-13      -2.616160947977e-12       0.000000000000e+00       3.484999879980e-16       1.053592594842e-16      -7.538608490789e-18 
 2033       3.166088471910e-11       8.934665275146e-13      -2.597810121049e-12       0.000000000000e+00       3.478020500899e-16       1.051493972382e-16      -7.438109750512e-18 
 2034       3.166810989327e-11       8.845036177374e-13      -2.579063145657e-12       0.000000000000e+00       3.471058281602e-16       1.049314605852e-16      -7.336701664893e-18 
 2035       3.167406214045e-11       8.756178455820e-13      -2.559927566502e-12       0.000000000000e+00       3.464113171291e-16       1.047052269692e-16      -7.234260203441e-18 
 2036       3.167871671850e-11       8.668121052575e-13      -2.540410961163e-12       0.000000000000e+00       3.457185118718e-16       1.044704730262e-16      -7.130660854783e-18 
 2037       3.168204879897e-11       8.580893015666e-13      -2.520520940138e-12       0.000000000000e+00       3.450274072177e-16       1.042269745836e-16      -7.025778626082e-18 
 2038       3.168403346703e-11       8.494523499184e-13      -2.500265146883e-12       0.000000000000e+00       3.443379979511e-16       1.039745066587e-16      -6.919488042442e-18 
 2039       3.168464572133e-11       8.409041763407e-13      -2.479651257859e-12       0.000000000000e+00       3.436502788105e-16       1.037128434585e-16      -6.811663146325e-18 
 2040       3.168386047392e-11       8.324477174927e-13      -2.458686982572e-12       0.000000000000e+00       3.429642444891e-16       1.034417583781e-16      -6.702177496962e-18 
 2041       3.168165255015e-11       8.240859206782e-13      -2.437380063611e-12       0.000000000000e+00       3.422798896344e-16       1.031610239999e-16      -6.590904169762e-18 
 2042       3.167799668857e-11       8.158217438573e-13      -2.415738276693e-12       0.000000000000e+00       3.415972088479e-16       1.028704120927e-16      -6.477715755730e-18 
 2043       3.167286754082e-11       8.076581556601e-13      -2.393769430705e-12       0.000000000000e+00       3.409161966858e-16       1.025696936110e-16      -6.362484360872e-18 
 2044       3.166623967153e-11       7.995981353986e-13      -2.371481367745e-12       0.000000000000e+00       3.402368476580e-16       1.022586386933e-16      -6.245081605613e-18 
 2045       3.165808755821e-11       7.916446730797e-13      -2.348881963160e-12       0.000000000000e+00       3.395591562288e-16       1.019370166620e-16      -6.125378624205e-18 
 2046       3.164838559118e-11       7.838007694177e-13      -2.325979125595e-12       0.000000000000e+00       3.388831168163e-16       1.016045960219e-16      -6.003246064142e-18 
 2047       3.163710807343e-11       7.760694358471e-13      -2.302780797029e-12       0.000000000000e+00       3.382087237927e-16       1.012611444591e-16      -5.878554085568e-18 
 2048       3.162423385209e-11       7.684533203298e-13      -2.279295174803e-12       0.000000000000e+00       3.375359717908e-16       1.009065318127e-16      -5.751214390016e-18 
 2049       3.160976024915e-11       7.609535818272e-13      -2.255531379361e-12       0.000000000000e+00       3.368648566265e-16       1.005410397941e-16      -5.621306636126e-18 
 2050       3.159368923011e-11       7.535710078091e-13      -2.231498791366e-12       0.000000000000e+00       3.361953743828e-16       1.001650544790e-16      -5.488952926263e-18 
 2051       3.157602278147e-11       7.463063877305e-13      -2.207206830196e-12       0.000000000000e+00       3.355275211036e-16       9.977896353808e-17      -5.354275859838e-18 
 2052       3.155676291079e-11       7.391605130339e-13      -2.182664953987e-12       0.000000000000e+00       3.348612927938e-16       9.938315623965e-17      -5.217398533922e-18 
 2053       3.153591164671e-11       7.321341771509e-13      -2.157882659689e-12       0.000000000000e+00       3.341966854186e-16       9.897802345097e-17      -5.078444543857e-18 
 2054       3.151347103897e-11       7.252281755045e-13      -2.132869483107e-12       0.000000000000e+00       3.335336949045e-16       9.856395764050e-17      -4.937537983874e-18 
 2055       3.148944315848e-11       7.184433055107e-13      -2.107634998954e-12       0.000000000000e+00       3.328723171380e-16       9.814135287987e-17      -4.794803447704e-18 
 2056       3.146383009729e-11       7.117803665808e-13      -2.082188820893e-12       0.000000000000e+00       3.322125479666e-16       9.771060484585e-17      -4.650366029195e-18 
 2057       3.143663396867e-11       7.052401601233e-13      -2.056540601592e-12       0.000000000000e+00       3.315543831983e-16       9.727211082227e-17      -4.504351322921e-18 
 2058       3.140785690713e-11       6.988234895455e-13      -2.030700032769e-12       0.000000000000e+00       3.308978186013e-16       9.682626970211e-17      -4.356885424801e-18 
 2059       3.137750106843e-11       6.925311602560e-13      -2.004676845236e-12       0.000000000000e+00       3.302428499044e-16       9.637348198936e-17      -4.208094932711e-18 
 2060       3.134556862965e-11       6.863639796663e-13      -1.978480808955e-12       0.000000000000e+00       3.295894727968e-16       9.591414980109e-17      -4.058106947095e-18 
 2061       3.131206178918e-11       6.803227571928e-13      -1.952121733079e-12       0.000000000000e+00       3.289376829277e-16       9.544867686938e-17      -3.907049071585e-18 
 2062       3.127698276677e-11       6.744083042589e-13      -1.925609466002e-12       0.000000000000e+00       3.282874759067e-16       9.497746854333e-17      -3.755049413609e-18 
 2063       3.124033380357e-11       6.686214342967e-13      -1.898953895411e-12       0.000000000000e+00       3.276388473036e-16       9.450093179101e-17      -3.602236585008e-18 
 2064       3.120211716214e-11       6.629629627494e-13      -1.872164948327e-12       0.000000000000e+00       3.269917926482e-16       9.401947520145e-17      -3.448739702649e-18 
 2065       3.116233512649e-11       6.574337070728e-13      -1.845252591158e-12       0.000000000000e+00       3.263463074304e-16       9.353350898665e-17      -3.294688389041e-18 
 2066       3.112099000213e-11       6.520344867374e-13      -1.818226829746e-12       0.000000000000e+00       3.257023871001e-16       9.304344498350e-17      -3.140212772944e-18 
 2067       3.107808411606e-11       6.467661232306e-13      -1.791097709414e-12       0.000000000000e+00       3.250600270670e-16       9.254969665580e-17      -2.985443489989e-18 
 2068       3.103361981685e-11       6.416294400583e-13      -1.763875315015e-12       0.000000000000e+00       3.244192227007e-16       9.205267909626e-17      -2.830511683286e-18 
 2069       3.098759947462e-11       6.366252627472e-13      -1.736569770979e-12       0.000000000000e+00       3.237799693307e-16       9.155280902841e-17      -2.675549004043e-18 
 2070       3.094002548112e-11       6.317544188463e-13      -1.709191241361e-12       0.000000000000e+00       3.231422622461e-16       9.105050480864e-17      -2.520687612176e-18 
 2071       3.089090024972e-11       6.270177379294e-13      -1.681749929891e-12       0.000000000000e+00       3.225060966959e-16       9.054618642817e-17      -2.366060176927e-18 
 2072       3.084022621546e-11       6.224160515967e-13      -1.654256080020e-12       0.000000000000e+00       3.218714678884e-16       9.004027551499e-17      -2.211799877473e-18 
 2073       3.078800583509e-11       6.179501934769e-13      -1.626719974967e-12       0.000000000000e+00       3.212383709917e-16       8.953319533590e-17      -2.058040403544e-18 
 2074       3.073424158708e-11       6.136209992291e-13      -1.599151937771e-12       0.000000000000e+00       3.206068011333e-16       8.902537079844e-17      -1.904915956034e-18 
 2075       3.067893597166e-11       6.094293065447e-13      -1.571562331334e-12       0.000000000000e+00       3.199767534003e-16       8.851722845288e-17      -1.752561247618e-18 
 2076       3.062209151086e-11       6.053759551496e-13      -1.543961558473e-12       0.000000000000e+00       3.193482228389e-16       8.800919649424e-17      -1.601111503361e-18 
 2077       3.056371074854e-11       6.014617868059e-13      -1.516360061966e-12       0.000000000000e+00       3.187212044549e-16       8.750170476420e-17      -1.450702461339e-18 
 2078       3.050379625039e-11       5.976876453139e-13      -1.488768324599e-12       0.000000000000e+00       3.180956932131e-16       8.699518475312e-17      -1.301470373247e-18 
 2079       3.044235060400e-11       5.940543765142e-13      -1.461196869219e-12       0.000000000000e+00       3.174716840379e-16       8.649006960205e-17      -1.153552005013e-18 
 2080       3.037937641889e-11       5.905628282896e-13      -1.433656258774e-12       0.000000000000e+00       3.168491718123e-16       8.598679410463e-17      -1.007084637417e-18 
 2081       3.031487632649e-11       5.872138505669e-13      -1.406157096369e-12       0.000000000000e+00       3.162281513788e-16       8.548579470913e-17      -8.622060666998e-19 
 2082       3.024885298023e-11       5.840082953192e-13      -1.378710025308e-12       0.000000000000e+00       3.156086175389e-16       8.498750952043e-17      -7.190546051789e-19 
 2083       3.018130905556e-11       5.809470165675e-13      -1.351325729145e-12       0.000000000000e+00       3.149905650528e-16       8.449237830197e-17      -5.777690818627e-19 
 2084       3.011224724996e-11       5.780308703828e-13      -1.324014931731e-12       0.000000000000e+00       3.143739886398e-16       8.400084247773e-17      -4.384888430636e-19 
 2085       3.004167028296e-11       5.752607148882e-13      -1.296788397264e-12       0.000000000000e+00       3.137588829781e-16       8.351334513424e-17      -3.013537530125e-19 
 2086       2.996958089622e-11       5.726374102605e-13      -1.269656930333e-12       0.000000000000e+00       3.131452427046e-16       8.303033102253e-17      -1.665041944721e-19 
 2087       2.989598494955e-11       5.701614791759e-13      -1.242630666456e-12       0.000000000000e+00       3.125330627727e-16       8.255214125850e-17      -3.405275475661e-20 
 2088       2.982090073273e-11       5.678320855383e-13      -1.215716938142e-12       0.000000000000e+00       3.119223395296e-16       8.207869661269e-17       9.600093451344e-20 
 2089       2.974434971909e-11       5.656480485916e-13      -1.188922393957e-12       0.000000000000e+00       3.113130696462e-16       8.160981200309e-17       2.236856332431e-19 
 2090       2.966635347550e-11       5.636081818187e-13      -1.162253706706e-12       0.000000000000e+00       3.107052497603e-16       8.114530159418e-17       3.490302326633e-19 
 2091       2.958693366250e-11       5.617112929342e-13      -1.135717573462e-12       0.000000000000e+00       3.100988764767e-16       8.068497879600e-17       4.720637554968e-19 
 2092       2.950611203441e-11       5.599561838770e-13      -1.109320715593e-12       0.000000000000e+00       3.094939463665e-16       8.022865626322e-17       5.928153561238e-19 
 2093       2.942391043947e-11       5.583416508027e-13      -1.083069878794e-12       0.000000000000e+00       3.088904559677e-16       7.977614589425e-17       7.113143207481e-19 
 2094       2.934035081991e-11       5.568664840766e-13      -1.056971833112e-12       0.000000000000e+00       3.082884017849e-16       7.932725883028e-17       8.275900675624e-19 
 2095       2.925545521212e-11       5.555294682659e-13      -1.031033372975e-12       0.000000000000e+00       3.076877802892e-16       7.888180545441e-17       9.416721469147e-19 
 2096       2.916924574670e-11       5.543293821324e-13      -1.005261317221e-12       0.000000000000e+00       3.070885879180e-16       7.843959539066e-17       1.053590241474e-18 
 2097       2.908174464865e-11       5.532649986254e-13      -9.796625091292e-13       0.000000000000e+00       3.064908210754e-16       7.800043750311e-17       1.163374166395e-18 
 2098       2.899297423745e-11       5.523350848741e-13      -9.542438164425e-13       0.000000000000e+00       3.058944761319e-16       7.756413989498e-17       1.271053869486e-18 
 2099       2.890295692715e-11       5.515384021799e-13      -9.290121314010e-13       0.000000000000e+00       3.052995494242e-16       7.713050990765e-17       1.376659431373e-18 
 2100       2.881171522654e-11       5.508737060098e-13      -9.039743707682e-13       0.000000000000e+00       3.047060372553e-16       7.669935411980e-17       1.480221065666e-18 
 2101       2.871927173923e-11       5.503397459881e-13      -8.791374758599e-13       0.000000000000e+00       3.041139358946e-16       7.627047834647e-17       1.581769119125e-18 
 2102       2.862564916377e-11       5.499352658896e-13      -8.545084125727e-13       0.000000000000e+00       3.035232415775e-16       7.584368763813e-17       1.681334071827e-18 
 2103       2.853087029379e-11       5.496590036321e-13      -8.300941714127e-13       0.000000000000e+00       3.029339505058e-16       7.541878627978e-17       1.778946537329e-18 
 2104       2.843495801808e-11       5.495096912688e-13      -8.059017675232e-13       0.000000000000e+00       3.023460588471e-16       7.499557778998e-17       1.874637262834e-18 
 2105       2.833793532074e-11       5.494860549813e-13      -7.819382407140e-13       0.000000000000e+00       3.017595627352e-16       7.457386492003e-17       1.968437129362e-18 
 2106       2.823982528127e-11       5.495868150717e-13      -7.582106554893e-13       0.000000000000e+00       3.011744582699e-16       7.415344965292e-17       2.060377151909e-18 
 2107       2.814065107470e-11       5.498106859557e-13      -7.347261010763e-13       0.000000000000e+00       3.005907415171e-16       7.373413320252e-17       2.150488479617e-18 
 2108       2.804043597169e-11       5.501563761547e-13      -7.114916914536e-13       0.000000000000e+00       3.000084085082e-16       7.331571601261e-17       2.238802395938e-18 
 2109       2.793920333870e-11       5.506225882891e-13      -6.885145653799e-13       0.000000000000e+00       2.994274552408e-16       7.289799775594e-17       2.325350318801e-18 
 2110       2.783697663802e-11       5.512080190700e-13      -6.658018864221e-13       0.000000000000e+00       2.988478776781e-16       7.248077733337e-17       2.410163800777e-18 
 2111       2.773377942795e-11       5.519113592929e-13      -6.433608429841e-13       0.000000000000e+00       2.982696717492e-16       7.206385287289e-17       2.493274529245e-18 
 2112       2.762963536291e-11       5.527312938291e-13      -6.211986483347e-13       0.000000000000e+00       2.976928333489e-16       7.164702172874e-17       2.574714326558e-18 
 2113       2.752456819353e-11       5.536665016194e-13      -5.993225406368e-13       0.000000000000e+00       2.971173583374e-16       7.123008048045e-17       2.654515150208e-18 
 2114       2.741860176678e-11       5.547156556661e-13      -5.777397829751e-13       0.000000000000e+00       2.965432425408e-16       7.081282493197e-17       2.732709092994e-18 
 2115       2.731176002608e-11       5.558774230255e-13      -5.564576633851e-13       0.000000000000e+00       2.959704817505e-16       7.039505011071e-17       2.809328383185e-18 
 2116       2.720406701146e-11       5.571504648012e-13      -5.354834948813e-13       0.000000000000e+00       2.953990717237e-16       6.997655026665e-17       2.884405384688e-18 
 2117       2.709554685959e-11       5.585334361359e-13      -5.148246154858e-13       0.000000000000e+00       2.948290081827e-16       6.955711887137e-17       2.957972597211e-18 
 2118       2.698622380397e-11       5.600249862045e-13      -4.944883882564e-13       0.000000000000e+00       2.942602868155e-16       6.913654861719e-17       3.030062656435e-18 
 2119       2.687612217503e-11       5.616237582065e-13      -4.744822013154e-13       0.000000000000e+00       2.936929032753e-16       6.871463141621e-17       3.100708334171e-18 
 2120       2.676526640022e-11       5.633283893589e-13      -4.548134678781e-13       0.000000000000e+00       2.931268531806e-16       6.829115839940e-17       3.169942538532e-18 
 2121       2.665368100415e-11       5.651375108883e-13      -4.354896262807e-13       0.000000000000e+00       2.925621321151e-16       6.786591991570e-17       3.237798314099e-18 
 2122       2.654139060870e-11       5.670497480240e-13      -4.165181400096e-13       0.000000000000e+00       2.919987356279e-16       6.743870553106e-17       3.304308842083e-18 
 2123       2.642841993314e-11       5.690637199905e-13      -3.979064977290e-13       0.000000000000e+00       2.914366592330e-16       6.700930402755e-17       3.369507440493e-18 
 2124       2.631479379425e-11       5.711780399996e-13      -3.796622133100e-13       0.000000000000e+00       2.908758984097e-16       6.657750340242e-17       3.433427564302e-18 
 2125       2.620053710640e-11       5.733913152439e-13      -3.617928258585e-13       0.000000000000e+00       2.903164486023e-16       6.614309086721e-17       3.496102805613e-18 
 2126       2.608567507472e-11       5.757020149156e-13      -3.443047753707e-13       0.000000000000e+00       2.897583055152e-16       6.570591284834e-17       3.557567581932e-18 
 2127       2.597023377567e-11       5.781080732867e-13      -3.272000211791e-13       0.000000000000e+00       2.892014660004e-16       6.526605544250e-17       3.617859205843e-18 
 2128       2.585423958064e-11       5.806072838811e-13      -3.104794002794e-13       0.000000000000e+00       2.886459271763e-16       6.482366520195e-17       3.677015829914e-18 
 2129       2.573771896352e-11       5.831974311892e-13      -2.941437495889e-13       0.000000000000e+00       2.880916861326e-16       6.437888924645e-17       3.735075760067e-18 
 2130       2.562069850072e-11       5.858762906566e-13      -2.781939059449e-13       0.000000000000e+00       2.875387399305e-16       6.393187526396e-17       3.792077455762e-18 
 2131       2.550320487137e-11       5.886416286734e-13      -2.626307061033e-13       0.000000000000e+00       2.869870856027e-16       6.348277151129e-17       3.848059530184e-18 
 2132       2.538526485741e-11       5.914912025631e-13      -2.474549867373e-13       0.000000000000e+00       2.864367201535e-16       6.303172681477e-17       3.903060750421e-18 
 2133       2.526690534369e-11       5.944227605719e-13      -2.326675844359e-13       0.000000000000e+00       2.858876405581e-16       6.257889057091e-17       3.957120037652e-18 
 2134       2.514815331816e-11       5.974340418580e-13      -2.182693357027e-13       0.000000000000e+00       2.853398437634e-16       6.212441274714e-17       4.010276467333e-18 
 2135       2.502903587189e-11       6.005227764801e-13      -2.042610769543e-13       0.000000000000e+00       2.847933266874e-16       6.166844388237e-17       4.062569269377e-18 
 2136       2.490958019929e-11       6.036866853869e-13      -1.906436445190e-13       0.000000000000e+00       2.842480862195e-16       6.121113508776e-17       4.114037828338e-18 
 2137       2.478981359818e-11       6.069234804065e-13      -1.774178746355e-13       0.000000000000e+00       2.837041192200e-16       6.075263804735e-17       4.164721683599e-18 
 2138       2.466976346991e-11       6.102308642349e-13      -1.645846034514e-13       0.000000000000e+00       2.831614225206e-16       6.029310501872e-17       4.214660529554e-18 
 2139       2.454945731950e-11       6.136065304253e-13      -1.521446670218e-13       0.000000000000e+00       2.826199929241e-16       5.983268883371e-17       4.263894215791e-18 
 2140       2.442892275575e-11       6.170481633776e-13      -1.400989013079e-13       0.000000000000e+00       2.820798272042e-16       5.937154289903e-17       4.312462747277e-18 
 2141       2.430818749136e-11       6.205534383269e-13      -1.284481421756e-13       0.000000000000e+00       2.815409221057e-16       5.890982119698e-17       4.360406284542e-18 
 2142       2.418727934306e-11       6.241200213331e-13      -1.171932253945e-13       0.000000000000e+00       2.810032743445e-16       5.844767828610e-17       4.407765143864e-18 
 2143       2.406622623173e-11       6.277455692698e-13      -1.063349866359e-13       0.000000000000e+00       2.804668806072e-16       5.798526930184e-17       4.454579797450e-18 
 2144       2.394505618251e-11       6.314277298132e-13      -9.587426147157e-14       0.000000000000e+00       2.799317375515e-16       5.752274995724e-17       4.500890873626e-18 
 2145       2.382379732493e-11       6.351641414317e-13      -8.581188537278e-14       0.000000000000e+00       2.793978418060e-16       5.706027654361e-17       4.546739157013e-18 
 2146       2.370247789305e-11       6.389524333746e-13      -7.614869370843e-14       0.000000000000e+00       2.788651899698e-16       5.659800593119e-17       4.592165588720e-18 
 2147       2.358112622553e-11       6.427902256612e-13      -6.688552174389e-14       0.000000000000e+00       2.783337786131e-16       5.613609556980e-17       4.637211266519e-18 
 2148       2.345977076581e-11       6.466751290703e-13      -5.802320463954e-14       0.000000000000e+00       2.778036042766e-16       5.567470348958e-17       4.681917445038e-18 
 2149       2.333844006219e-11       6.506047451290e-13      -4.956257744941e-14       0.000000000000e+00       2.772746634719e-16       5.521398830157e-17       4.726325535936e-18 
 2150       2.321716276797e-11       6.545766661016e-13      -4.150447511977e-14       0.000000000000e+00       2.767469526811e-16       5.475410919848e-17       4.770477108097e-18 
 2151       2.309596764157e-11       6.585884749792e-13      -3.384973248777e-14       0.000000000000e+00       2.762204683568e-16       5.429522595525e-17       4.814413887803e-18 
 2152       2.297488354665e-11       6.626377454685e-13      -2.659918428000e-14       0.000000000000e+00       2.756952069225e-16       5.383749892985e-17       4.858177758929e-18 
 2153       2.285393945223e-11       6.667220419809e-13      -1.975366511117e-14       0.000000000000e+00       2.751711647719e-16       5.338108906383e-17       4.901810763120e-18 
 2154       2.273316443279e-11       6.708389196220e-13      -1.331400948266e-14       0.000000000000e+00       2.746483382693e-16       5.292615788309e-17       4.945355099975e-18 
 2155       2.261258766845e-11       6.749859241798e-13      -7.281051781138e-15       0.000000000000e+00       2.741267237495e-16       5.247286749847e-17       4.988853127237e-18 
 2156       2.249223844503e-11       6.791605921150e-13      -1.655626277218e-15       0.000000000000e+00       2.736063175176e-16       5.202138060649e-17       5.032347360971e-18 
 2157       2.237214615420e-11       6.833604505490e-13       3.561432875981e-15       0.000000000000e+00       2.730871158489e-16       5.157186048999e-17       5.075880475749e-18 
 2158       2.225234029359e-11       6.875830172539e-13       8.369291644203e-15       0.000000000000e+00       2.725691149895e-16       5.112447101879e-17       5.119495304839e-18 
 2159       2.213285046693e-11       6.918258006410e-13       1.276711611345e-14       0.000000000000e+00       2.720523111551e-16       5.067937665039e-17       5.163234840381e-18 
 2160       2.201370638415e-11       6.960862997500e-13       1.675407249135e-14       0.000000000000e+00       2.715367005323e-16       5.023674243062e-17       5.207142233580e-18 
 2161       2.189493786152e-11       7.003620042385e-13       2.032932710860e-14       0.000000000000e+00       2.710222792773e-16       4.979673399433e-17       5.251260794882e-18 
 2162       2.177657482176e-11       7.046503943708e-13       2.349204642029e-14       0.000000000000e+00       2.705090435168e-16       4.935951756604e-17       5.295633994163e-18 
 2163       2.165864729415e-11       7.089489410067e-13       2.624139700734e-14       0.000000000000e+00       2.699969893476e-16       4.892525996065e-17       5.340305460913e-18 
 2164       2.154118541467e-11       7.132551055913e-13       2.857654557786e-14       0.000000000000e+00       2.694861128363e-16       4.849412858405e-17       5.385318984417e-18 
 2165       2.142421713829e-11       7.175664512960e-13       3.049752177148e-14       0.000000000000e+00       2.689764103068e-16       4.806625424405e-17       5.430707783055e-18 
 2166       2.130776135857e-11       7.218809772869e-13       3.200781294591e-14       0.000000000000e+00       2.684678792029e-16       4.764161930676e-17       5.476462232528e-18 
 2167       2.119183474175e-11       7.261967866949e-13       3.311178693811e-14       0.000000000000e+00       2.679605172313e-16       4.722016878528e-17       5.522561919788e-18 
 2168       2.107645401049e-11       7.305119756606e-13       3.381383087781e-14       0.000000000000e+00       2.674543220750e-16       4.680184746056e-17       5.568986354023e-18 
 2169       2.096163594384e-11       7.348246333262e-13       3.411835121104e-14       0.000000000000e+00       2.669492913932e-16       4.638659988111e-17       5.615714966567e-18 
 2170       2.084739737736e-11       7.391328418278e-13       3.402977372351e-14       0.000000000000e+00       2.664454228211e-16       4.597437036274e-17       5.662727110806e-18 
 2171       2.073375520320e-11       7.434346762867e-13       3.355254356414e-14       0.000000000000e+00       2.659427139704e-16       4.556510298828e-17       5.710002062091e-18 
 2172       2.062072637009e-11       7.477282048019e-13       3.269112526853e-14       0.000000000000e+00       2.654411624286e-16       4.515874160728e-17       5.757519017645e-18 
 2173       2.050832788350e-11       7.520114884418e-13       3.145000278239e-14       0.000000000000e+00       2.649407657595e-16       4.475522983574e-17       5.805257096476e-18 
 2174       2.039657680560e-11       7.562825812362e-13       2.983367948504e-14       0.000000000000e+00       2.644415215030e-16       4.435451105584e-17       5.853195339281e-18 
 2175       2.028549025540e-11       7.605395301682e-13       2.784667821285e-14       0.000000000000e+00       2.639434271747e-16       4.395652841565e-17       5.901312708361e-18 
 2176       2.017508540880e-11       7.647803751662e-13       2.549354128274e-14       0.000000000000e+00       2.634464802666e-16       4.356122482883e-17       5.949588087527e-18 
 2177       2.006537949860e-11       7.690031490961e-13       2.277883051563e-14       0.000000000000e+00       2.629506782463e-16       4.316854297441e-17       5.998000282010e-18 
 2178       1.995638981464e-11       7.732058777527e-13       1.970712725992e-14       0.000000000000e+00       2.624560185575e-16       4.277842529645e-17       6.046528018374e-18 
 2179       1.984813370381e-11       7.773865798520e-13       1.628303241493e-14       0.000000000000e+00       2.619624986199e-16       4.239081400379e-17       6.095149944419e-18 
 2180       1.974062857012e-11       7.815432670233e-13       1.251116645442e-14       0.000000000000e+00       2.614701158287e-16       4.200565106975e-17       6.143844629096e-18 
 2181       1.963389187478e-11       7.856739438007e-13       8.396169449986e-15       0.000000000000e+00       2.609788675552e-16       4.162287823189e-17       6.192590562412e-18 
 2182       1.952794113625e-11       7.897766076156e-13       3.942701094607e-15       0.000000000000e+00       2.604887511464e-16       4.124243699167e-17       6.241366155346e-18 
 2183       1.942279393030e-11       7.938492487880e-13      -8.445592739448e-16       0.000000000000e+00       2.599997639251e-16       4.086426861422e-17       6.290149739750e-18 
 2184       1.931846789010e-11       7.978898505192e-13      -5.960912649609e-15       0.000000000000e+00       2.595119031896e-16       4.048831412806e-17       6.338919568267e-18 
 2185       1.921498070622e-11       8.018963888830e-13      -1.140164033458e-14       0.000000000000e+00       2.590251662140e-16       4.011451432478e-17       6.387653814232e-18 
 2186       1.911235012679e-11       8.058668328183e-13      -1.716200391582e-14       0.000000000000e+00       2.585395502483e-16       3.974280975880e-17       6.436330571591e-18 
 2187       1.901059395745e-11       8.097991441205e-13      -2.323724524163e-14       0.000000000000e+00       2.580550525176e-16       3.937314074706e-17       6.484927854800e-18 
 2188       1.890973006152e-11       8.136912774340e-13      -2.962258639812e-14       0.000000000000e+00       2.575716702230e-16       3.900544736877e-17       6.533423598744e-18 
 2189       1.880977635997e-11       8.175411802436e-13      -3.631322968582e-14       0.000000000000e+00       2.570894005409e-16       3.863966946511e-17       6.581795658639e-18 
 2190       1.871075083156e-11       8.213467928668e-13      -4.330435759612e-14       0.000000000000e+00       2.566082406233e-16       3.827574663894e-17       6.630021809947e-18 
 2191       1.861267151285e-11       8.251060484458e-13      -5.059113278789e-14       0.000000000000e+00       2.561281875977e-16       3.791361825456e-17       6.678079748282e-18 
 2192       1.851555649827e-11       8.288168729390e-13      -5.816869806395e-14       0.000000000000e+00       2.556492385668e-16       3.755322343740e-17       6.725947089322e-18 
 2193       1.841942394022e-11       8.324771851137e-13      -6.603217634764e-14       0.000000000000e+00       2.551713906090e-16       3.719450107374e-17       6.773601368716e-18 
 2194       1.832429204909e-11       8.360848965371e-13      -7.417667065931e-14       0.000000000000e+00       2.546946407780e-16       3.683738981043e-17       6.821020041995e-18 
 2195       1.823017909334e-11       8.396379115693e-13      -8.259726409289e-14       0.000000000000e+00       2.542189861026e-16       3.648182805463e-17       6.868180484480e-18 
 2196       1.813710339957e-11       8.431341273543e-13      -9.128901979242e-14       0.000000000000e+00       2.537444235872e-16       3.612775397351e-17       6.915059991194e-18 
 2197       1.804508335256e-11       8.465714338126e-13      -1.002469809286e-13       0.000000000000e+00       2.532709502111e-16       3.577510549399e-17       6.961635776771e-18 
 2198       1.795413739537e-11       8.499477136328e-13      -1.094661706751e-13       0.000000000000e+00       2.527985629293e-16       3.542382030242e-17       7.007884975362e-18 
 2199       1.786428402936e-11       8.532608422637e-13      -1.189415921856e-13       0.000000000000e+00       2.523272586716e-16       3.507383584435e-17       7.053784640548e-18 
 2200       1.777554181428e-11       8.565086879062e-13      -1.286682285698e-13       0.000000000000e+00       2.518570343432e-16       3.472508932422e-17       7.099311745249e-18 
 2201       1.768792936832e-11       8.596891115054e-13      -1.386410428701e-13       0.000000000000e+00       2.513878868241e-16       3.437751770509e-17       7.144443181633e-18 
 2202       1.760146536819e-11       8.627999667422e-13      -1.488549780384e-13       0.000000000000e+00       2.509198129697e-16       3.403105770836e-17       7.189155761025e-18 
 2203       1.751616854918e-11       8.658391000257e-13      -1.593049569122e-13       0.000000000000e+00       2.504528096104e-16       3.368564581349e-17       7.233426213817e-18 
 2204       1.743205457779e-11       8.688046052342e-13      -1.699856737658e-13       0.000000000000e+00       2.499868736760e-16       3.334124190070e-17       7.277227239044e-18 
 2205       1.734912664703e-11       8.716955898060e-13      -1.808909674959e-13       0.000000000000e+00       2.495220025706e-16       3.299790035133e-17       7.320515624621e-18 
 2206       1.726738481878e-11       8.745114137210e-13      -1.920144442258e-13       0.000000000000e+00       2.490581938001e-16       3.265569941920e-17       7.363244048015e-18 
 2207       1.718682914555e-11       8.772514352120e-13      -2.033496853241e-13       0.000000000000e+00       2.485954448481e-16       3.231471763079e-17       7.405365019232e-18 
 2208       1.710745967042e-11       8.799150107625e-13      -2.148902473765e-13       0.000000000000e+00       2.481337531757e-16       3.197503378555e-17       7.446830880624e-18 
 2209       1.702927642706e-11       8.825014951053e-13      -2.266296621569e-13       0.000000000000e+00       2.476731162217e-16       3.163672695621e-17       7.487593806701e-18 
 2210       1.695227943970e-11       8.850102412206e-13      -2.385614365990e-13       0.000000000000e+00       2.472135314025e-16       3.129987648908e-17       7.527605803948e-18 
 2211       1.687646872311e-11       8.874406003342e-13      -2.506790527673e-13       0.000000000000e+00       2.467549961117e-16       3.096456200436e-17       7.566818710629e-18 
 2212       1.680184428259e-11       8.897919219156e-13      -2.629759678289e-13       0.000000000000e+00       2.462975077208e-16       3.063086339642e-17       7.605184196607e-18 
 2213       1.672840611397e-11       8.920635536767e-13      -2.754456140249e-13       0.000000000000e+00       2.458410635782e-16       3.029886083414e-17       7.642653763151e-18 
 2214       1.665615420356e-11       8.942548415696e-13      -2.880813986414e-13       0.000000000000e+00       2.453856610103e-16       2.996863476119e-17       7.679178742748e-18 
 2215       1.658508852820e-11       8.963651297849e-13      -3.008767039811e-13       0.000000000000e+00       2.449312973204e-16       2.964026589633e-17       7.714710298917e-18 
 2216       1.651520905516e-11       8.983937607503e-13      -3.138248873348e-13       0.000000000000e+00       2.444779697895e-16       2.931383523374e-17       7.749199426020e-18 
 2217       1.644651574220e-11       9.003400751283e-13      -3.269192809526e-13       0.000000000000e+00       2.440256756756e-16       2.898942404331e-17       7.782596949074e-18 
 2218       1.637900853750e-11       9.022034118148e-13      -3.401531920155e-13       0.000000000000e+00       2.435744122142e-16       2.866711387092e-17       7.814853523562e-18 
 2219       1.631268737970e-11       9.039831079374e-13      -3.535199026064e-13       0.000000000000e+00       2.431241766179e-16       2.834698653878e-17       7.845919635248e-18 
 2220       1.624755219784e-11       9.056784988533e-13      -3.670126696819e-13       0.000000000000e+00       2.426749660768e-16       2.802912414573e-17       7.875745599984e-18 
 2221       1.618360291136e-11       9.072889181478e-13      -3.806247250436e-13       0.000000000000e+00       2.422267777578e-16       2.771360906751e-17       7.904281563526e-18 
 2222       1.612083943010e-11       9.088136976327e-13      -3.943492753091e-13       0.000000000000e+00       2.417796088053e-16       2.740052395711e-17       7.931477501345e-18 
 2223       1.605926165425e-11       9.102521673438e-13      -4.081795018840e-13       0.000000000000e+00       2.413334563406e-16       2.708995174504e-17       7.957283218438e-18 
 2224       1.599886947439e-11       9.116036555403e-13      -4.221085609328e-13       0.000000000000e+00       2.408883174621e-16       2.678197563966e-17       7.981648349139e-18 
 2225       1.593966277143e-11       9.128674887019e-13      -4.361295833505e-13       0.000000000000e+00       2.404441892454e-16       2.647667912745e-17       8.004522356936e-18 
 2226       1.588164141659e-11       9.140429915278e-13      -4.502356747338e-13       0.000000000000e+00       2.400010687431e-16       2.617414597335e-17       8.025854534277e-18 
 2227       1.582480527144e-11       9.151294869346e-13      -4.644199153530e-13       0.000000000000e+00       2.395589529848e-16       2.587446022104e-17       8.045594002383e-18 
 2228       1.576915418784e-11       9.161262960546e-13      -4.786753601226e-13       0.000000000000e+00       2.391178389768e-16       2.557770619326e-17       8.063689711063e-18 
 2229       1.571468800792e-11       9.170327382342e-13      -4.929950385734e-13       0.000000000000e+00       2.386777237028e-16       2.528396849210e-17       8.080090438525e-18 
 2230       1.566140656409e-11       9.178481310319e-13      -5.073719548233e-13       0.000000000000e+00       2.382386041231e-16       2.499333199932e-17       8.094744791185e-18 
 2231       1.560930967904e-11       9.185717902166e-13      -5.217990875493e-13       0.000000000000e+00       2.378004771749e-16       2.470588187663e-17       8.107601203482e-18 
 2232       1.555839716567e-11       9.192030297660e-13      -5.362693899582e-13       0.000000000000e+00       2.373633397724e-16       2.442170356601e-17       8.118607937688e-18 
 2233       1.550866882713e-11       9.197411618647e-13      -5.507757897586e-13       0.000000000000e+00       2.369271888063e-16       2.414088279003e-17       8.127713083723e-18 
 2234       1.546012445678e-11       9.201854969024e-13      -5.653111891319e-13       0.000000000000e+00       2.364920211444e-16       2.386350555213e-17       8.134864558962e-18 
 2235       1.541276383818e-11       9.205353434724e-13      -5.798684647038e-13       0.000000000000e+00       2.360578336311e-16       2.358965813691e-17       8.140010108052e-18 
 2236       1.536658674507e-11       9.207900083694e-13      -5.944404675159e-13       0.000000000000e+00       2.356246230875e-16       2.331942711048e-17       8.143097302721e-18 
 2237       1.532159294136e-11       9.209487965881e-13      -6.090200229965e-13       0.000000000000e+00       2.351923863114e-16       2.305289932072e-17       8.144073541590e-18 
 2238       1.527778218113e-11       9.210110113215e-13      -6.235999309327e-13       0.000000000000e+00       2.347611200774e-16       2.279016189763e-17       8.142886049986e-18 
 2239       1.523515420859e-11       9.209759539587e-13      -6.381729654413e-13       0.000000000000e+00       2.343308211364e-16       2.253130225358e-17       8.139481879753e-18 
 2240       1.519370875809e-11       9.208429240836e-13      -6.527318749403e-13       0.000000000000e+00       2.339014862162e-16       2.227640808365e-17       8.133807909065e-18 
 2241       1.515344555407e-11       9.206112194729e-13      -6.672693821204e-13       0.000000000000e+00       2.334731120210e-16       2.202556736592e-17       8.125810842237e-18 
 2242       1.511436431110e-11       9.202801360944e-13      -6.817781839164e-13       0.000000000000e+00       2.330456952316e-16       2.177886836179e-17       8.115437209537e-18 
 2243       1.507646256677e-11       9.198492080996e-13      -6.962513996486e-13       0.000000000000e+00       2.326192327087e-16       2.153637535518e-17       8.102651800802e-18 
 2244       1.503972916518e-11       9.193189295160e-13      -7.106839187031e-13       0.000000000000e+00       2.321937221053e-16       2.129805569656e-17       8.087493098152e-18 
 2245       1.500415073088e-11       9.186900372620e-13      -7.250710615905e-13       0.000000000000e+00       2.317691612581e-16       2.106385228335e-17       8.070018204705e-18 
 2246       1.496971383205e-11       9.179632715836e-13      -7.394081325573e-13       0.000000000000e+00       2.313455479848e-16       2.083370777750e-17       8.050284443877e-18 
 2247       1.493640498037e-11       9.171393760589e-13      -7.536904195668e-13       0.000000000000e+00       2.309228800837e-16       2.060756460521e-17       8.028349359634e-18 
 2248       1.490421063102e-11       9.162190976019e-13      -7.679131942821e-13       0.000000000000e+00       2.305011553338e-16       2.038536495667e-17       8.004270716741e-18 
 2249       1.487311718253e-11       9.152031864662e-13      -7.820717120477e-13       0.000000000000e+00       2.300803714949e-16       2.016705078579e-17       7.978106501017e-18 
 2250       1.484311097679e-11       9.140923962493e-13      -7.961612118718e-13       0.000000000000e+00       2.296605263072e-16       1.995256380989e-17       7.949914919585e-18 
 2251       1.481417829894e-11       9.128874838964e-13      -8.101769164082e-13       0.000000000000e+00       2.292416174920e-16       1.974184550946e-17       7.919754401123e-18 
 2252       1.478630537734e-11       9.115892097044e-13      -8.241140319382e-13       0.000000000000e+00       2.288236427507e-16       1.953483712787e-17       7.887683596113e-18 
 2253       1.475947838345e-11       9.101983373261e-13      -8.379677483534e-13       0.000000000000e+00       2.284065997655e-16       1.933147967111e-17       7.853761377097e-18 
 2254       1.473368343182e-11       9.087156337735e-13      -8.517332391368e-13       0.000000000000e+00       2.279904861991e-16       1.913171390748e-17       7.818046838928e-18 
 2255       1.470890657998e-11       9.071418694226e-13      -8.654056613455e-13       0.000000000000e+00       2.275752996949e-16       1.893548036737e-17       7.780599299016e-18 
 2256       1.468513382841e-11       9.054778180167e-13      -8.789801555928e-13       0.000000000000e+00       2.271610378766e-16       1.874271934293e-17       7.741478297586e-18 
 2257       1.466235112046e-11       9.037242566707e-13      -8.924518460298e-13       0.000000000000e+00       2.267476983484e-16       1.855337088786e-17       7.700743597926e-18 
 2258       1.464054434225e-11       9.018819658750e-13      -9.058158403280e-13       0.000000000000e+00       2.263352786949e-16       1.836737481706e-17       7.658455186638e-18 
 2259       1.461969932268e-11       8.999517294994e-13      -9.190672296608e-13       0.000000000000e+00       2.259237764812e-16       1.818467070641e-17       7.614673273892e-18 
 2260       1.459980183328e-11       8.979343347973e-13      -9.322010886863e-13       0.000000000000e+00       2.255131892528e-16       1.800519789247e-17       7.569458293674e-18 
 2261       1.458083758821e-11       8.958305724091e-13      -9.452124755286e-13       0.000000000000e+00       2.251035145356e-16       1.782889547223e-17       7.522870904041e-18 
 2262       1.456279224415e-11       8.936412363668e-13      -9.580964317604e-13       0.000000000000e+00       2.246947498356e-16       1.765570230281e-17       7.474971987370e-18 
 2263       1.454565140025e-11       8.913671240976e-13      -9.708479823849e-13       0.000000000000e+00       2.242868926394e-16       1.748555700120e-17       7.425822650610e-18 
 2264       1.452940059808e-11       8.890090364282e-13      -9.834621358180e-13       0.000000000000e+00       2.238799404136e-16       1.731839794397e-17       7.375484225533e-18 
 2265       1.451402532153e-11       8.865677775880e-13      -9.959338838699e-13       0.000000000000e+00       2.234738906054e-16       1.715416326702e-17       7.324018268987e-18 
 2266       1.449951099679e-11       8.840441552142e-13      -1.008258201728e-12       0.000000000000e+00       2.230687406419e-16       1.699279086529e-17       7.271486563147e-18 
 2267       1.448584299221e-11       8.814389803546e-13      -1.020430047938e-12       0.000000000000e+00       2.226644879306e-16       1.683421839248e-17       7.217951115763e-18 
 2268       1.447300661833e-11       8.787530674725e-13      -1.032444364386e-12       0.000000000000e+00       2.222611298591e-16       1.667838326081e-17       7.163474160417e-18 
 2269       1.446098712772e-11       8.759872344501e-13      -1.044296076283e-12       0.000000000000e+00       2.218586637951e-16       1.652522264068e-17       7.108118156770e-18 
 2270       1.444976971500e-11       8.731423025927e-13      -1.055980092143e-12       0.000000000000e+00       2.214570870866e-16       1.637467346047e-17       7.051945790816e-18 
 2271       1.443933951670e-11       8.702190966324e-13      -1.067491303767e-12       0.000000000000e+00       2.210563970615e-16       1.622667240620e-17       6.995019975132e-18 
 2272       1.442968161124e-11       8.672184447326e-13      -1.078824586227e-12       0.000000000000e+00       2.206565910279e-16       1.608115592133e-17       6.937403849129e-18 
 2273       1.442078101884e-11       8.641411784913e-13      -1.089974797845e-12       0.000000000000e+00       2.202576662737e-16       1.593806020639e-17       6.879160779307e-18 
 2274       1.441262270147e-11       8.609881329457e-13      -1.100936780176e-12       0.000000000000e+00       2.198596200673e-16       1.579732121879e-17       6.820354359500e-18 
 2275       1.440519156278e-11       8.577601465755e-13      -1.111705357990e-12       0.000000000000e+00       2.194624496565e-16       1.565887467252e-17       6.761048411134e-18 
 2276       1.439847244802e-11       8.544580613075e-13      -1.122275339257e-12       0.000000000000e+00       2.190661522696e-16       1.552265603783e-17       6.701306983474e-18 
 2277       1.439245014400e-11       8.510827225191e-13      -1.132641515122e-12       0.000000000000e+00       2.186707251144e-16       1.538860054105e-17       6.641194353879e-18 
 2278       1.438710937901e-11       8.476349790426e-13      -1.142798659897e-12       0.000000000000e+00       2.182761653788e-16       1.525664316420e-17       6.580775028048e-18 
 2279       1.438243482272e-11       8.441156831687e-13      -1.152741531032e-12       0.000000000000e+00       2.178824702307e-16       1.512671864483e-17       6.520113740277e-18 
 2280       1.437841108619e-11       8.405256906512e-13      -1.162464869107e-12       0.000000000000e+00       2.174896368177e-16       1.499876147565e-17       6.459275453709e-18 
 2281       1.437502272174e-11       8.368658607101e-13      -1.171963397809e-12       0.000000000000e+00       2.170976622672e-16       1.487270590433e-17       6.398325360583e-18 
 2282       1.437225396130e-11       8.331371602349e-13      -1.181232566618e-12       0.000000000000e+00       2.167065439278e-16       1.474850278298e-17       6.337323362967e-18 
 2283       1.437008792979e-11       8.293409771144e-13      -1.190270784125e-12       0.000000000000e+00       2.163162800950e-16       1.462617023553e-17       6.276307475749e-18 
 2284       1.436850742655e-11       8.254788089246e-13      -1.199077199007e-12       0.000000000000e+00       2.159268692898e-16       1.450574331485e-17       6.215310317666e-18 
 2285       1.436749518643e-11       8.215521589195e-13      -1.207650958622e-12       0.000000000000e+00       2.155383100183e-16       1.438725718266e-17       6.154364621285e-18 
 2286       1.436703387971e-11       8.175625360364e-13      -1.215991209011e-12       0.000000000000e+00       2.151506007712e-16       1.427074710955e-17       6.093503233121e-18 
 2287       1.436710611205e-11       8.135114549035e-13      -1.224097094897e-12       0.000000000000e+00       2.147637400240e-16       1.415624847513e-17       6.032759113766e-18 
 2288       1.436769442437e-11       8.094004358452e-13      -1.231967759679e-12       0.000000000000e+00       2.143777262369e-16       1.404379676818e-17       5.972165338009e-18 
 2289       1.436878129283e-11       8.052310048892e-13      -1.239602345439e-12       0.000000000000e+00       2.139925578549e-16       1.393342758670e-17       5.911755094967e-18 
 2290       1.437034912872e-11       8.010046937724e-13      -1.246999992933e-12       0.000000000000e+00       2.136082333077e-16       1.382517663806e-17       5.851561688201e-18 
 2291       1.437238027842e-11       7.967230399476e-13      -1.254159841598e-12       0.000000000000e+00       2.132247510097e-16       1.371907973911e-17       5.791618535848e-18 
 2292       1.437485702329e-11       7.923875865896e-13      -1.261081029546e-12       0.000000000000e+00       2.128421093598e-16       1.361517281629e-17       5.731959170739e-18 
 2293       1.437776157964e-11       7.879998826017e-13      -1.267762693563e-12       0.000000000000e+00       2.124603067416e-16       1.351349190575e-17       5.672617240527e-18 
 2294       1.438107609861e-11       7.835614826221e-13      -1.274203969113e-12       0.000000000000e+00       2.120793415235e-16       1.341407315346e-17       5.613626507811e-18 
 2295       1.438478266614e-11       7.790739470300e-13      -1.280403990332e-12       0.000000000000e+00       2.116992120582e-16       1.331695281530e-17       5.555020850258e-18 
 2296       1.438886330289e-11       7.745388419524e-13      -1.286361890028e-12       0.000000000000e+00       2.113199166833e-16       1.322216725723e-17       5.496834260731e-18 
 2297       1.439329996414e-11       7.699577392701e-13      -1.292076799685e-12       0.000000000000e+00       2.109414537206e-16       1.312975295534e-17       5.439100847409e-18 
 2298       1.439807453976e-11       7.653322166242e-13      -1.297547849455e-12       0.000000000000e+00       2.105638214767e-16       1.303974649601e-17       5.381854833914e-18 
 2299       1.440316885408e-11       7.606638574225e-13      -1.302774168163e-12       0.000000000000e+00       2.101870182426e-16       1.295218457601e-17       5.325130559436e-18 
 2300       1.440856466591e-11       7.559542508457e-13      -1.307754883302e-12       0.000000000000e+00       2.098110422938e-16       1.286710400259e-17       5.268962478854e-18 
 2301       1.441424366834e-11       7.512049918538e-13      -1.312489121035e-12       0.000000000000e+00       2.094358918903e-16       1.278454169364e-17       5.213385162864e-18 
 2302       1.442018748881e-11       7.464176811929e-13      -1.316976006195e-12       0.000000000000e+00       2.090615652764e-16       1.270453467777e-17       5.158433298101e-18 
 2303       1.442637768892e-11       7.415939254009e-13      -1.321214662278e-12       0.000000000000e+00       2.086880606811e-16       1.262712009441e-17       5.104141687262e-18 
 2304       1.443279576441e-11       7.367353368142e-13      -1.325204211452e-12       0.000000000000e+00       2.083153763176e-16       1.255233519399e-17       5.050545249236e-18 
 2305       1.443942314510e-11       7.318435335740e-13      -1.328943774546e-12       0.000000000000e+00       2.079435103835e-16       1.248021733797e-17       4.997679019221e-18 
 2306       1.444624119480e-11       7.269201396328e-13      -1.332432471056e-12       0.000000000000e+00       2.075724610607e-16       1.241080399901e-17       4.945578148854e-18 
 2307       1.445323121122e-11       7.219667847605e-13      -1.335669419144e-12       0.000000000000e+00       2.072022265157e-16       1.234413276107e-17       4.894277906330e-18 
 2308       1.446037442592e-11       7.169851045512e-13      -1.338653735631e-12       0.000000000000e+00       2.068328048990e-16       1.228024131952e-17       4.843813676533e-18 
 2309       1.446765200426e-11       7.119767404289e-13      -1.341384536004e-12       0.000000000000e+00       2.064641943457e-16       1.221916748123e-17       4.794220961153e-18 
 2310       1.447504504527e-11       7.069433396545e-13      -1.343860934411e-12       0.000000000000e+00       2.060963929749e-16       1.216094916475e-17       4.745535378817e-18 
 2311       1.448253458162e-11       7.018865553318e-13      -1.346082043659e-12       0.000000000000e+00       2.057293988902e-16       1.210562440035e-17       4.697792665207e-18 
 2312       1.449010157955e-11       6.968080464139e-13      -1.348046975217e-12       0.000000000000e+00       2.053632101791e-16       1.205323133019e-17       4.651028673191e-18 
 2313       1.449772693877e-11       6.917094777098e-13      -1.349754839213e-12       0.000000000000e+00       2.049978249138e-16       1.200380820837e-17       4.605279372941e-18 
 2314       1.450539149241e-11       6.865925198906e-13      -1.351204744433e-12       0.000000000000e+00       2.046332411502e-16       1.195739340113e-17       4.560580852060e-18 
 2315       1.451307600694e-11       6.814588494955e-13      -1.352395798319e-12       0.000000000000e+00       2.042694569287e-16       1.191402538690e-17       4.516969315707e-18 
 2316       1.452076118211e-11       6.763101489389e-13      -1.353327106973e-12       0.000000000000e+00       2.039064702738e-16       1.187374275641e-17       4.474481086721e-18 
 2317       1.452842765085e-11       6.711481065163e-13      -1.353997775149e-12       0.000000000000e+00       2.035442791939e-16       1.183658421285e-17       4.433152605744e-18 
 2318       1.453605597922e-11       6.659744164106e-13      -1.354406906259e-12       0.000000000000e+00       2.031828816818e-16       1.180258857194e-17       4.393020431346e-18 
 2319       1.454362666633e-11       6.607907786987e-13      -1.354553602369e-12       0.000000000000e+00       2.028222757143e-16       1.177179476209e-17       4.354121240151e-18 
 2320       1.455112014429e-11       6.555988993578e-13      -1.354436964197e-12       0.000000000000e+00       2.024624592522e-16       1.174424182445e-17       4.316491826957e-18 
 2321       1.455851818890e-11       6.504004266911e-13      -1.354056689037e-12       0.000000000000e+00       2.021034302885e-16       1.171995080147e-17       4.280151008329e-18 
 2322       1.456580816173e-11       6.451967601547e-13      -1.353414868639e-12       0.000000000000e+00       2.017451869937e-16       1.169887027732e-17       4.245045208358e-18 
 2323       1.457297879469e-11       6.399892403374e-13      -1.352514202670e-12       0.000000000000e+00       2.013877275712e-16       1.168093049414e-17       4.211102529906e-18 
 2324       1.458001878159e-11       6.347792124372e-13      -1.351357401829e-12       0.000000000000e+00       2.010310502097e-16       1.166606143218e-17       4.178250819693e-18 
 2325       1.458691677811e-11       6.295680262654e-13      -1.349947187863e-12       0.000000000000e+00       2.006751530824e-16       1.165419280949e-17       4.146417668023e-18 
 2326       1.459366140176e-11       6.243570362524e-13      -1.348286293578e-12       0.000000000000e+00       2.003200343478e-16       1.164525408168e-17       4.115530408501e-18 
 2327       1.460024123186e-11       6.191476014522e-13      -1.346377462850e-12       0.000000000000e+00       1.999656921493e-16       1.163917444156e-17       4.085516117754e-18 
 2328       1.460664480947e-11       6.139410855474e-13      -1.344223450642e-12       0.000000000000e+00       1.996121246150e-16       1.163588281890e-17       4.056301615158e-18 
 2329       1.461286063733e-11       6.087388568542e-13      -1.341827023011e-12       0.000000000000e+00       1.992593298581e-16       1.163530788013e-17       4.027813462554e-18 
 2330       1.461887717990e-11       6.035422883273e-13      -1.339190957125e-12       0.000000000000e+00       1.989073059764e-16       1.163737802805e-17       3.999977963970e-18 
 2331       1.462468286323e-11       5.983527575648e-13      -1.336318041274e-12       0.000000000000e+00       1.985560510529e-16       1.164202140152e-17       3.972721165344e-18 
 2332       1.463026607496e-11       5.931716468134e-13      -1.333211074879e-12       0.000000000000e+00       1.982055631550e-16       1.164916587520e-17       3.945968854246e-18 
 2333       1.463561516430e-11       5.880003429732e-13      -1.329872868512e-12       0.000000000000e+00       1.978558403352e-16       1.165873905926e-17       3.919646559596e-18 
 2334       1.464071844193e-11       5.828402376022e-13      -1.326306243901e-12       0.000000000000e+00       1.975068806307e-16       1.167066829905e-17       3.893679551388e-18 
 2335       1.464556418003e-11       5.776927269223e-13      -1.322514033946e-12       0.000000000000e+00       1.971586820635e-16       1.168488067487e-17       3.867992840411e-18 
 2336       1.465014061217e-11       5.725592118230e-13      -1.318499082734e-12       0.000000000000e+00       1.968112426402e-16       1.170130300163e-17       3.842511177970e-18 
 2337       1.465443593334e-11       5.674410978673e-13      -1.314264245544e-12       0.000000000000e+00       1.964645603522e-16       1.171986182859e-17       3.817159055608e-18 
 2338       1.465843829984e-11       5.623397952963e-13      -1.309812388867e-12       0.000000000000e+00       1.961186331758e-16       1.174048343906e-17       3.791860704825e-18 
 2339       1.466213582929e-11       5.572567190340e-13      -1.305146390416e-12       0.000000000000e+00       1.957734590715e-16       1.176309385010e-17       3.766540096803e-18 
 2340       1.466551660056e-11       5.521932886925e-13      -1.300269139136e-12       0.000000000000e+00       1.954290359850e-16       1.178761881226e-17       3.741120942124e-18 
 2341       1.466856865376e-11       5.471509285768e-13      -1.295183535221e-12       0.000000000000e+00       1.950853618462e-16       1.181398380926e-17       3.715526690493e-18 
 2342       1.467127999015e-11       5.421310676898e-13      -1.289892490122e-12       0.000000000000e+00       1.947424345700e-16       1.184211405771e-17       3.689680530460e-18 
 2343       1.467363857214e-11       5.371351397374e-13      -1.284398926561e-12       0.000000000000e+00       1.944002520555e-16       1.187193450683e-17       3.663505389140e-18 
 2344       1.467563232327e-11       5.321645831329e-13      -1.278705778548e-12       0.000000000000e+00       1.940588121867e-16       1.190336983815e-17       3.636923931935e-18 
 2345       1.467724912808e-11       5.272208410028e-13      -1.272815991385e-12       0.000000000000e+00       1.937181128320e-16       1.193634446524e-17       3.609858562253e-18 
 2346       1.467847683217e-11       5.223053611909e-13      -1.266732521685e-12       0.000000000000e+00       1.933781518445e-16       1.197078253337e-17       3.582231421235e-18 
 2347       1.467930324211e-11       5.174195962638e-13      -1.260458337383e-12       0.000000000000e+00       1.930389270615e-16       1.200660791929e-17       3.553964387471e-18 
 2348       1.467971612538e-11       5.125650035158e-13      -1.253996417748e-12       0.000000000000e+00       1.927004363051e-16       1.204374423089e-17       3.524979076723e-18 
 2349       1.467970321039e-11       5.077430449734e-13      -1.247349753393e-12       0.000000000000e+00       1.923626773818e-16       1.208211480691e-17       3.495196841647e-18 
 2350       1.467925218637e-11       5.029551874008e-13      -1.240521346294e-12       0.000000000000e+00       1.920256480825e-16       1.212164271670e-17       3.464538771514e-18 
 2351       1.467835070339e-11       4.982029023046e-13      -1.233514209795e-12       0.000000000000e+00       1.916893461827e-16       1.216225075988e-17       3.432925691931e-18 
 2352       1.467698637228e-11       4.934876659387e-13      -1.226331368626e-12       0.000000000000e+00       1.913537694419e-16       1.220386146606e-17       3.400278164561e-18 
 2353       1.467514676460e-11       4.888109593093e-13      -1.218975858912e-12       0.000000000000e+00       1.910189156046e-16       1.224639709456e-17       3.366516486850e-18 
 2354       1.467281941261e-11       4.841742681800e-13      -1.211450728189e-12       0.000000000000e+00       1.906847823992e-16       1.228977963412e-17       3.331560691739e-18 
 2355       1.466999180921e-11       4.795790830764e-13      -1.203759035412e-12       0.000000000000e+00       1.903513675387e-16       1.233393080263e-17       3.295330547396e-18 
 2356       1.466665140791e-11       4.750268992914e-13      -1.195903850973e-12       0.000000000000e+00       1.900186687203e-16       1.237877204679e-17       3.257745556927e-18 
 2357       1.466278562280e-11       4.705192168899e-13      -1.187888256706e-12       0.000000000000e+00       1.896866836257e-16       1.242422454185e-17       3.218724958105e-18 
 2358       1.465838182848e-11       4.660575407139e-13      -1.179715345908e-12       0.000000000000e+00       1.893554099206e-16       1.247020919134e-17       3.178187723089e-18 
 2359       1.465342736006e-11       4.616433803875e-13      -1.171388223345e-12       0.000000000000e+00       1.890248452553e-16       1.251664662674e-17       3.136052558144e-18 
 2360       1.464791152609e-11       4.572780834740e-13      -1.162910173253e-12       0.000000000000e+00       1.886949873881e-16       1.256347538594e-17       3.092259418453e-18 
 2361       1.464183166123e-11       4.529623338072e-13      -1.154285164438e-12       0.000000000000e+00       1.883658345581e-16       1.261070657229e-17       3.046834198973e-18 
 2362       1.463518711105e-11       4.486966500580e-13      -1.145517348334e-12       0.000000000000e+00       1.880373851147e-16       1.265836953405e-17       2.999824444362e-18 
 2363       1.462797722246e-11       4.444815523003e-13      -1.136610891318e-12       0.000000000000e+00       1.877096373942e-16       1.270649371659e-17       2.951277870511e-18 
 2364       1.462020134371e-11       4.403175620128e-13      -1.127569974725e-12       0.000000000000e+00       1.873825897195e-16       1.275510866246e-17       2.901242364733e-18 
 2365       1.461185882436e-11       4.362052020801e-13      -1.118398794866e-12       0.000000000000e+00       1.870562404001e-16       1.280424401152e-17       2.849765985947e-18 
 2366       1.460294901533e-11       4.321449967941e-13      -1.109101563045e-12       0.000000000000e+00       1.867305877325e-16       1.285392950104e-17       2.796896964862e-18 
 2367       1.459347126886e-11       4.281374718552e-13      -1.099682505569e-12       0.000000000000e+00       1.864056299995e-16       1.290419496578e-17       2.742683704162e-18 
 2368       1.458342493853e-11       4.241831543741e-13      -1.090145863774e-12       0.000000000000e+00       1.860813654707e-16       1.295507033813e-17       2.687174778689e-18 
 2369       1.457280937928e-11       4.202825728726e-13      -1.080495894033e-12       0.000000000000e+00       1.857577924023e-16       1.300658564815e-17       2.630418935631e-18 
 2370       1.456162394738e-11       4.164362572855e-13      -1.070736867773e-12       0.000000000000e+00       1.854349090370e-16       1.305877102375e-17       2.572465094706e-18 
 2371       1.454986800046e-11       4.126447389613e-13      -1.060873071498e-12       0.000000000000e+00       1.851127136043e-16       1.311165669074e-17       2.513362348343e-18 
 2372       1.453754089749e-11       4.089085506642e-13      -1.050908806794e-12       0.000000000000e+00       1.847912043200e-16       1.316527297292e-17       2.453159961872e-18 
 2373       1.452464199881e-11       4.052282265752e-13      -1.040848390356e-12       0.000000000000e+00       1.844703793867e-16       1.321965029225e-17       2.391907373703e-18 
 2374       1.451117066610e-11       4.016043022932e-13      -1.030696153997e-12       0.000000000000e+00       1.841502369933e-16       1.327481916886e-17       2.329654195519e-18 
 2375       1.449712626241e-11       3.980373148368e-13      -1.020456444666e-12       0.000000000000e+00       1.838307753154e-16       1.333081022125e-17       2.266450212449e-18 
 2376       1.448250815215e-11       3.945278026454e-13      -1.010133624467e-12       0.000000000000e+00       1.835119925150e-16       1.338765416629e-17       2.202345383265e-18 
 2377       1.446731570109e-11       3.910763055804e-13      -9.997320706683e-13       0.000000000000e+00       1.831938867407e-16       1.344538181943e-17       2.137389840557e-18 
 2378       1.445154827636e-11       3.876833649272e-13      -9.892561757270e-13       0.000000000000e+00       1.828764561272e-16       1.350402409470e-17       2.071633890925e-18 
 2379       1.443520524649e-11       3.843495233956e-13      -9.787103472990e-13       0.000000000000e+00       1.825596987962e-16       1.356361200488e-17       2.005128015157e-18 
 2380       1.441828598135e-11       3.810753251219e-13      -9.680990082573e-13       0.000000000000e+00       1.822436128554e-16       1.362417666158e-17       1.937922868418e-18 
 2381       1.440078985220e-11       3.778613156700e-13      -9.574265967082e-13       0.000000000000e+00       1.819281963990e-16       1.368574927533e-17       1.870069280437e-18 
 2382       1.438271623168e-11       3.747080420328e-13      -9.466975660068e-13       0.000000000000e+00       1.816134475076e-16       1.374836115571e-17       1.801618255684e-18 
 2383       1.436406449380e-11       3.716160526334e-13      -9.359163847737e-13       0.000000000000e+00       1.812993642484e-16       1.381204371143e-17       1.732620973561e-18 
 2384       1.434483401395e-11       3.685858973267e-13      -9.250875369107e-13       0.000000000000e+00       1.809859446746e-16       1.387682845042e-17       1.663128788585e-18 
 2385       1.432502416894e-11       3.656181274005e-13      -9.142155216171e-13       0.000000000000e+00       1.806731868259e-16       1.394274697998e-17       1.593193230573e-18 
 2386       1.430463433691e-11       3.627132955770e-13      -9.033048534055e-13       0.000000000000e+00       1.803610887283e-16       1.400983100683e-17       1.522866004825e-18 
 2387       1.428366389745e-11       3.598719560143e-13      -8.923600621186e-13       0.000000000000e+00       1.800496483943e-16       1.407811233725e-17       1.452198992311e-18 
 2388       1.426211223151e-11       3.570946643073e-13      -8.813856929445e-13       0.000000000000e+00       1.797388638223e-16       1.414762287715e-17       1.381244249855e-18 
 2389       1.423997872143e-11       3.543819774897e-13      -8.703863064334e-13       0.000000000000e+00       1.794287329974e-16       1.421839463220e-17       1.310054010317e-18 
 2390       1.421726275097e-11       3.517344540347e-13      -8.593664785133e-13       0.000000000000e+00       1.791192538905e-16       1.429045970791e-17       1.238680682784e-18 
 2391       1.419396370529e-11       3.491526538567e-13      -8.483308005064e-13       0.000000000000e+00       1.788104244591e-16       1.436385030974e-17       1.167176852747e-18 
 2392       1.417008097094e-11       3.466371383126e-13      -8.372838791451e-13       0.000000000000e+00       1.785022426468e-16       1.443859874322e-17       1.095595282292e-18 
 2393       1.414561393589e-11       3.441884702034e-13      -8.262303365881e-13       0.000000000000e+00       1.781947063834e-16       1.451473741403e-17       1.023988910281e-18 
 2394       1.412056198950e-11       3.418072137750e-13      -8.151748104365e-13       0.000000000000e+00       1.778878135848e-16       1.459229882809e-17       9.524108525375e-19 
 2395       1.409492452256e-11       3.394939347199e-13      -8.041219537498e-13       0.000000000000e+00       1.775815621531e-16       1.467131559170e-17       8.809144020333e-19 
 2396       1.406870092728e-11       3.372492001787e-13      -7.930764350624e-13       0.000000000000e+00       1.772759499768e-16       1.475182041161e-17       8.095530290701e-19 
 2397       1.404189059727e-11       3.350735787412e-13      -7.820429383993e-13       0.000000000000e+00       1.769709749300e-16       1.483384609513e-17       7.383803814660e-19 
 2398       1.401449292756e-11       3.329676404476e-13      -7.710261632922e-13       0.000000000000e+00       1.766666348735e-16       1.491742555026e-17       6.674502847398e-19 
 2399       1.398650875302e-11       3.309317908889e-13      -7.600305534422e-13       0.000000000000e+00       1.763629278553e-16       1.500257093123e-17       5.968145052550e-19 
 2400       1.395794467315e-11       3.289657723963e-13      -7.490594808636e-13       0.000000000000e+00       1.760598527168e-16       1.508921093597e-17       5.265160243629e-19 
 2401       1.392880875366e-11       3.270691598099e-13      -7.381160567928e-13       0.000000000000e+00       1.757574084906e-16       1.517725312620e-17       4.565957235783e-19 
 2402       1.389910909055e-11       3.252415261014e-13      -7.272034026001e-13       0.000000000000e+00       1.754555941997e-16       1.526660474682e-17       3.870946180310e-19 
 2403       1.386885381007e-11       3.234824423724e-13      -7.163246498004e-13       0.000000000000e+00       1.751544088567e-16       1.535717272563e-17       3.180538566033e-19 
 2404       1.383805106879e-11       3.217914778519e-13      -7.054829400633e-13       0.000000000000e+00       1.748538514646e-16       1.544886367294e-17       2.495147220689e-19 
 2405       1.380670905366e-11       3.201681998946e-13      -6.946814252239e-13       0.000000000000e+00       1.745539210162e-16       1.554158388125e-17       1.815186312301e-19 
 2406       1.377483598198e-11       3.186121739783e-13      -6.839232672933e-13       0.000000000000e+00       1.742546164945e-16       1.563523932496e-17       1.141071350566e-19 
 2407       1.374244010149e-11       3.171229637022e-13      -6.732116384686e-13       0.000000000000e+00       1.739559368725e-16       1.572973565999e-17       4.732191882305e-20 
 2408       1.370952969035e-11       3.157001307847e-13      -6.625497211438e-13       0.000000000000e+00       1.736578811131e-16       1.582497822346e-17      -1.879519775249e-20 
 2409       1.367611305722e-11       3.143432350613e-13      -6.519407079202e-13       0.000000000000e+00       1.733604481693e-16       1.592087203338e-17      -8.420226037074e-20 
 2410       1.364219854129e-11       3.130518344821e-13      -6.413878016165e-13       0.000000000000e+00       1.730636369839e-16       1.601732178829e-17      -1.488571800130e-19 
 2411       1.360779451225e-11       3.118254851106e-13      -6.308942152798e-13       0.000000000000e+00       1.727674464899e-16       1.611423186693e-17      -2.127177328030e-19 
 2412       1.357290937041e-11       3.106637411206e-13      -6.204631721953e-13       0.000000000000e+00       1.724718756102e-16       1.621150632791e-17      -2.757415598690e-19 
 2413       1.353755154667e-11       3.095661547947e-13      -6.100979058977e-13       0.000000000000e+00       1.721769232574e-16       1.630904890940e-17      -3.378861672055e-19 
 2414       1.350172950259e-11       3.085322765221e-13      -5.998016601809e-13       0.000000000000e+00       1.718825883342e-16       1.640676302877e-17      -3.991089255356e-19 
 2415       1.346545173038e-11       3.075616547963e-13      -5.895776891087e-13       0.000000000000e+00       1.715888697334e-16       1.650455178225e-17      -4.593670701721e-19 
 2416       1.342872675299e-11       3.066538362133e-13      -5.794292570254e-13       0.000000000000e+00       1.712957663373e-16       1.660231794464e-17      -5.186177008804e-19 
 2417       1.339156312408e-11       3.058083654692e-13      -5.693596385659e-13       0.000000000000e+00       1.710032770183e-16       1.669996396892e-17      -5.768177817396e-19 
 2418       1.335396942811e-11       3.050247853582e-13      -5.593721186667e-13       0.000000000000e+00       1.707114006387e-16       1.679739198597e-17      -6.339241410050e-19 
 2419       1.331595428034e-11       3.043026367706e-13      -5.494699925757e-13       0.000000000000e+00       1.704201360506e-16       1.689450380421e-17      -6.898934709696e-19 
 2420       1.327752632686e-11       3.036414586906e-13      -5.396565658631e-13       0.000000000000e+00       1.701294820960e-16       1.699120090927e-17      -7.446823278264e-19 
 2421       1.323869424465e-11       3.030407881942e-13      -5.299351544318e-13       0.000000000000e+00       1.698394376066e-16       1.708738446366e-17      -7.982471315300e-19 
 2422       1.319946674157e-11       3.025001604470e-13      -5.203090845277e-13       0.000000000000e+00       1.695500014040e-16       1.718295530643e-17      -8.505441656588e-19 
 2423       1.315985255643e-11       3.020191087025e-13      -5.107816927502e-13       0.000000000000e+00       1.692611722997e-16       1.727781395286e-17      -9.015295772765e-19 
 2424       1.311986045902e-11       3.015971642993e-13      -5.013563260627e-13       0.000000000000e+00       1.689729490947e-16       1.737186059409e-17      -9.511593767945e-19 
 2425       1.307949925012e-11       3.012338566598e-13      -4.920363418032e-13       0.000000000000e+00       1.686853305801e-16       1.746499509683e-17      -9.993894378336e-19 
 2426       1.303877776154e-11       3.009287132873e-13      -4.828251076944e-13       0.000000000000e+00       1.683983155367e-16       1.755711700299e-17      -1.046175497086e-18 
 2427       1.299770485617e-11       3.006812597646e-13      -4.737260018545e-13       0.000000000000e+00       1.681119027348e-16       1.764812552937e-17      -1.091473154177e-18 
 2428       1.295628942801e-11       3.004910197515e-13      -4.647424128072e-13       0.000000000000e+00       1.678260909347e-16       1.773791956731e-17      -1.135237871527e-18 
 2429       1.291454040215e-11       3.003575149826e-13      -4.558777394929e-13       0.000000000000e+00       1.675408788864e-16       1.782639768240e-17      -1.177424974214e-18 
 2430       1.287246673490e-11       3.002802652656e-13      -4.471353912783e-13       0.000000000000e+00       1.672562653296e-16       1.791345811407e-17      -1.217989649835e-18 
 2431       1.283007741373e-11       3.002587884789e-13      -4.385187879675e-13       0.000000000000e+00       1.669722489934e-16       1.799899877534e-17      -1.256886948367e-18 
 2432       1.278738145735e-11       3.002926005695e-13      -4.300313598121e-13       0.000000000000e+00       1.666888285971e-16       1.808291725243e-17      -1.294071782031e-18 
 2433       1.274438791574e-11       3.003812155510e-13      -4.216765475219e-13       0.000000000000e+00       1.664060028493e-16       1.816511080445e-17      -1.329498925152e-18 
 2434       1.270110587018e-11       3.005241455016e-13      -4.134578022749e-13       0.000000000000e+00       1.661237704484e-16       1.824547636306e-17      -1.363123014022e-18 
 2435       1.265754443325e-11       3.007209005617e-13      -4.053785857285e-13       0.000000000000e+00       1.658421300824e-16       1.832391053216e-17      -1.394898546762e-18 
 2436       1.261371274894e-11       3.009709889319e-13      -3.974423700291e-13       0.000000000000e+00       1.655610804290e-16       1.840030958753e-17      -1.424779883183e-18 
 2437       1.256961999258e-11       3.012739168711e-13      -3.896526378233e-13       0.000000000000e+00       1.652806201553e-16       1.847456947649e-17      -1.452721244648e-18 
 2438       1.252527558634e-11       3.016291098512e-13      -3.820123998688e-13       0.000000000000e+00       1.650007479155e-16       1.854663344381e-17      -1.478698899837e-18 
 2439       1.248068984677e-11       3.020356755084e-13      -3.745227446817e-13       0.000000000000e+00       1.647214623412e-16       1.861663522253e-17      -1.502777867905e-18 
 2440       1.243587334117e-11       3.024926392641e-13      -3.671842801996e-13       0.000000000000e+00       1.644427620512e-16       1.868475670246e-17      -1.525045615652e-18 
 2441       1.239083667261e-11       3.029990230350e-13      -3.599976153908e-13       0.000000000000e+00       1.641646456532e-16       1.875118038261e-17      -1.545589908304e-18 
 2442       1.234559047998e-11       3.035538452291e-13      -3.529633602547e-13       0.000000000000e+00       1.638871117448e-16       1.881608937190e-17      -1.564498809828e-18 
 2443       1.230014543800e-11       3.041561207426e-13      -3.460821258225e-13       0.000000000000e+00       1.636101589129e-16       1.887966738974e-17      -1.581860683238e-18 
 2444       1.225451225728e-11       3.048048609556e-13      -3.393545241580e-13       0.000000000000e+00       1.633337857341e-16       1.894209876669e-17      -1.597764190906e-18 
 2445       1.220870168435e-11       3.054990737286e-13      -3.327811683583e-13       0.000000000000e+00       1.630579907741e-16       1.900356844506e-17      -1.612298294871e-18 
 2446       1.216272450170e-11       3.062377633990e-13      -3.263626725548e-13       0.000000000000e+00       1.627827725884e-16       1.906426197956e-17      -1.625552257151e-18 
 2447       1.211659152779e-11       3.070199307771e-13      -3.200996519133e-13       0.000000000000e+00       1.625081297216e-16       1.912436553790e-17      -1.637615640049e-18 
 2448       1.207031361713e-11       3.078445731427e-13      -3.139927226353e-13       0.000000000000e+00       1.622340607080e-16       1.918406590146e-17      -1.648578306467e-18 
 2449       1.202390166029e-11       3.087106842412e-13      -3.080425019584e-13       0.000000000000e+00       1.619605640711e-16       1.924355046588e-17      -1.658530420209e-18 
 2450       1.197736658395e-11       3.096172542799e-13      -3.022496081572e-13       0.000000000000e+00       1.616876383239e-16       1.930300724173e-17      -1.667562446298e-18 
 2451       1.193071935092e-11       3.105632699245e-13      -2.966146605438e-13       0.000000000000e+00       1.614152819688e-16       1.936262485507e-17      -1.675765151282e-18 
 2452       1.188397096019e-11       3.115477142952e-13      -2.911382794688e-13       0.000000000000e+00       1.611434934975e-16       1.942259254817e-17      -1.683229603543e-18 
 2453       1.183713244696e-11       3.125695669631e-13      -2.858210863218e-13       0.000000000000e+00       1.608722713909e-16       1.948310018005e-17      -1.690047173610e-18 
 2454       1.179021488271e-11       3.136278039465e-13      -2.806637035320e-13       0.000000000000e+00       1.606016141196e-16       1.954433822718e-17      -1.696309534464e-18 
 2455       1.174322937516e-11       3.147213977071e-13      -2.756667545695e-13       0.000000000000e+00       1.603315201432e-16       1.960649778406e-17      -1.702108661850e-18 
 2456       1.169618706839e-11       3.158493171466e-13      -2.708308639452e-13       0.000000000000e+00       1.600619879108e-16       1.966977056385e-17      -1.707536834588e-18 
 2457       1.164909914284e-11       3.170105276026e-13      -2.661566572122e-13       0.000000000000e+00       1.597930158607e-16       1.973434889905e-17      -1.712686634881e-18 
 2458       1.160197681533e-11       3.182039908451e-13      -2.616447609662e-13       0.000000000000e+00       1.595246024205e-16       1.980042574207e-17      -1.717650948626e-18 
 2459       1.155483133913e-11       3.194286650731e-13      -2.572958028462e-13       0.000000000000e+00       1.592567460071e-16       1.986819466588e-17      -1.722522965720e-18 
 2460       1.150767400398e-11       3.206835049103e-13      -2.531104115352e-13       0.000000000000e+00       1.589894450266e-16       1.993784986465e-17      -1.727396180373e-18 
 2461       1.146051613613e-11       3.219674614018e-13      -2.490892167614e-13       0.000000000000e+00       1.587226978744e-16       2.000958615436e-17      -1.732364391420e-18 
 2462       1.141336909838e-11       3.232794820104e-13      -2.452328492981e-13       0.000000000000e+00       1.584565029351e-16       2.008359897342e-17      -1.737521702624e-18 
 2463       1.136624429011e-11       3.246185106128e-13      -2.415419409650e-13       0.000000000000e+00       1.581908585826e-16       2.016008438336e-17      -1.742962522991e-18 
 2464       1.131915314732e-11       3.259834874959e-13      -2.380171246288e-13       0.000000000000e+00       1.579257631799e-16       2.023923906936e-17      -1.748781567076e-18 
 2465       1.127210714266e-11       3.273733493533e-13      -2.346590342037e-13       0.000000000000e+00       1.576612150791e-16       2.032126034097e-17      -1.755073855297e-18 
 2466       1.122511778550e-11       3.287870292811e-13      -2.314683046527e-13       0.000000000000e+00       1.573972126218e-16       2.040634613267e-17      -1.761934714241e-18 
 2467       1.117819662191e-11       3.302234567750e-13      -2.284455719874e-13       0.000000000000e+00       1.571337541384e-16       2.049469500456e-17      -1.769459776974e-18 
 2468       1.113135523476e-11       3.316815577258e-13      -2.255914732696e-13       0.000000000000e+00       1.568708379487e-16       2.058650614293e-17      -1.777744983353e-18 
 2469       1.108460524369e-11       3.331602544162e-13      -2.229066466115e-13       0.000000000000e+00       1.566084623616e-16       2.068197936093e-17      -1.786886580333e-18 
 2470       1.103795830522e-11       3.346584655171e-13      -2.203917311765e-13       0.000000000000e+00       1.563466256749e-16       2.078131509918e-17      -1.796981122278e-18 
 2471       1.099142611272e-11       3.361751060834e-13      -2.180473671801e-13       0.000000000000e+00       1.560853261759e-16       2.088471442639e-17      -1.808125471272e-18 
 2472       1.094502039649e-11       3.377090875511e-13      -2.158741958906e-13       0.000000000000e+00       1.558245621407e-16       2.099237904002e-17      -1.820416797423e-18 
 2473       1.089875292378e-11       3.392593177329e-13      -2.138728596294e-13       0.000000000000e+00       1.555643318346e-16       2.110451126687e-17      -1.833952579182e-18 
 2474       1.085263549883e-11       3.408247008149e-13      -2.120440017723e-13       0.000000000000e+00       1.553046335118e-16       2.122131406375e-17      -1.848830603642e-18 
 2475       1.080667996291e-11       3.424041373527e-13      -2.103882667498e-13       0.000000000000e+00       1.550454654159e-16       2.134299101806e-17      -1.865148966858e-18 
 2476       1.076089819436e-11       3.439965242681e-13      -2.089063000482e-13       0.000000000000e+00       1.547868257793e-16       2.146974634847e-17      -1.883006074148e-18 
 2477       1.071530124083e-11       3.456007876023e-13      -2.075983487119e-13       0.000000000000e+00       1.545287129275e-16       2.160170382119e-17      -1.902471688990e-18 
 2478       1.066989671041e-11       3.472159809975e-13      -2.064630602702e-13       0.000000000000e+00       1.542711255919e-16       2.173866297400e-17      -1.923499892074e-18 
 2479       1.062469136516e-11       3.488411877908e-13      -2.054986767121e-13       0.000000000000e+00       1.540140625989e-16       2.188034145242e-17      -1.946015608333e-18 
 2480       1.057969198754e-11       3.504754883055e-13      -2.047034333327e-13       0.000000000000e+00       1.537575227659e-16       2.202645596227e-17      -1.969943511388e-18 
 2481       1.053490538036e-11       3.521179598493e-13      -2.040755587258e-13       0.000000000000e+00       1.535015049013e-16       2.217672226867e-17      -1.995208023287e-18 
 2482       1.049033836688e-11       3.537676767101e-13      -2.036132747770e-13       0.000000000000e+00       1.532460078043e-16       2.233085519506e-17      -2.021733314247e-18 
 2483       1.044599779076e-11       3.554237101538e-13      -2.033147966566e-13       0.000000000000e+00       1.529910302653e-16       2.248856862231e-17      -2.049443302403e-18 
 2484       1.040189051614e-11       3.570851284205e-13      -2.031783328123e-13       0.000000000000e+00       1.527365710657e-16       2.264957548771e-17      -2.078261653548e-18 
 2485       1.035802342762e-11       3.587509967222e-13      -2.032020849623e-13       0.000000000000e+00       1.524826289776e-16       2.281358778404e-17      -2.108111780876e-18 
 2486       1.031440343028e-11       3.604203772392e-13      -2.033842480884e-13       0.000000000000e+00       1.522292027643e-16       2.298031655860e-17      -2.138916844729e-18 
 2487       1.027103744974e-11       3.620923291171e-13      -2.037230104283e-13       0.000000000000e+00       1.519762911799e-16       2.314947191224e-17      -2.170599752337e-18 
 2488       1.022793243213e-11       3.637659084641e-13      -2.042165534692e-13       0.000000000000e+00       1.517238929694e-16       2.332076299845e-17      -2.203083157564e-18 
 2489       1.018509534415e-11       3.654401683476e-13      -2.048630519402e-13       0.000000000000e+00       1.514720068689e-16       2.349389802235e-17      -2.236289460650e-18 
 2490       1.014253317304e-11       3.671141587912e-13      -2.056606738055e-13       0.000000000000e+00       1.512206316051e-16       2.366858423977e-17      -2.270140807958e-18 
 2491       1.010025292668e-11       3.687869267719e-13      -2.066075802571e-13       0.000000000000e+00       1.509697658958e-16       2.384452795627e-17      -2.304559091712e-18 
 2492       1.005826163351e-11       3.704575162166e-13      -2.077019257080e-13       0.000000000000e+00       1.507194084497e-16       2.402143452619e-17      -2.339465949746e-18 
 2493       1.001656634265e-11       3.721249679993e-13      -2.089418577848e-13       0.000000000000e+00       1.504695579663e-16       2.419900835171e-17      -2.374782765244e-18 
 2494       9.975174123835e-12       3.737883199383e-13      -2.103255173206e-13       0.000000000000e+00       1.502202131358e-16       2.437695288187e-17      -2.410430666487e-18 
 2495       9.934092067496e-12       3.754466067927e-13      -2.118510383482e-13       0.000000000000e+00       1.499713726395e-16       2.455497061162e-17      -2.446330526593e-18 
 2496       9.893327284746e-12       3.770988602595e-13      -2.135165480929e-13       0.000000000000e+00       1.497230351493e-16       2.473276308088e-17      -2.482402963263e-18 
 2497       9.852886907411e-12       3.787441089706e-13      -2.153201669651e-13       0.000000000000e+00       1.494751993283e-16       2.491003087355e-17      -2.518568338524e-18 
 2498       9.812778088051e-12       3.803813784897e-13      -2.172600085538e-13       0.000000000000e+00       1.492278638299e-16       2.508647361659e-17      -2.554746758473e-18 
 2499       9.773007999977e-12       3.820096913094e-13      -2.193341796189e-13       0.000000000000e+00       1.489810272986e-16       2.526178997902e-17      -2.590858073019e-18 
 2500       9.733583837272e-12       3.836280668479e-13      -2.215407800845e-13       0.000000000000e+00       1.487346883697e-16       2.543567767102e-17      -2.626821875629e-18 
 2501       9.694512814812e-12       3.852355214460e-13      -2.238779030315e-13       0.000000000000e+00       1.484888456692e-16       2.560783344292e-17      -2.662557503072e-18 
 2502       9.655802168283e-12       3.868310683641e-13      -2.263436346909e-13       0.000000000000e+00       1.482434978139e-16       2.577795308427e-17      -2.697984035158e-18 
 2503       9.617459154207e-12       3.884137177794e-13      -2.289360544364e-13       0.000000000000e+00       1.479986434113e-16       2.594573142289e-17      -2.733020294487e-18 
 2504       9.579491049955e-12       3.899824767823e-13      -2.316532347774e-13       0.000000000000e+00       1.477542810596e-16       2.611086232387e-17      -2.767584846189e-18 
 2505       9.541905153771e-12       3.915363493737e-13      -2.344932413520e-13       0.000000000000e+00       1.475104093479e-16       2.627303868869e-17      -2.801595997672e-18 
 2506       9.504708784790e-12       3.930743364619e-13      -2.374541329196e-13       0.000000000000e+00       1.472670268558e-16       2.643195245417e-17      -2.834971798360e-18 
 2507       9.467909283061e-12       3.945954358596e-13      -2.405339613543e-13       0.000000000000e+00       1.470241321539e-16       2.658729459160e-17      -2.867630039439e-18 
 2508       9.431514009565e-12       3.960986422808e-13      -2.437307716373e-13       0.000000000000e+00       1.467817238033e-16       2.673875510572e-17      -2.899488253604e-18 
 2509       9.395530346232e-12       3.975829473374e-13      -2.470426018501e-13       0.000000000000e+00       1.465398003557e-16       2.688602303380e-17      -2.930463714797e-18 
 2510       9.359965695968e-12       3.990473395370e-13      -2.504674831675e-13       0.000000000000e+00       1.462983603537e-16       2.702878644467e-17      -2.960473437955e-18 
 2511       9.324827482669e-12       4.004908042787e-13      -2.540034398501e-13       0.000000000000e+00       1.460574023303e-16       2.716673243775e-17      -2.989434178751e-18 
 2512       9.290123151243e-12       4.019123238512e-13      -2.576484892377e-13       0.000000000000e+00       1.458169248095e-16       2.729954714213e-17      -3.017262433338e-18 
 2513       9.255860167631e-12       4.033108774289e-13      -2.614006417418e-13       0.000000000000e+00       1.455769263057e-16       2.742691571557e-17      -3.043874438094e-18 
 2514       9.222046018824e-12       4.046854410691e-13      -2.652579008387e-13       0.000000000000e+00       1.453374053238e-16       2.754852234357e-17      -3.069186169367e-18 
 2515       9.188688212889e-12       4.060349877092e-13      -2.692182630624e-13       0.000000000000e+00       1.450983603598e-16       2.766405023842e-17      -3.093113343212e-18 
 2516       9.155792999525e-12       4.073585937384e-13      -2.732795955241e-13       0.000000000000e+00       1.448597900497e-16       2.777326185616e-17      -3.115590702907e-18 
 2517       9.123361523591e-12       4.086557593975e-13      -2.774392677054e-13       0.000000000000e+00       1.446216936211e-16       2.787624005966e-17      -3.136630004646e-18 
 2518       9.091393649237e-12       4.099260902378e-13      -2.816945175081e-13       0.000000000000e+00       1.443840704449e-16       2.797314835719e-17      -3.156262368798e-18 
 2519       9.059889237319e-12       4.111691907146e-13      -2.860425735233e-13       0.000000000000e+00       1.441469198852e-16       2.806415081249e-17      -3.174519022901e-18 
 2520       9.028848145401e-12       4.123846641854e-13      -2.904806550226e-13       0.000000000000e+00       1.439102412996e-16       2.814941204532e-17      -3.191431301771e-18 
 2521       8.998270227744e-12       4.135721129099e-13      -2.950059719478e-13       0.000000000000e+00       1.436740340391e-16       2.822909723206e-17      -3.207030647608e-18 
 2522       8.968155335308e-12       4.147311380479e-13      -2.996157249024e-13       0.000000000000e+00       1.434382974482e-16       2.830337210621e-17      -3.221348610109e-18 
 2523       8.938503315741e-12       4.158613396592e-13      -3.043071051415e-13       0.000000000000e+00       1.432030308647e-16       2.837240295903e-17      -3.234416846574e-18 
 2524       8.909314013383e-12       4.169623167020e-13      -3.090772945629e-13       0.000000000000e+00       1.429682336199e-16       2.843635664003e-17      -3.246267122018e-18 
 2525       8.880587269253e-12       4.180336670319e-13      -3.139234656973e-13       0.000000000000e+00       1.427339050385e-16       2.849540055760e-17      -3.256931309277e-18 
 2526       8.852322921051e-12       4.190749874011e-13      -3.188427816989e-13       0.000000000000e+00       1.425000444383e-16       2.854970267951e-17      -3.266441389119e-18 
 2527       8.824520803153e-12       4.200858734573e-13      -3.238323963364e-13       0.000000000000e+00       1.422666511310e-16       2.859943153353e-17      -3.274829450354e-18 
 2528       8.797180746602e-12       4.210659197425e-13      -3.288894539832e-13       0.000000000000e+00       1.420337244210e-16       2.864475620794e-17      -3.282127689939e-18 
 2529       8.770302579111e-12       4.220147196922e-13      -3.340110896080e-13       0.000000000000e+00       1.418012636067e-16       2.868584635215e-17      -3.288368413095e-18 
 2530       8.743886125052e-12       4.229318656341e-13      -3.391944287655e-13       0.000000000000e+00       1.415692679794e-16       2.872287217722e-17      -3.293584033406e-18 
 2531       8.717931205456e-12       4.238169487873e-13      -3.444365875870e-13       0.000000000000e+00       1.413377368239e-16       2.875600445643e-17      -3.297807072936e-18 
 2532       8.692437638007e-12       4.246695592612e-13      -3.497346727711e-13       0.000000000000e+00       1.411066694184e-16       2.878541452586e-17      -3.301070162336e-18 
 2533       8.667405237039e-12       4.254892860542e-13      -3.550857815738e-13       0.000000000000e+00       1.408760650343e-16       2.881127428494e-17      -3.303406040950e-18 
 2534       8.642833813530e-12       4.262757170533e-13      -3.604870017998e-13       0.000000000000e+00       1.406459229363e-16       2.883375619703e-17      -3.304847556929e-18 
 2535       8.618723175099e-12       4.270284390323e-13      -3.659354117924e-13       0.000000000000e+00       1.404162423825e-16       2.885303328994e-17      -3.305427667337e-18 
 2536       8.595073126003e-12       4.277470376514e-13      -3.714280804246e-13       0.000000000000e+00       1.401870226243e-16       2.886927915655e-17      -3.305179438261e-18 
 2537       8.571883467127e-12       4.284310974556e-13      -3.769620670893e-13       0.000000000000e+00       1.399582629063e-16       2.888266795534e-17      -3.304136044920e-18 
 2538       8.549153995989e-12       4.290802018743e-13      -3.825344216904e-13       0.000000000000e+00       1.397299624664e-16       2.889337441096e-17      -3.302330771774e-18 
 2539       8.526884506727e-12       4.296939332197e-13      -3.881421846326e-13       0.000000000000e+00       1.395021205359e-16       2.890157381480e-17      -3.299797012632e-18 
 2540       8.505074790100e-12       4.302718726861e-13      -3.937823868128e-13       0.000000000000e+00       1.392747363391e-16       2.890744202552e-17      -3.296568270766e-18 
 2541       8.483724633482e-12       4.308136003486e-13      -3.994520496102e-13       0.000000000000e+00       1.390478090938e-16       2.891115546966e-17      -3.292678159013e-18 
 2542       8.462833820858e-12       4.313186951625e-13      -4.051481848770e-13       0.000000000000e+00       1.388213380110e-16       2.891289114220e-17      -3.288160399890e-18 
 2543       8.442402132820e-12       4.317867349617e-13      -4.108677949291e-13       0.000000000000e+00       1.385953222948e-16       2.891282660707e-17      -3.283048825699e-18 
 2544       8.422429346561e-12       4.322172964580e-13      -4.166078725365e-13       0.000000000000e+00       1.383697611426e-16       2.891113999778e-17      -3.277377378638e-18 
 2545       8.402915235873e-12       4.326099552403e-13      -4.223654009140e-13       0.000000000000e+00       1.381446537452e-16       2.890801001793e-17      -3.271180110912e-18 
 2546       8.383859571142e-12       4.329642857728e-13      -4.281373537118e-13       0.000000000000e+00       1.379199992864e-16       2.890361594181e-17      -3.264491184838e-18 
 2547       8.365262119345e-12       4.332798613949e-13      -4.339206950059e-13       0.000000000000e+00       1.376957969431e-16       2.889813761494e-17      -3.257344872958e-18 
 2548       8.347122644041e-12       4.335562543194e-13      -4.397123792890e-13       0.000000000000e+00       1.374720458858e-16       2.889175545466e-17      -3.249775558144e-18 
 2549       8.329440905374e-12       4.337930356320e-13      -4.455093514610e-13       0.000000000000e+00       1.372487452778e-16       2.888465045067e-17      -3.241817733713e-18 
 2550       8.312216660062e-12       4.339897752899e-13      -4.513085468193e-13       0.000000000000e+00       1.370258942758e-16       2.887700416557e-17      -3.233506003529e-18 
 2551       8.295449661397e-12       4.341460421209e-13      -4.571068910496e-13       0.000000000000e+00       1.368034920295e-16       2.886899873549e-17      -3.224875082119e-18 
 2552       8.279139659240e-12       4.342614038224e-13      -4.629013002167e-13       0.000000000000e+00       1.365815376819e-16       2.886081687061e-17      -3.215959794776e-18 
 2553       8.263286400014e-12       4.343354269604e-13      -4.686886807547e-13       0.000000000000e+00       1.363600303692e-16       2.885264185571e-17      -3.206795077673e-18 
 2554       8.247889626703e-12       4.343676769683e-13      -4.744659294577e-13       0.000000000000e+00       1.361389692205e-16       2.884465755077e-17      -3.197415977969e-18 
 2555       8.232948164621e-12       4.343578295109e-13      -4.802301026315e-13       0.000000000000e+00       1.359183533082e-16       2.883701067762e-17      -3.187850046902e-18 
 2556       8.218457172992e-12       4.343060052760e-13      -4.859789246254e-13       0.000000000000e+00       1.356981814965e-16       2.882969744271e-17      -3.178094471201e-18 
 2557       8.204410877612e-12       4.342124370993e-13      -4.917102821961e-13       0.000000000000e+00       1.354784525922e-16       2.882267626571e-17      -3.168138810828e-18 
 2558       8.190803483619e-12       4.340773587749e-13      -4.974220556048e-13       0.000000000000e+00       1.352591653937e-16       2.881590543422e-17      -3.157972594062e-18 
 2559       8.177629175474e-12       4.339010050565e-13      -5.031121186112e-13       0.000000000000e+00       1.350403186920e-16       2.880934310364e-17      -3.147585317468e-18 
 2560       8.164882116940e-12       4.336836116580e-13      -5.087783384672e-13       0.000000000000e+00       1.348219112701e-16       2.880294729710e-17      -3.136966445867e-18 
 2561       8.152556451062e-12       4.334254152550e-13      -5.144185759104e-13       0.000000000000e+00       1.346039419031e-16       2.879667590525e-17      -3.126105412305e-18 
 2562       8.140646300143e-12       4.331266534852e-13      -5.200306851581e-13       0.000000000000e+00       1.343864093583e-16       2.879048668617e-17      -3.114991618024e-18 
 2563       8.129145765726e-12       4.327875649500e-13      -5.256125139005e-13       0.000000000000e+00       1.341693123950e-16       2.878433726526e-17      -3.103614432428e-18 
 2564       8.118048928571e-12       4.324083892153e-13      -5.311619032950e-13       0.000000000000e+00       1.339526497647e-16       2.877818513507e-17      -3.091963193056e-18 
 2565       8.107349848636e-12       4.319893668124e-13      -5.366766879593e-13       0.000000000000e+00       1.337364202112e-16       2.877198765520e-17      -3.080027205548e-18 
 2566       8.097042565053e-12       4.315307392391e-13      -5.421546959657e-13       0.000000000000e+00       1.335206224699e-16       2.876570205214e-17      -3.067795743618e-18 
 2567       8.087121096110e-12       4.310327489606e-13      -5.475937488342e-13       0.000000000000e+00       1.333052552688e-16       2.875928541917e-17      -3.055258049019e-18 
 2568       8.077579439228e-12       4.304956394108e-13      -5.529916615267e-13       0.000000000000e+00       1.330903173277e-16       2.875269471622e-17      -3.042403331516e-18 
 2569       8.068411570939e-12       4.299196549932e-13      -5.583462424402e-13       0.000000000000e+00       1.328758073586e-16       2.874588676974e-17      -3.029220768853e-18 
 2570       8.059611446870e-12       4.293050410814e-13      -5.636552934011e-13       0.000000000000e+00       1.326617240653e-16       2.873881827256e-17      -3.015699506726e-18 
 2571       8.051173001714e-12       4.286520440211e-13      -5.689166096583e-13       0.000000000000e+00       1.324480661439e-16       2.873144578378e-17      -3.001828658746e-18 
 2572       8.043090149217e-12       4.279609111301e-13      -5.741279798773e-13       0.000000000000e+00       1.322348322826e-16       2.872372572863e-17      -2.987597306415e-18 
 2573       8.035356782151e-12       4.272318907001e-13      -5.792871861337e-13       0.000000000000e+00       1.320220211613e-16       2.871561439833e-17      -2.972994499091e-18 
 2574       8.027966772295e-12       4.264652319972e-13      -5.843920039069e-13       0.000000000000e+00       1.318096314522e-16       2.870706794998e-17      -2.958009253958e-18 
 2575       8.020913970417e-12       4.256611852632e-13      -5.894402020739e-13       0.000000000000e+00       1.315976618194e-16       2.869804240642e-17      -2.942630555997e-18 
 2576       8.014192206248e-12       4.248200017164e-13      -5.944295429030e-13       0.000000000000e+00       1.313861109192e-16       2.868849365610e-17      -2.926847357955e-18 
 2577       8.007795288462e-12       4.239419335529e-13      -5.993577820473e-13       0.000000000000e+00       1.311749773994e-16       2.867837745293e-17      -2.910648580314e-18 
 2578       8.001717004659e-12       4.230272339471e-13      -6.042226685386e-13       0.000000000000e+00       1.309642599004e-16       2.866764941622e-17      -2.894023111257e-18 
 2579       7.995951121337e-12       4.220761570534e-13      -6.090219447809e-13       0.000000000000e+00       1.307539570541e-16       2.865626503045e-17      -2.876959806644e-18 
 2580       7.990491383880e-12       4.210889580067e-13      -6.137533465445e-13       0.000000000000e+00       1.305440674845e-16       2.864417964523e-17      -2.859447489976e-18 
 2581       7.985331516527e-12       4.200658929235e-13      -6.184146029591e-13       0.000000000000e+00       1.303345898078e-16       2.863134847512e-17      -2.841474952367e-18 
 2582       7.980465222358e-12       4.190072189030e-13      -6.230034365080e-13       0.000000000000e+00       1.301255226318e-16       2.861772659949e-17      -2.823030952511e-18 
 2583       7.975886183272e-12       4.179131940282e-13      -6.275175630215e-13       0.000000000000e+00       1.299168645563e-16       2.860326896245e-17      -2.804104216654e-18 
 2584       7.971588059962e-12       4.167840773667e-13      -6.319546916707e-13       0.000000000000e+00       1.297086141733e-16       2.858793037266e-17      -2.784683438563e-18 
 2585       7.967564491898e-12       4.156201289718e-13      -6.363125249614e-13       0.000000000000e+00       1.295007700663e-16       2.857166550323e-17      -2.764757279493e-18 
 2586       7.963809097305e-12       4.144216098835e-13      -6.405887587272e-13       0.000000000000e+00       1.292933308111e-16       2.855442889159e-17      -2.744314368158e-18 
 2587       7.960315473142e-12       4.131887821297e-13      -6.447810821238e-13       0.000000000000e+00       1.290862949752e-16       2.853617493934e-17      -2.723343300700e-18 
 2588       7.957077195078e-12       4.119219087268e-13      -6.488871776226e-13       0.000000000000e+00       1.288796611179e-16       2.851685791215e-17      -2.701832640660e-18 
 2589       7.954087817476e-12       4.106212536810e-13      -6.529047210041e-13       0.000000000000e+00       1.286734277906e-16       2.849643193959e-17      -2.679770918944e-18 
 2590       7.951340873368e-12       4.092870819896e-13      -6.568313813517e-13       0.000000000000e+00       1.284675935365e-16       2.847485101506e-17      -2.657146633795e-18 
 2591       7.948829874436e-12       4.079196596411e-13      -6.606648210457e-13       0.000000000000e+00       1.282621568904e-16       2.845206899560e-17      -2.633948250763e-18 
 2592       7.946548310990e-12       4.065192536173e-13      -6.644026957566e-13       0.000000000000e+00       1.280571163795e-16       2.842803960178e-17      -2.610164202670e-18 
 2593       7.944489651947e-12       4.050861318934e-13      -6.680426544388e-13       0.000000000000e+00       1.278524705223e-16       2.840271641761e-17      -2.585782889584e-18 
 2594       7.942647221048e-12       4.036206212589e-13      -6.715826560061e-13       0.000000000000e+00       1.276482179830e-16       2.837606957272e-17      -2.560801988155e-18 
 2595       7.941013824778e-12       4.021232811317e-13      -6.750219213219e-13       0.000000000000e+00       1.274443580329e-16       2.834813589241e-17      -2.535256437105e-18 
 2596       7.939582122304e-12       4.005947307269e-13      -6.783599865703e-13       0.000000000000e+00       1.272408900912e-16       2.831896903045e-17      -2.509190609660e-18 
 2597       7.938344749023e-12       3.990355913289e-13      -6.815963870621e-13       0.000000000000e+00       1.270378135718e-16       2.828862281263e-17      -2.482649018662e-18 
 2598       7.937294316537e-12       3.974464862932e-13      -6.847306572340e-13       0.000000000000e+00       1.268351278833e-16       2.825715123690e-17      -2.455676316705e-18 
 2599       7.936423412632e-12       3.958280410487e-13      -6.877623306483e-13       0.000000000000e+00       1.266328324289e-16       2.822460847355e-17      -2.428317296270e-18 
 2600       7.935724601254e-12       3.941808830995e-13      -6.906909399918e-13       0.000000000000e+00       1.264309266065e-16       2.819104886537e-17      -2.400616889862e-18 
 2601       7.935190422486e-12       3.925056420270e-13      -6.935160170753e-13       0.000000000000e+00       1.262294098084e-16       2.815652692781e-17      -2.372620170142e-18 
 2602       7.934813392524e-12       3.908029494922e-13      -6.962370928331e-13       0.000000000000e+00       1.260282814217e-16       2.812109734915e-17      -2.344372350065e-18 
 2603       7.934586003656e-12       3.890734392373e-13      -6.988536973223e-13       0.000000000000e+00       1.258275408282e-16       2.808481499071e-17      -2.315918783017e-18 
 2604       7.934500724234e-12       3.873177470881e-13      -7.013653597218e-13       0.000000000000e+00       1.256271874041e-16       2.804773488693e-17      -2.287304962943e-18 
 2605       7.934549998656e-12       3.855365109560e-13      -7.037716083323e-13       0.000000000000e+00       1.254272205202e-16       2.800991224564e-17      -2.258576524491e-18 
 2606       7.934726247339e-12       3.837303708397e-13      -7.060719705747e-13       0.000000000000e+00       1.252276395422e-16       2.797140244814e-17      -2.229779243142e-18 
 2607       7.935021866699e-12       3.818999688279e-13      -7.082659729906e-13       0.000000000000e+00       1.250284438301e-16       2.793226104942e-17      -2.200959035346e-18 
 2608       7.935429229124e-12       3.800459491005e-13      -7.103531412405e-13       0.000000000000e+00       1.248296327384e-16       2.789254377832e-17      -2.172161958661e-18 
 2609       7.935940682954e-12       3.781689579315e-13      -7.123330001040e-13       0.000000000000e+00       1.246312056165e-16       2.785230653767e-17      -2.143434211882e-18 
 2610       7.936548552457e-12       3.762696436903e-13      -7.142050734786e-13       0.000000000000e+00       1.244331618081e-16       2.781160540450e-17      -2.114822135181e-18 
 2611       7.937245137803e-12       3.743486568442e-13      -7.159688843795e-13       0.000000000000e+00       1.242355006515e-16       2.777049663016e-17      -2.086372210241e-18 
 2612       7.938022715044e-12       3.724066499603e-13      -7.176239549383e-13       0.000000000000e+00       1.240382214798e-16       2.772903664054e-17      -2.058131060391e-18 
 2613       7.938873536091e-12       3.704442777077e-13      -7.191698064030e-13       0.000000000000e+00       1.238413236202e-16       2.768728203619e-17      -2.030145450742e-18 
 2614       7.939789828687e-12       3.684621968593e-13      -7.206059591372e-13       0.000000000000e+00       1.236448063948e-16       2.764528959253e-17      -2.002462288321e-18 
 2615       7.940763796388e-12       3.664610662937e-13      -7.219319326189e-13       0.000000000000e+00       1.234486691202e-16       2.760311625996e-17      -1.975128622208e-18 
 2616       7.941787618537e-12       3.644415469978e-13      -7.231472454406e-13       0.000000000000e+00       1.232529111073e-16       2.756081916411e-17      -1.948191643670e-18 
 2617       7.942853450243e-12       3.624043020685e-13      -7.242514153080e-13       0.000000000000e+00       1.230575316618e-16       2.751845560592e-17      -1.921698686297e-18 
 2618       7.943953422354e-12       3.603499967146e-13      -7.252439590400e-13       0.000000000000e+00       1.228625300837e-16       2.747608306188e-17      -1.895697226137e-18 
 2619       7.945079641437e-12       3.582792982591e-13      -7.261243925673e-13       0.000000000000e+00       1.226679056676e-16       2.743375918414e-17      -1.870234881831e-18 
 2620       7.946224189756e-12       3.561928761412e-13      -7.268922309323e-13       0.000000000000e+00       1.224736577026e-16       2.739154180074e-17      -1.845359414748e-18 
 2621       7.947379125244e-12       3.540914019181e-13      -7.275469882883e-13       0.000000000000e+00       1.222797854723e-16       2.734948891569e-17      -1.821118729124e-18 
 2622       7.948536481482e-12       3.519755492674e-13      -7.280881778986e-13       0.000000000000e+00       1.220862882548e-16       2.730765870925e-17      -1.797560872189e-18 
 2623       7.949688267680e-12       3.498459939891e-13      -7.285153121361e-13       0.000000000000e+00       1.218931653226e-16       2.726610953799e-17      -1.774734034314e-18 
 2624       7.950826468644e-12       3.477034140071e-13      -7.288279024827e-13       0.000000000000e+00       1.217004159427e-16       2.722489993502e-17      -1.752686549133e-18 
 2625       7.951943044764e-12       3.455484893722e-13      -7.290254595284e-13       0.000000000000e+00       1.215080393767e-16       2.718408861016e-17      -1.731466893691e-18 
 2626       7.953029931982e-12       3.433819022631e-13      -7.291074929707e-13       0.000000000000e+00       1.213160348806e-16       2.714373445006e-17      -1.711123688570e-18 
 2627       7.954079041774e-12       3.412043369892e-13      -7.290735116142e-13       0.000000000000e+00       1.211244017046e-16       2.710389651843e-17      -1.691705698029e-18 
 2628       7.955082261122e-12       3.390164799924e-13      -7.289230233694e-13       0.000000000000e+00       1.209331390937e-16       2.706463405615e-17      -1.673261830138e-18 
 2629       7.956031452497e-12       3.368190198490e-13      -7.286555352527e-13       0.000000000000e+00       1.207422462872e-16       2.702600648147e-17      -1.655841136913e-18 
 2630       7.956918453830e-12       3.346126472720e-13      -7.282705533852e-13       0.000000000000e+00       1.205517225189e-16       2.698807339018e-17      -1.639492814452e-18 
 2631       7.957735078492e-12       3.323980551130e-13      -7.277675829924e-13       0.000000000000e+00       1.203615670168e-16       2.695089455576e-17      -1.624266203069e-18 
 2632       7.958473115269e-12       3.301759383641e-13      -7.271461284032e-13       0.000000000000e+00       1.201717790036e-16       2.691452992957e-17      -1.610210787431e-18 
 2633       7.959124918439e-12       3.279469785565e-13      -7.264059648565e-13       0.000000000000e+00       1.199823577139e-16       2.687902150888e-17      -1.597355222343e-18 
 2634       7.959685181628e-12       3.257117968554e-13      -7.255479555721e-13       0.000000000000e+00       1.197933024471e-16       2.684433883069e-17      -1.585644282372e-18 
 2635       7.960149173770e-12       3.234710007085e-13      -7.245732392226e-13       0.000000000000e+00       1.196046125147e-16       2.681043317508e-17      -1.575001561831e-18 
 2636       7.960512149898e-12       3.212251994272e-13      -7.234829585431e-13       0.000000000000e+00       1.194162872231e-16       2.677725566970e-17      -1.565350417049e-18 
 2637       7.960769351122e-12       3.189750041887e-13      -7.222782603355e-13       0.000000000000e+00       1.192283258734e-16       2.674475728961e-17      -1.556613966149e-18 
 2638       7.960916004623e-12       3.167210280377e-13      -7.209602954722e-13       0.000000000000e+00       1.190407277614e-16       2.671288885712e-17      -1.548715088818e-18 
 2639       7.960947323638e-12       3.144638858884e-13      -7.195302189007e-13       0.000000000000e+00       1.188534921774e-16       2.668160104163e-17      -1.541576426082e-18 
 2640       7.960858507445e-12       3.122041945258e-13      -7.179891896469e-13       0.000000000000e+00       1.186666184068e-16       2.665084435953e-17      -1.535120380071e-18 
 2641       7.960644741351e-12       3.099425726079e-13      -7.163383708199e-13       0.000000000000e+00       1.184801057292e-16       2.662056917401e-17      -1.529269113803e-18 
 2642       7.960301196681e-12       3.076796406673e-13      -7.145789296153e-13       0.000000000000e+00       1.182939534193e-16       2.659072569493e-17      -1.523944550945e-18 
 2643       7.959823030762e-12       3.054160211129e-13      -7.127120373199e-13       0.000000000000e+00       1.181081607462e-16       2.656126397868e-17      -1.519068375593e-18 
 2644       7.959205386912e-12       3.031523382319e-13      -7.107388693155e-13       0.000000000000e+00       1.179227269739e-16       2.653213392804e-17      -1.514562032041e-18 
 2645       7.958443394425e-12       3.008892181912e-13      -7.086606050826e-13       0.000000000000e+00       1.177376513607e-16       2.650328529200e-17      -1.510346724553e-18 
 2646       7.957532168561e-12       2.986272890397e-13      -7.064784282051e-13       0.000000000000e+00       1.175529331598e-16       2.647466766565e-17      -1.506343417140e-18 
 2647       7.956466810530e-12       2.963671807096e-13      -7.041935263738e-13       0.000000000000e+00       1.173685716192e-16       2.644623049002e-17      -1.502472833326e-18 
 2648       7.955242407479e-12       2.941095250183e-13      -7.018070913907e-13       0.000000000000e+00       1.171845659813e-16       2.641792305193e-17      -1.498655455923e-18 
 2649       7.953854032482e-12       2.918549556703e-13      -6.993203191730e-13       0.000000000000e+00       1.170009154831e-16       2.638969448385e-17      -1.494811526805e-18 
 2650       7.952296744524e-12       2.896041082590e-13      -6.967344097570e-13       0.000000000000e+00       1.168176193564e-16       2.636149376374e-17      -1.490861046680e-18 
 2651       7.950565588490e-12       2.873576202680e-13      -6.940505673025e-13       0.000000000000e+00       1.166346768276e-16       2.633326971495e-17      -1.486723774860e-18 
 2652       7.948655595147e-12       2.851161310738e-13      -6.912700000964e-13       0.000000000000e+00       1.164520871176e-16       2.630497100601e-17      -1.482319229034e-18 
 2653       7.946561781140e-12       2.828802819464e-13      -6.883939205571e-13       0.000000000000e+00       1.162698494420e-16       2.627654615051e-17      -1.477566685044e-18 
 2654       7.944279148971e-12       2.806507160521e-13      -6.854235452382e-13       0.000000000000e+00       1.160879630109e-16       2.624794350699e-17      -1.472385176652e-18 
 2655       7.941802686989e-12       2.784280784546e-13      -6.823600948330e-13       0.000000000000e+00       1.159064270292e-16       2.621911127872e-17      -1.466693495317e-18 
 2656       7.939127369376e-12       2.762130161173e-13      -6.792047941782e-13       0.000000000000e+00       1.157252406963e-16       2.618999751364e-17      -1.460410189964e-18 
 2657       7.936248156136e-12       2.740061779044e-13      -6.759588722580e-13       0.000000000000e+00       1.155444032060e-16       2.616055010413e-17      -1.453453566759e-18 
 2658       7.933159993079e-12       2.718082145835e-13      -6.726235622081e-13       0.000000000000e+00       1.153639137470e-16       2.613071678693e-17      -1.445741688879e-18 
 2659       7.929857811812e-12       2.696197788267e-13      -6.692001013199e-13       0.000000000000e+00       1.151837715022e-16       2.610044514295e-17      -1.437192376287e-18 
 2660       7.926336529721e-12       2.674415252125e-13      -6.656897310445e-13       0.000000000000e+00       1.150039756495e-16       2.606968259716e-17      -1.427723205501e-18 
 2661       7.922591049962e-12       2.652741102279e-13      -6.620936969966e-13       0.000000000000e+00       1.148245253611e-16       2.603837641841e-17      -1.417251509370e-18 
 2662       7.918616261445e-12       2.631181922699e-13      -6.584132489588e-13       0.000000000000e+00       1.146454198036e-16       2.600647371930e-17      -1.405694376844e-18 
 2663       7.914407038823e-12       2.609744316473e-13      -6.546496408853e-13       0.000000000000e+00       1.144666581386e-16       2.597392145604e-17      -1.392968652748e-18 
 2664       7.909958242478e-12       2.588434905825e-13      -6.508041309063e-13       0.000000000000e+00       1.142882395218e-16       2.594066642830e-17      -1.378990937552e-18 
 2665       7.905264718510e-12       2.567260332132e-13      -6.468779813317e-13       0.000000000000e+00       1.141101631037e-16       2.590665527906e-17      -1.363677587147e-18 
 2666       7.900321298720e-12       2.546227255944e-13      -6.428724586556e-13       0.000000000000e+00       1.139324280292e-16       2.587183449445e-17      -1.346944712613e-18 
 2667       7.895122800599e-12       2.525342356999e-13      -6.387888335597e-13       0.000000000000e+00       1.137550334377e-16       2.583615040363e-17      -1.328708179995e-18 
 2668       7.889664027318e-12       2.504612334241e-13      -6.346283809181e-13       0.000000000000e+00       1.135779784634e-16       2.579954917865e-17      -1.308883610073e-18 
 2669       7.883939767708e-12       2.484043905841e-13      -6.303923798006e-13       0.000000000000e+00       1.134012622346e-16       2.576197683424e-17      -1.287386378138e-18 
 2670       7.877944796254e-12       2.463643809211e-13      -6.260821134773e-13       0.000000000000e+00       1.132248838743e-16       2.572337922777e-17      -1.264131613758e-18 
 2671       7.871673873078e-12       2.443418801023e-13      -6.216988694224e-13       0.000000000000e+00       1.130488425001e-16       2.568370205900e-17      -1.239034200558e-18 
 2672       7.865122608009e-12       2.423374992223e-13      -6.172440322204e-13       0.000000000000e+00       1.128731372372e-16       2.564289896926e-17      -1.212039537128e-18 
 2673       7.858290057990e-12       2.403515849061e-13      -6.127193628331e-13       0.000000000000e+00       1.126977672582e-16       2.560095588756e-17      -1.183216004416e-18 
 2674       7.851176143882e-12       2.383844181142e-13      -6.081267208710e-13       0.000000000000e+00       1.125227317439e-16       2.555786681761e-17      -1.152663004663e-18 
 2675       7.843780787673e-12       2.364362805439e-13      -6.034679718364e-13       0.000000000000e+00       1.123480298695e-16       2.551362575063e-17      -1.120480246571e-18 
 2676       7.836103912483e-12       2.345074546301e-13      -5.987449871283e-13       0.000000000000e+00       1.121736608050e-16       2.546822666540e-17      -1.086767745590e-18 
 2677       7.828145442560e-12       2.325982235459e-13      -5.939596440484e-13       0.000000000000e+00       1.119996237153e-16       2.542166352821e-17      -1.051625824215e-18 
 2678       7.819905303289e-12       2.307088712034e-13      -5.891138258065e-13       0.000000000000e+00       1.118259177597e-16       2.537393029283e-17      -1.015155112266e-18 
 2679       7.811383421185e-12       2.288396822540e-13      -5.842094215265e-13       0.000000000000e+00       1.116525420924e-16       2.532502090055e-17      -9.774565471831e-19 
 2680       7.802579723904e-12       2.269909420896e-13      -5.792483262515e-13       0.000000000000e+00       1.114794958622e-16       2.527492928015e-17      -9.386313743151e-19 
 2681       7.793494140235e-12       2.251629368426e-13      -5.742324409496e-13       0.000000000000e+00       1.113067782125e-16       2.522364934788e-17      -8.987811472066e-19 
 2682       7.784126600108e-12       2.233559533871e-13      -5.691636725196e-13       0.000000000000e+00       1.111343882815e-16       2.517117500745e-17      -8.580077278886e-19 
 2683       7.774477034592e-12       2.215702793392e-13      -5.640439337965e-13       0.000000000000e+00       1.109623252021e-16       2.511750015003e-17      -8.164132871679e-19 
 2684       7.764545375900e-12       2.198062030581e-13      -5.588751435572e-13       0.000000000000e+00       1.107905881015e-16       2.506261865425e-17      -7.741003049155e-19 
 2685       7.754331557385e-12       2.180640136461e-13      -5.536592265261e-13       0.000000000000e+00       1.106191761021e-16       2.500652438615e-17      -7.311715703566e-19 
 2686       7.743835513547e-12       2.163440009498e-13      -5.483981133803e-13       0.000000000000e+00       1.104480883204e-16       2.494921119923e-17      -6.877301823591e-19 
 2687       7.733057180031e-12       2.146464555605e-13      -5.430937407560e-13       0.000000000000e+00       1.102773238680e-16       2.489067293438e-17      -6.438795497235e-19 
 2688       7.721996493631e-12       2.129716688150e-13      -5.377480512534e-13       0.000000000000e+00       1.101068818509e-16       2.483090341991e-17      -5.997233914717e-19 
 2689       7.710653392290e-12       2.113199327962e-13      -5.323629934425e-13       0.000000000000e+00       1.099367613697e-16       2.476989647152e-17      -5.553657371362e-19 
 2690       7.699027815099e-12       2.096915403335e-13      -5.269405218690e-13       0.000000000000e+00       1.097669615196e-16       2.470764589230e-17      -5.109109270497e-19 
 2691       7.687119702304e-12       2.080867850039e-13      -5.214825970594e-13       0.000000000000e+00       1.095974813906e-16       2.464414547272e-17      -4.664636126337e-19 
 2692       7.674928995303e-12       2.065059611325e-13      -5.159911855271e-13       0.000000000000e+00       1.094283200672e-16       2.457938899062e-17      -4.221287566885e-19 
 2693       7.662455636649e-12       2.049493637928e-13      -5.104682597777e-13       0.000000000000e+00       1.092594766285e-16       2.451337021118e-17      -3.780116336815e-19 
 2694       7.649699570053e-12       2.034172888079e-13      -5.049157983146e-13       0.000000000000e+00       1.090909501481e-16       2.444608288694e-17      -3.342178300373e-19 
 2695       7.636660740382e-12       2.019100327509e-13      -4.993357856447e-13       0.000000000000e+00       1.089227396944e-16       2.437752075777e-17      -2.908532444264e-19 
 2696       7.623339093663e-12       2.004278929454e-13      -4.937302122841e-13       0.000000000000e+00       1.087548443303e-16       2.430767755089e-17      -2.480240880544e-19 
 2697       7.609734577085e-12       1.989711674665e-13      -4.881010747634e-13       0.000000000000e+00       1.085872631131e-16       2.423654698079e-17      -2.058368849516e-19 
 2698       7.595847138997e-12       1.975401551411e-13      -4.824503756338e-13       0.000000000000e+00       1.084199950948e-16       2.416412274932e-17      -1.643984722617e-19 
 2699       7.581676728914e-12       1.961351555487e-13      -4.767801234720e-13       0.000000000000e+00       1.082530393222e-16       2.409039854559e-17      -1.238160005316e-19 
 2700       7.567223297516e-12       1.947564690224e-13      -4.710923328866e-13       0.000000000000e+00       1.080863948363e-16       2.401536804602e-17      -8.419693400006e-20 
 2701       7.552486796647e-12       1.934043966488e-13      -4.653890245230e-13       0.000000000000e+00       1.079200606728e-16       2.393902491428e-17      -4.564905088724e-20 
 2702       7.537467179324e-12       1.920792402694e-13      -4.596722250695e-13       0.000000000000e+00       1.077540358620e-16       2.386136280133e-17      -8.280443683888e-21 
 2703       7.522164399729e-12       1.907813024808e-13      -4.539439672626e-13       0.000000000000e+00       1.075883194287e-16       2.378237534539e-17       2.780048055953e-20 
 2704       7.506578413219e-12       1.895108866355e-13      -4.482062898929e-13       0.000000000000e+00       1.074229103922e-16       2.370205617190e-17       6.248499994355e-20 
 2705       7.490709176320e-12       1.882682968427e-13      -4.424612378103e-13       0.000000000000e+00       1.072578077663e-16       2.362039889356e-17       9.566407743052e-20 
 2706       7.474556646736e-12       1.870538379685e-13      -4.367108619299e-13       0.000000000000e+00       1.070930105594e-16       2.353739711030e-17       1.272283605554e-19 
 2707       7.458120783343e-12       1.858678156372e-13      -4.309572192377e-13       0.000000000000e+00       1.069285177745e-16       2.345304440925e-17       1.570681811364e-19 
 2708       7.441401546196e-12       1.847105362314e-13      -4.252023727957e-13       0.000000000000e+00       1.067643284089e-16       2.336733436475e-17       1.850735549861e-19 
 2709       7.424398896528e-12       1.835823068929e-13      -4.194483917483e-13       0.000000000000e+00       1.066004414545e-16       2.328026053835e-17       2.111341816219e-19 
 2710       7.407112796752e-12       1.824834355235e-13      -4.136973513270e-13       0.000000000000e+00       1.064368558978e-16       2.319181647878e-17       2.351394439768e-19 
 2711       7.389543850335e-12       1.814141573638e-13      -4.079512320463e-13       0.000000000000e+00       1.062735708468e-16       2.310199930824e-17       2.570122641164e-19 
 2712       7.371695225189e-12       1.803744142975e-13      -4.022116166831e-13       0.000000000000e+00       1.061105859129e-16       2.301082050245e-17       2.768108707817e-19 
 2713       7.353570740673e-12       1.793640743563e-13      -3.964799916711e-13       0.000000000000e+00       1.059479008314e-16       2.291829516881e-17       2.946275810049e-19 
 2714       7.335174228676e-12       1.783830050328e-13      -3.907578477668e-13       0.000000000000e+00       1.057855153341e-16       2.282443846545e-17       3.105549942935e-19 
 2715       7.316509533627e-12       1.774310732799e-13      -3.850466800537e-13       0.000000000000e+00       1.056234291495e-16       2.272926560129e-17       3.246859928927e-19 
 2716       7.297580512511e-12       1.765081455102e-13      -3.793479879455e-13       0.000000000000e+00       1.054616420031e-16       2.263279183606e-17       3.371137420497e-19 
 2717       7.278391034877e-12       1.756140875954e-13      -3.736632751910e-13       0.000000000000e+00       1.053001536168e-16       2.253503248035e-17       3.479316902765e-19 
 2718       7.258944982853e-12       1.747487648657e-13      -3.679940498772e-13       0.000000000000e+00       1.051389637095e-16       2.243600289569e-17       3.572335696133e-19 
 2719       7.239246251155e-12       1.739120421097e-13      -3.623418244339e-13       0.000000000000e+00       1.049780719965e-16       2.233571849458e-17       3.651133958921e-19 
 2720       7.219298747100e-12       1.731037835733e-13      -3.567081156373e-13       0.000000000000e+00       1.048174781900e-16       2.223419474053e-17       3.716654689999e-19 
 2721       7.199106390619e-12       1.723238529594e-13      -3.510944446139e-13       0.000000000000e+00       1.046571819989e-16       2.213144714811e-17       3.769843731421e-19 
 2722       7.178673114269e-12       1.715721134275e-13      -3.455023368450e-13       0.000000000000e+00       1.044971831288e-16       2.202749128301e-17       3.811649771059e-19 
 2723       7.158002863243e-12       1.708484275927e-13      -3.399333221699e-13       0.000000000000e+00       1.043374812819e-16       2.192234276211e-17       3.843024345235e-19 
 2724       7.137099595382e-12       1.701526575258e-13      -3.343889347905e-13       0.000000000000e+00       1.041780761571e-16       2.181601725346e-17       3.864921841359e-19 
 2725       7.115967281190e-12       1.694846647521e-13      -3.288707132748e-13       0.000000000000e+00       1.040189674501e-16       2.170853047639e-17       3.878299500556e-19 
 2726       7.094609903842e-12       1.688443102516e-13      -3.233802005612e-13       0.000000000000e+00       1.038601548532e-16       2.159989820154e-17       3.884117420306e-19 
 2727       7.073031459199e-12       1.682314544575e-13      -3.179189439623e-13       0.000000000000e+00       1.037016380553e-16       2.149013625092e-17       3.883338557074e-19 
 2728       7.051235955818e-12       1.676459572565e-13      -3.124884951687e-13       0.000000000000e+00       1.035434167422e-16       2.137926049792e-17       3.876928728946e-19 
 2729       7.029227414965e-12       1.670876779879e-13      -3.070904102534e-13       0.000000000000e+00       1.033854905961e-16       2.126728686740e-17       3.865856618258e-19 
 2730       7.007009870624e-12       1.665564754431e-13      -3.017262496752e-13       0.000000000000e+00       1.032278592960e-16       2.115423133573e-17       3.851093774237e-19 
 2731       6.984587369516e-12       1.660522078651e-13      -2.963975782833e-13       0.000000000000e+00       1.030705225177e-16       2.104010993081e-17       3.833614615628e-19 
 2732       6.961963971103e-12       1.655747329476e-13      -2.911059653205e-13       0.000000000000e+00       1.029134799334e-16       2.092493873216e-17       3.814396433332e-19 
 2733       6.939143747603e-12       1.651239078352e-13      -2.858529844279e-13       0.000000000000e+00       1.027567312120e-16       2.080873387094e-17       3.794419393036e-19 
 2734       6.916130784003e-12       1.646995891222e-13      -2.806402136484e-13       0.000000000000e+00       1.026002760192e-16       2.069151153002e-17       3.774666537850e-19 
 2735       6.892929178071e-12       1.643016328522e-13      -2.754692354308e-13       0.000000000000e+00       1.024441140172e-16       2.057328794401e-17       3.756123790939e-19 
 2736       6.869543040365e-12       1.639298945178e-13      -2.703416366336e-13       0.000000000000e+00       1.022882448650e-16       2.045407939929e-17       3.739779958158e-19 
 2737       6.845976494248e-12       1.635842290599e-13      -2.652590085294e-13       0.000000000000e+00       1.021326682181e-16       2.033390223413e-17       3.726626730682e-19 
 2738       6.822233675899e-12       1.632644908669e-13      -2.602229468082e-13       0.000000000000e+00       1.019773837286e-16       2.021277283865e-17       3.717658687645e-19 
 2739       6.798318734323e-12       1.629705337746e-13      -2.552350515821e-13       0.000000000000e+00       1.018223910454e-16       2.009070765493e-17       3.713873298769e-19 
 2740       6.774235831367e-12       1.627022110656e-13      -2.502969273886e-13       0.000000000000e+00       1.016676898138e-16       1.996772317704e-17       3.716270927001e-19 
 2741       6.749989141728e-12       1.624593754683e-13      -2.454101831950e-13       0.000000000000e+00       1.015132796760e-16       1.984383595108e-17       3.725854831144e-19 
 2742       6.725582852966e-12       1.622418791568e-13      -2.405764324020e-13       0.000000000000e+00       1.013591602706e-16       1.971906257524e-17       3.743631168493e-19 
 2743       6.701021165517e-12       1.620495737503e-13      -2.357972928481e-13       0.000000000000e+00       1.012053312328e-16       1.959341969985e-17       3.770608997467e-19 
 2744       6.676308292706e-12       1.618823103125e-13      -2.310743868131e-13       0.000000000000e+00       1.010517921946e-16       1.946692402741e-17       3.807800280243e-19 
 2745       6.651448460753e-12       1.617399393508e-13      -2.264093410225e-13       0.000000000000e+00       1.008985427844e-16       1.933959231266e-17       3.856219885390e-19 
 2746       6.626445908793e-12       1.616223108164e-13      -2.218037866509e-13       0.000000000000e+00       1.007455826273e-16       1.921144136262e-17       3.916885590504e-19 
 2747       6.601304888882e-12       1.615292741029e-13      -2.172593593267e-13       0.000000000000e+00       1.005929113451e-16       1.908248803664e-17       3.990818084837e-19 
 2748       6.576029666011e-12       1.614606780465e-13      -2.127776991353e-13       0.000000000000e+00       1.004405285561e-16       1.895274924644e-17       4.079040971938e-19 
 2749       6.550624518119e-12       1.614163709252e-13      -2.083604506237e-13       0.000000000000e+00       1.002884338750e-16       1.882224195617e-17       4.182580772279e-19 
 2750       6.525093850920e-12       1.613961595955e-13      -2.040090566005e-13       0.000000000000e+00       1.001366268386e-16       1.869098867662e-17       4.302169174080e-19 
 2751       6.499442543042e-12       1.613996866668e-13      -1.997241383308e-13       0.000000000000e+00       9.998510668048e-17       1.855903397967e-17       4.437348048129e-19 
 2752       6.473675602749e-12       1.614265526722e-13      -1.955061120488e-13       0.000000000000e+00       9.983387255486e-17       1.842642807190e-17       4.587359672075e-19 
 2753       6.447798053308e-12       1.614763568702e-13      -1.913553948618e-13       0.000000000000e+00       9.968292361121e-17       1.829322130852e-17       4.751444047291e-19 
 2754       6.421814933001e-12       1.615486972432e-13      -1.872724047517e-13       0.000000000000e+00       9.953225899427e-17       1.815946419350e-17       4.928838896788e-19 
 2755       6.395731295137e-12       1.616431704972e-13      -1.832575605745e-13       0.000000000000e+00       9.938187784402e-17       1.802520737974e-17       5.118779663127e-19 
 2756       6.369552208068e-12       1.617593720597e-13      -1.793112820622e-13       0.000000000000e+00       9.923177929571e-17       1.789050166918e-17       5.320499506325e-19 
 2757       6.343282755203e-12       1.618968960791e-13      -1.754339898227e-13       0.000000000000e+00       9.908196247982e-17       1.775539801295e-17       5.533229301769e-19 
 2758       6.316928035019e-12       1.620553354230e-13      -1.716261053407e-13       0.000000000000e+00       9.893242652209e-17       1.761994751150e-17       5.756197638128e-19 
 2759       6.290493161079e-12       1.622342816776e-13      -1.678880509784e-13       0.000000000000e+00       9.878317054348e-17       1.748420141471e-17       5.988630815259e-19 
 2760       6.263983262040e-12       1.624333251462e-13      -1.642202499762e-13       0.000000000000e+00       9.863419366018e-17       1.734821112207e-17       6.229752842122e-19 
 2761       6.237403481674e-12       1.626520548477e-13      -1.606231264536e-13       0.000000000000e+00       9.848549498363e-17       1.721202818281e-17       6.478785434690e-19 
 2762       6.210758978874e-12       1.628900585160e-13      -1.570971054094e-13       0.000000000000e+00       9.833707362047e-17       1.707570429598e-17       6.734948013858e-19 
 2763       6.184054927673e-12       1.631469225985e-13      -1.536426127227e-13       0.000000000000e+00       9.818892867254e-17       1.693929131067e-17       6.997457703354e-19 
 2764       6.157296517258e-12       1.634222322548e-13      -1.502600751536e-13       0.000000000000e+00       9.804105923693e-17       1.680284122607e-17       7.265529327651e-19 
 2765       6.130488951978e-12       1.637155713558e-13      -1.469499203440e-13       0.000000000000e+00       9.789346440590e-17       1.666640619166e-17       7.538375409879e-19 
 2766       6.103637451365e-12       1.640265224823e-13      -1.437125768178e-13       0.000000000000e+00       9.774614326693e-17       1.653003850732e-17       7.815206169731e-19 
 2767       6.076747250143e-12       1.643546669238e-13      -1.405484739822e-13       0.000000000000e+00       9.759909490269e-17       1.639379062345e-17       8.095229521377e-19 
 2768       6.049823598243e-12       1.646995846774e-13      -1.374580421279e-13       0.000000000000e+00       9.745231839104e-17       1.625771514114e-17       8.377651071377e-19 
 2769       6.022871760818e-12       1.650608544467e-13      -1.344417124302e-13       0.000000000000e+00       9.730581280502e-17       1.612186481231e-17       8.661674116586e-19 
 2770       5.995897018255e-12       1.654380536403e-13      -1.314999169491e-13       0.000000000000e+00       9.715957721286e-17       1.598629253980e-17       8.946499642070e-19 
 2771       5.968904666189e-12       1.658307583709e-13      -1.286330886309e-13       0.000000000000e+00       9.701361067794e-17       1.585105137754e-17       9.231326319011e-19 
 2772       5.941900015517e-12       1.662385434540e-13      -1.258416613079e-13       0.000000000000e+00       9.686791225884e-17       1.571619453068e-17       9.515350502626e-19 
 2773       5.914888392412e-12       1.666609824067e-13      -1.231260696997e-13       0.000000000000e+00       9.672248100929e-17       1.558177535571e-17       9.797766230069e-19 
 2774       5.887875138338e-12       1.670976474465e-13      -1.204867494138e-13       0.000000000000e+00       9.657731597817e-17       1.544784736065e-17       1.007776521835e-18 
 2775       5.860865610059e-12       1.675481094902e-13      -1.179241369462e-13       0.000000000000e+00       9.643241620954e-17       1.531446420509e-17       1.035453686223e-18 
 2776       5.833865179660e-12       1.680119381524e-13      -1.154386696820e-13       0.000000000000e+00       9.628778074257e-17       1.518167970043e-17       1.062726823216e-18 
 2777       5.806879234554e-12       1.684887017450e-13      -1.130307858962e-13       0.000000000000e+00       9.614340861161e-17       1.504954780993e-17       1.089514407216e-18 
 2778       5.779913177499e-12       1.689779672750e-13      -1.107009247545e-13       0.000000000000e+00       9.599929884613e-17       1.491812264891e-17       1.115734679776e-18 
 2779       5.752972426612e-12       1.694793004443e-13      -1.084495263139e-13       0.000000000000e+00       9.585545047073e-17       1.478745848483e-17       1.141305649388e-18 
 2780       5.726062415381e-12       1.699922656478e-13      -1.062770315231e-13       0.000000000000e+00       9.571186250515e-17       1.465760973749e-17       1.166145091276e-18 
 2781       5.699188592680e-12       1.705164259727e-13      -1.041838822238e-13       0.000000000000e+00       9.556853396425e-17       1.452863097909e-17       1.190170547187e-18 
 2782       5.672356422784e-12       1.710513431969e-13      -1.021705211507e-13       0.000000000000e+00       9.542546385800e-17       1.440057693443e-17       1.213299325182e-18 
 2783       5.645571385379e-12       1.715965777881e-13      -1.002373919327e-13       0.000000000000e+00       9.528265119148e-17       1.427350248102e-17       1.235448499425e-18 
 2784       5.618838975578e-12       1.721516889023e-13      -9.838493909340e-14       0.000000000000e+00       9.514009496491e-17       1.414746264921e-17       1.256534909979e-18 
 2785       5.592164703936e-12       1.727162343832e-13      -9.661360805179e-14       0.000000000000e+00       9.499779417356e-17       1.402251262233e-17       1.276475162592e-18 
 2786       5.565554096463e-12       1.732897707602e-13      -9.492384512293e-14       0.000000000000e+00       9.485574780784e-17       1.389870773683e-17       1.295185628490e-18 
 2787       5.539012694633e-12       1.738718532479e-13      -9.331609751865e-14       0.000000000000e+00       9.471395485323e-17       1.377610348242e-17       1.312582444167e-18 
 2788       5.512546055407e-12       1.744620357446e-13      -9.179081334827e-14       0.000000000000e+00       9.457241429030e-17       1.365475550218e-17       1.328581511181e-18 
 2789       5.486159390128e-12       1.750598773581e-13      -9.034825690339e-14       0.000000000000e+00       9.443112523823e-17       1.353471535301e-17       1.343121067554e-18 
 2790       5.459856479131e-12       1.756649620237e-13      -8.898795345138e-14       0.000000000000e+00       9.429008738616e-17       1.341601776216e-17       1.356229531908e-18 
 2791       5.433640751466e-12       1.762768789870e-13      -8.770924152787e-14       0.000000000000e+00       9.414930056410e-17       1.329869330404e-17       1.367958015169e-18 
 2792       5.407515645494e-12       1.768952162850e-13      -8.651145738567e-14       0.000000000000e+00       9.400876459957e-17       1.318277263393e-17       1.378357781442e-18 
 2793       5.381484608901e-12       1.775195607451e-13      -8.539393499263e-14       0.000000000000e+00       9.386847931765e-17       1.306828648805e-17       1.387480248150e-18 
 2794       5.355551098702e-12       1.781494979839e-13      -8.435600602944e-14       0.000000000000e+00       9.372844454094e-17       1.295526568363e-17       1.395376986176e-18 
 2795       5.329718581251e-12       1.787846124062e-13      -8.339699988749e-14       0.000000000000e+00       9.358866008960e-17       1.284374111899e-17       1.402099719998e-18 
 2796       5.303990532249e-12       1.794244872039e-13      -8.251624366672e-14       0.000000000000e+00       9.344912578127e-17       1.273374377360e-17       1.407700327835e-18 
 2797       5.278370436752e-12       1.800687043549e-13      -8.171306217343e-14       0.000000000000e+00       9.330984143116e-17       1.262530470816e-17       1.412230841776e-18 
 2798       5.252861789177e-12       1.807168446218e-13      -8.098677791817e-14       0.000000000000e+00       9.317080685198e-17       1.251845506466e-17       1.415743447929e-18 
 2799       5.227468093316e-12       1.813684875514e-13      -8.033671111351e-14       0.000000000000e+00       9.303202185394e-17       1.241322606644e-17       1.418290486555e-18 
 2800       5.202192862338e-12       1.820232114728e-13      -7.976217967193e-14       0.000000000000e+00       9.289348624481e-17       1.230964901831e-17       1.419924452208e-18 
 2801       5.177039618800e-12       1.826805934969e-13      -7.926249920366e-14       0.000000000000e+00       9.275519982985e-17       1.220775530655e-17       1.420697993873e-18 
 2802       5.152011894654e-12       1.833402095152e-13      -7.883698301449e-14       0.000000000000e+00       9.261716241181e-17       1.210757639904e-17       1.420663915109e-18 
 2803       5.127113231257e-12       1.840016341986e-13      -7.848494210362e-14       0.000000000000e+00       9.247937379099e-17       1.200914384529e-17       1.419875174185e-18 
 2804       5.102347179379e-12       1.846644409963e-13      -7.820568516152e-14       0.000000000000e+00       9.234183376516e-17       1.191248927654e-17       1.418384884219e-18 
 2805       5.077717299207e-12       1.853282021347e-13      -7.799851856776e-14       0.000000000000e+00       9.220454212960e-17       1.181764440580e-17       1.416246313318e-18 
 2806       5.053227160361e-12       1.859924886165e-13      -7.786274638880e-14       0.000000000000e+00       9.206749867710e-17       1.172464102796e-17       1.413512884717e-18 
 2807       5.028880341894e-12       1.866568702194e-13      -7.779767037593e-14       0.000000000000e+00       9.193070319793e-17       1.163351101981e-17       1.410238176921e-18 
 2808       5.004680432304e-12       1.873209154951e-13      -7.780258996302e-14       0.000000000000e+00       9.179415547986e-17       1.154428634016e-17       1.406475923838e-18 
 2809       4.980631029544e-12       1.879841917683e-13      -7.787680226438e-14       0.000000000000e+00       9.165785530816e-17       1.145699902988e-17       1.402280014923e-18 
 2810       4.956735741027e-12       1.886462651353e-13      -7.801960207265e-14       0.000000000000e+00       9.152180246556e-17       1.137168121198e-17       1.397704495316e-18 
 2811       4.932998183635e-12       1.893067004632e-13      -7.823028185657e-14       0.000000000000e+00       9.138599673230e-17       1.128836509167e-17       1.392803565982e-18 
 2812       4.909421983727e-12       1.899650613887e-13      -7.850813175885e-14       0.000000000000e+00       9.125043788608e-17       1.120708295644e-17       1.387631583847e-18 
 2813       4.886010777148e-12       1.906209103172e-13      -7.885243959404e-14       0.000000000000e+00       9.111512570209e-17       1.112786717614e-17       1.382243061941e-18 
 2814       4.862768209239e-12       1.912738084213e-13      -7.926249084630e-14       0.000000000000e+00       9.098005995300e-17       1.105075020303e-17       1.376692669534e-18 
 2815       4.839697934838e-12       1.919233156400e-13      -7.973756866730e-14       0.000000000000e+00       9.084524040895e-17       1.097576457187e-17       1.371035232278e-18 
 2816       4.816803618298e-12       1.925689906777e-13      -8.027695387404e-14       0.000000000000e+00       9.071066683752e-17       1.090294289997e-17       1.365325732344e-18 
 2817       4.794088933488e-12       1.932103910027e-13      -8.087992494669e-14       0.000000000000e+00       9.057633900380e-17       1.083231788727e-17       1.359619308563e-18 
 2818       4.771557563804e-12       1.938470728467e-13      -8.154575802640e-14       0.000000000000e+00       9.044225667032e-17       1.076392231642e-17       1.353971256563e-18 
 2819       4.749213202175e-12       1.944785912032e-13      -8.227372691319e-14       0.000000000000e+00       9.030841959708e-17       1.069778905283e-17       1.348437028909e-18 
 2820       4.727059551074e-12       1.951044998265e-13      -8.306310306377e-14       0.000000000000e+00       9.017482754151e-17       1.063395104476e-17       1.343072235243e-18 
 2821       4.705100322527e-12       1.957243512308e-13      -8.391315558937e-14       0.000000000000e+00       9.004148025853e-17       1.057244132337e-17       1.337932642423e-18 
 2822       4.683339238115e-12       1.963376966891e-13      -8.482315125357e-14       0.000000000000e+00       8.990837750050e-17       1.051329300282e-17       1.333074174662e-18 
 2823       4.661780028989e-12       1.969440862319e-13      -8.579235447017e-14       0.000000000000e+00       8.977551901721e-17       1.045653928031e-17       1.328552913666e-18 
 2824       4.640426435874e-12       1.975430686462e-13      -8.682002730102e-14       0.000000000000e+00       8.964290455593e-17       1.040221343615e-17       1.324425098774e-18 
 2825       4.619282209081e-12       1.981341914746e-13      -8.790542945384e-14       0.000000000000e+00       8.951053386134e-17       1.035034883388e-17       1.320747127098e-18 
 2826       4.598351108510e-12       1.987170010138e-13      -8.904781828007e-14       0.000000000000e+00       8.937840667557e-17       1.030097892026e-17       1.317575553661e-18 
 2827       4.577636903662e-12       1.992910423140e-13      -9.024644877273e-14       0.000000000000e+00       8.924652273821e-17       1.025413722542e-17       1.314967091537e-18 
 2828       4.557142807299e-12       1.998559005587e-13      -9.150050026202e-14       0.000000000000e+00       8.911488172270e-17       1.020983013289e-17       1.312964726608e-18 
 2829       4.536869773211e-12       2.004113254420e-13      -9.280885609191e-14       0.000000000000e+00       8.898348304535e-17       1.016795503571e-17       1.311555983002e-18 
 2830       4.516818189649e-12       2.009571074335e-13      -9.417032279825e-14       0.000000000000e+00       8.885232605538e-17       1.012838175663e-17       1.310714441801e-18 
 2831       4.496988444873e-12       2.014930364549e-13      -9.558370330411e-14       0.000000000000e+00       8.872141009833e-17       1.009097973927e-17       1.310413606726e-18 
 2832       4.477380927149e-12       2.020189018794e-13      -9.704779691653e-14       0.000000000000e+00       8.859073451609e-17       1.005561804778e-17       1.310626904064e-18 
 2833       4.457996024751e-12       2.025344925317e-13      -9.856139932321e-14       0.000000000000e+00       8.846029864690e-17       1.002216536649e-17       1.311327682602e-18 
 2834       4.438834125963e-12       2.030395966868e-13      -1.001233025893e-13       0.000000000000e+00       8.833010182531e-17       9.990489999587e-18       1.312489213558e-18 
 2835       4.419895619070e-12       2.035340020704e-13      -1.017322951542e-13       0.000000000000e+00       8.820014338221e-17       9.960459870771e-18       1.314084690510e-18 
 2836       4.401180892369e-12       2.040174958576e-13      -1.033871618280e-13       0.000000000000e+00       8.807042264483e-17       9.931942522914e-18       1.316087229327e-18 
 2837       4.382690334160e-12       2.044898646731e-13      -1.050866837887e-13       0.000000000000e+00       8.794093893671e-17       9.904805117724e-18       1.318469868103e-18 
 2838       4.364424332750e-12       2.049508945901e-13      -1.068296385786e-13       0.000000000000e+00       8.781169157769e-17       9.878914435409e-18       1.321205567083e-18 
 2839       4.346383276449e-12       2.054003711305e-13      -1.086148001011e-13       0.000000000000e+00       8.768267988395e-17       9.854136874335e-18       1.324267208598e-18 
 2840       4.328567553576e-12       2.058380792639e-13      -1.104409386175e-13       0.000000000000e+00       8.755390316797e-17       9.830338450692e-18       1.327627596993e-18 
 2841       4.310977552450e-12       2.062638034073e-13      -1.123068207436e-13       0.000000000000e+00       8.742536073855e-17       9.807384798153e-18       1.331259458561e-18 
 2842       4.293613661400e-12       2.066773274249e-13      -1.142112094468e-13       0.000000000000e+00       8.729705190076e-17       9.785141167536e-18       1.335135441472e-18 
 2843       4.276476268754e-12       2.070784346270e-13      -1.161528640425e-13       0.000000000000e+00       8.716897595600e-17       9.763472426467e-18       1.339228115701e-18 
 2844       4.259565762847e-12       2.074669077702e-13      -1.181305401907e-13       0.000000000000e+00       8.704113220195e-17       9.742243059042e-18       1.343509972967e-18 
 2845       4.242882532015e-12       2.078425290566e-13      -1.201429898933e-13       0.000000000000e+00       8.691351993258e-17       9.721317165489e-18       1.347953426654e-18 
 2846       4.226426964600e-12       2.082050801332e-13      -1.221889614903e-13       0.000000000000e+00       8.678613843816e-17       9.700558461827e-18       1.352530811749e-18 
 2847       4.210199448944e-12       2.085543420918e-13      -1.242671996568e-13       0.000000000000e+00       8.665898700523e-17       9.679830279531e-18       1.357214384771e-18 
 2848       4.194200373393e-12       2.088900954683e-13      -1.263764453999e-13       0.000000000000e+00       8.653206491661e-17       9.658995565195e-18       1.361976323701e-18 
 2849       4.178430126295e-12       2.092121202421e-13      -1.285154360549e-13       0.000000000000e+00       8.640537145140e-17       9.637916880189e-18       1.366788727912e-18 
 2850       4.162889095999e-12       2.095201958360e-13      -1.306829052826e-13       0.000000000000e+00       8.627890588497e-17       9.616456400325e-18       1.371623618103e-18 
 2851       4.147577670856e-12       2.098141011154e-13      -1.328775830657e-13       0.000000000000e+00       8.615266748895e-17       9.594475915519e-18       1.376452936228e-18 
 2852       4.132496239218e-12       2.100936143878e-13      -1.350981957057e-13       0.000000000000e+00       8.602665553125e-17       9.571836829448e-18       1.381248545425e-18 
 2853       4.117645189438e-12       2.103585134029e-13      -1.373434658196e-13       0.000000000000e+00       8.590086927602e-17       9.548400159219e-18       1.385982229953e-18 
 2854       4.103024909870e-12       2.106085753513e-13      -1.396121123367e-13       0.000000000000e+00       8.577530798369e-17       9.524026535026e-18       1.390625695115e-18 
 2855       4.088635788866e-12       2.108435768645e-13      -1.419028504950e-13       0.000000000000e+00       8.564997091091e-17       9.498576199812e-18       1.395150567194e-18 
 2856       4.074478214781e-12       2.110632940146e-13      -1.442143918386e-13       0.000000000000e+00       8.552485731061e-17       9.471909008934e-18       1.399528393383e-18 
 2857       4.060552575967e-12       2.112675023135e-13      -1.465454442139e-13       0.000000000000e+00       8.539996643195e-17       9.443884429821e-18       1.403730641715e-18 
 2858       4.046859260776e-12       2.114559767122e-13      -1.488947117662e-13       0.000000000000e+00       8.527529752031e-17       9.414361541640e-18       1.407728700996e-18 
 2859       4.033398657558e-12       2.116284916012e-13      -1.512608949373e-13       0.000000000000e+00       8.515084981735e-17       9.383199034954e-18       1.411493880731e-18 
 2860       4.020171154664e-12       2.117848208090e-13      -1.536426904611e-13       0.000000000000e+00       8.502662256093e-17       9.350255211385e-18       1.414997411061e-18 
 2861       4.007177140440e-12       2.119247376024e-13      -1.560387913614e-13       0.000000000000e+00       8.490261498515e-17       9.315387983279e-18       1.418210442691e-18 
 2862       3.994417003232e-12       2.120480146857e-13      -1.584478869478e-13       0.000000000000e+00       8.477882632033e-17       9.278454873364e-18       1.421104046818e-18 
 2863       3.981891131383e-12       2.121544242001e-13      -1.608686628130e-13       0.000000000000e+00       8.465525579301e-17       9.239313014411e-18       1.423649215070e-18 
 2864       3.969599913233e-12       2.122437377237e-13      -1.632998008291e-13       0.000000000000e+00       8.453190262595e-17       9.197819148902e-18       1.425816859426e-18 
 2865       3.957543737118e-12       2.123157262705e-13      -1.657399791450e-13       0.000000000000e+00       8.440876603813e-17       9.153829628686e-18       1.427577812157e-18 
 2866       3.945722991372e-12       2.123701602901e-13      -1.681878721822e-13       0.000000000000e+00       8.428584524473e-17       9.107200414642e-18       1.428902825750e-18 
 2867       3.934137626808e-12       2.124068584270e-13      -1.706422067801e-13       0.000000000000e+00       8.416313954541e-17       9.057839079245e-18       1.429769075803e-18 
 2868       3.922785841726e-12       2.124258340696e-13      -1.731019309485e-13       0.000000000000e+00       8.404064858960e-17       9.005861105140e-18       1.430179706123e-18 
 2869       3.911665390189e-12       2.124271495485e-13      -1.755660459702e-13       0.000000000000e+00       8.391837211256e-17       8.951434384326e-18       1.430144383332e-18 
 2870       3.900774018921e-12       2.124108674458e-13      -1.780335503294e-13       0.000000000000e+00       8.379630984723e-17       8.894727288186e-18       1.429672803001e-18 
 2871       3.890109467299e-12       2.123770505947e-13      -1.805034397090e-13       0.000000000000e+00       8.367446152422e-17       8.835908667908e-18       1.428774689677e-18 
 2872       3.879669467348e-12       2.123257620798e-13      -1.829747069883e-13       0.000000000000e+00       8.355282687178e-17       8.775147854912e-18       1.427459796906e-18 
 2873       3.869451743737e-12       2.122570652380e-13      -1.854463422407e-13       0.000000000000e+00       8.343140561587e-17       8.712614661261e-18       1.425737907261e-18 
 2874       3.859454013766e-12       2.121710236580e-13      -1.879173327309e-13       0.000000000000e+00       8.331019748008e-17       8.648479380091e-18       1.423618832369e-18 
 2875       3.849673987365e-12       2.120677011807e-13      -1.903866629126e-13       0.000000000000e+00       8.318920218568e-17       8.582912786026e-18       1.421112412932e-18 
 2876       3.840109367083e-12       2.119471618999e-13      -1.928533144264e-13       0.000000000000e+00       8.306841945157e-17       8.516086135603e-18       1.418228518758e-18 
 2877       3.830757848085e-12       2.118094701619e-13      -1.953162660968e-13       0.000000000000e+00       8.294784899434e-17       8.448171167688e-18       1.414977048784e-18 
 2878       3.821617118143e-12       2.116546905662e-13      -1.977744939301e-13       0.000000000000e+00       8.282749052822e-17       8.379340103900e-18       1.411367931102e-18 
 2879       3.812684857629e-12       2.114828879657e-13      -2.002269711120e-13       0.000000000000e+00       8.270734376507e-17       8.309765649033e-18       1.407411122987e-18 
 2880       3.803958739510e-12       2.112941274665e-13      -2.026726680050e-13       0.000000000000e+00       8.258740841442e-17       8.239620991472e-18       1.403116610919e-18 
 2881       3.795436429342e-12       2.110884744287e-13      -2.051105521459e-13       0.000000000000e+00       8.246768418345e-17       8.169079803620e-18       1.398494410611e-18 
 2882       3.787115585258e-12       2.108659944664e-13      -2.075395882436e-13       0.000000000000e+00       8.234817077695e-17       8.098316242313e-18       1.393554567036e-18 
 2883       3.778993857967e-12       2.106267534479e-13      -2.099587381766e-13       0.000000000000e+00       8.222886789739e-17       8.027504949246e-18       1.388307154451e-18 
 2884       3.771068890747e-12       2.103708174961e-13      -2.123669609903e-13       0.000000000000e+00       8.210977524485e-17       7.956821051388e-18       1.382762276422e-18 
 2885       3.763338319434e-12       2.100982529883e-13      -2.147632128948e-13       0.000000000000e+00       8.199089251705e-17       7.886440161410e-18       1.376930065852e-18 
 2886       3.755799772418e-12       2.098091265572e-13      -2.171464472625e-13       0.000000000000e+00       8.187221940935e-17       7.816538378097e-18       1.370820685006e-18 
 2887       3.748450870637e-12       2.095035050905e-13      -2.195156146255e-13       0.000000000000e+00       8.175375561472e-17       7.747292286779e-18       1.364444325536e-18 
 2888       3.741289227570e-12       2.091814557313e-13      -2.218696626732e-13       0.000000000000e+00       8.163550082378e-17       7.678878959743e-18       1.357811208508e-18 
 2889       3.734312449229e-12       2.088430458785e-13      -2.242075362500e-13       0.000000000000e+00       8.151745472476e-17       7.611475956659e-18       1.350931584426e-18 
 2890       3.727518134152e-12       2.084883431870e-13      -2.265281773526e-13       0.000000000000e+00       8.139961700351e-17       7.545261324997e-18       1.343815733262e-18 
 2891       3.720903873400e-12       2.081174155678e-13      -2.288305251278e-13       0.000000000000e+00       8.128198734351e-17       7.480413600453e-18       1.336473964474e-18 
 2892       3.714467250544e-12       2.077303311882e-13      -2.311135158700e-13       0.000000000000e+00       8.116456542585e-17       7.417111807364e-18       1.328916617041e-18 
 2893       3.708205841664e-12       2.073271584723e-13      -2.333760830186e-13       0.000000000000e+00       8.104735092923e-17       7.355535459133e-18       1.321154059482e-18 
 2894       3.702117215341e-12       2.069079661011e-13      -2.356171571558e-13       0.000000000000e+00       8.093034352997e-17       7.295864558648e-18       1.313196689885e-18 
 2895       3.696198932648e-12       2.064728230128e-13      -2.378356660040e-13       0.000000000000e+00       8.081354290198e-17       7.238279598704e-18       1.305054935932e-18 
 2896       3.690448547143e-12       2.060217984029e-13      -2.400305344234e-13       0.000000000000e+00       8.069694871680e-17       7.182961562421e-18       1.296739254924e-18 
 2897       3.684863604869e-12       2.055549617244e-13      -2.422006844095e-13       0.000000000000e+00       8.058056064356e-17       7.130091923670e-18       1.288260133808e-18 
 2898       3.679441644337e-12       2.050723826884e-13      -2.443450350909e-13       0.000000000000e+00       8.046437834900e-17       7.079852647486e-18       1.279628089203e-18 
 2899       3.674180196529e-12       2.045741312640e-13      -2.464625027265e-13       0.000000000000e+00       8.034840149743e-17       7.032426190498e-18       1.270853667425e-18 
 2900       3.669076784882e-12       2.040602776786e-13      -2.485520007033e-13       0.000000000000e+00       8.023262975080e-17       6.987995501344e-18       1.261947444512e-18 
 2901       3.664128925291e-12       2.035308924184e-13      -2.506124395338e-13       0.000000000000e+00       8.011706276861e-17       6.946744021090e-18       1.252920026251e-18 
 2902       3.659334126094e-12       2.029860462282e-13      -2.526427268540e-13       0.000000000000e+00       8.000170020798e-17       6.908855683659e-18       1.243782048204e-18 
 2903       3.654689888072e-12       2.024258101119e-13      -2.546417674203e-13       0.000000000000e+00       7.988654172360e-17       6.874514916242e-18       1.234544175734e-18 
 2904       3.650193704435e-12       2.018502553328e-13      -2.566084631074e-13       0.000000000000e+00       7.977158696776e-17       6.843906639726e-18       1.225217104028e-18 
 2905       3.645843060822e-12       2.012594534138e-13      -2.585417129059e-13       0.000000000000e+00       7.965683559032e-17       6.817216269113e-18       1.215811558128e-18 
 2906       3.641635333948e-12       2.006535036843e-13      -2.604405355728e-13       0.000000000000e+00       7.954228723584e-17       6.794567486156e-18       1.206336994297e-18 
 2907       3.637567487012e-12       2.000326160729e-13      -2.623044382629e-13       0.000000000000e+00       7.942794153485e-17       6.775835213821e-18       1.196797696936e-18 
 2908       3.633636372743e-12       1.993970287327e-13      -2.641330497502e-13       0.000000000000e+00       7.931379811254e-17       6.760831700078e-18       1.187196662050e-18 
 2909       3.629838834589e-12       1.987469805327e-13      -2.659259979433e-13       0.000000000000e+00       7.919985659163e-17       6.749368659603e-18       1.177536894124e-18 
 2910       3.626171706718e-12       1.980827110587e-13      -2.676829098845e-13       0.000000000000e+00       7.908611659234e-17       6.741257273320e-18       1.167821406128e-18 
 2911       3.622631814004e-12       1.974044606139e-13      -2.694034117491e-13       0.000000000000e+00       7.897257773243e-17       6.736308187935e-18       1.158053219524e-18 
 2912       3.619215972017e-12       1.967124702193e-13      -2.710871288448e-13       0.000000000000e+00       7.885923962715e-17       6.734331515477e-18       1.148235364277e-18 
 2913       3.615920987022e-12       1.960069816147e-13      -2.727336856110e-13       0.000000000000e+00       7.874610188930e-17       6.735136832829e-18       1.138370878859e-18 
 2914       3.612743655965e-12       1.952882372590e-13      -2.743427056178e-13       0.000000000000e+00       7.863316412916e-17       6.738533181269e-18       1.128462810258e-18 
 2915       3.609680766467e-12       1.945564803310e-13      -2.759138115659e-13       0.000000000000e+00       7.852042595452e-17       6.744329066006e-18       1.118514213984e-18 
 2916       3.606729096813e-12       1.938119547300e-13      -2.774466252853e-13       0.000000000000e+00       7.840788697071e-17       6.752332455716e-18       1.108528154079e-18 
 2917       3.603885415950e-12       1.930549050765e-13      -2.789407677349e-13       0.000000000000e+00       7.829554678052e-17       6.762350782081e-18       1.098507703119e-18 
 2918       3.601146483472e-12       1.922855767127e-13      -2.803958590018e-13       0.000000000000e+00       7.818340498426e-17       6.774190939323e-18       1.088455942228e-18 
 2919       3.598509049618e-12       1.915042157032e-13      -2.818115183006e-13       0.000000000000e+00       7.807146117974e-17       6.787659283741e-18       1.078375961082e-18 
 2920       3.595969855258e-12       1.907110688356e-13      -2.831873639726e-13       0.000000000000e+00       7.795971496227e-17       6.802561633253e-18       1.068270857914e-18 
 2921       3.593525631890e-12       1.899063836212e-13      -2.845230134850e-13       0.000000000000e+00       7.784816592463e-17       6.818703266924e-18       1.058143739527e-18 
 2922       3.591173101626e-12       1.890904082956e-13      -2.858180834307e-13       0.000000000000e+00       7.773681365712e-17       6.835888924511e-18       1.047997721296e-18 
 2923       3.588908977192e-12       1.882633918195e-13      -2.870721895271e-13       0.000000000000e+00       7.762565774750e-17       6.853922805997e-18       1.037835927179e-18 
 2924       3.586729961912e-12       1.874255838787e-13      -2.882849466154e-13       0.000000000000e+00       7.751469778103e-17       6.872608571125e-18       1.027661489723e-18 
 2925       3.584632749703e-12       1.865772348857e-13      -2.894559686604e-13       0.000000000000e+00       7.740393334046e-17       6.891749338941e-18       1.017477550068e-18 
 2926       3.582614025069e-12       1.857185959795e-13      -2.905848687491e-13       0.000000000000e+00       7.729336400599e-17       6.911147687323e-18       1.007287257963e-18 
 2927       3.580670463089e-12       1.848499190267e-13      -2.916712590908e-13       0.000000000000e+00       7.718298935534e-17       6.930605652526e-18       9.970937717644e-19 
 2928       3.578798729412e-12       1.839714566220e-13      -2.927147510155e-13       0.000000000000e+00       7.707280896365e-17       6.949924728712e-18       9.869002584475e-19 
 2929       3.576995480245e-12       1.830834620886e-13      -2.937149549741e-13       0.000000000000e+00       7.696282240359e-17       6.968905867493e-18       9.767098936137e-19 
 2930       3.575257362349e-12       1.821861894794e-13      -2.946714805369e-13       0.000000000000e+00       7.685302924525e-17       6.987349477462e-18       9.665258614974e-19 
 2931       3.573581013030e-12       1.812798935771e-13      -2.955839363936e-13       0.000000000000e+00       7.674342905621e-17       7.005055423733e-18       9.563513549733e-19 
 2932       3.571963060128e-12       1.803648298950e-13      -2.964519303521e-13       0.000000000000e+00       7.663402140152e-17       7.021823027480e-18       9.461895755637e-19 
 2933       3.570400122013e-12       1.794412546777e-13      -2.972750693380e-13       0.000000000000e+00       7.652480584367e-17       7.037451065468e-18       9.360437334462e-19 
 2934       3.568888807571e-12       1.785094249017e-13      -2.980529593940e-13       0.000000000000e+00       7.641578194262e-17       7.051737769596e-18       9.259170474605e-19 
 2935       3.567425716204e-12       1.775695982759e-13      -2.987852056789e-13       0.000000000000e+00       7.630694925579e-17       7.064480826429e-18       9.158127451165e-19 
 2936       3.566007437815e-12       1.766220332425e-13      -2.994714124672e-13       0.000000000000e+00       7.619830733805e-17       7.075477376737e-18       9.057340626010e-19 
 2937       3.564630552801e-12       1.756669889774e-13      -3.001111831482e-13       0.000000000000e+00       7.608985574172e-17       7.084524015035e-18       8.956842447850e-19 
 2938       3.563291632049e-12       1.747047253910e-13      -3.007041202256e-13       0.000000000000e+00       7.598159401655e-17       7.091416789112e-18       8.856665452319e-19 
 2939       3.561987236923e-12       1.737355031287e-13      -3.012498253164e-13       0.000000000000e+00       7.587352170977e-17       7.095951199576e-18       8.756842262038e-19 
 2940       3.560713919258e-12       1.727595835715e-13      -3.017478991503e-13       0.000000000000e+00       7.576563836603e-17       7.097922199386e-18       8.657405586694e-19 
 2941       3.559468221351e-12       1.717772288367e-13      -3.021979415694e-13       0.000000000000e+00       7.565794352743e-17       7.097124193391e-18       8.558388223114e-19 
 2942       3.558246675956e-12       1.707887017788e-13      -3.025995515270e-13       0.000000000000e+00       7.555043673348e-17       7.093351037865e-18       8.459823055337e-19 
 2943       3.557045806270e-12       1.697942659895e-13      -3.029523270870e-13       0.000000000000e+00       7.544311752117e-17       7.086396040047e-18       8.361743054685e-19 
 2944       3.555862125930e-12       1.687941857991e-13      -3.032558654236e-13       0.000000000000e+00       7.533598542488e-17       7.076051957674e-18       8.264181279844e-19 
 2945       3.554692306807e-12       1.677887317197e-13      -3.035099063003e-13       0.000000000000e+00       7.522903998162e-17       7.062182885526e-18       8.167172756047e-19 
 2946       3.553533683323e-12       1.667781968064e-13      -3.037147632899e-13       0.000000000000e+00       7.512228074652e-17       7.044940306535e-18       8.070760122723e-19 
 2947       3.552383750626e-12       1.657628803786e-13      -3.038708946981e-13       0.000000000000e+00       7.501570727737e-17       7.024548114232e-18       7.974988014086e-19 
 2948       3.551239997008e-12       1.647430825857e-13      -3.039787602789e-13       0.000000000000e+00       7.490931912948e-17       7.001230823856e-18       7.879901182667e-19 
 2949       3.550099903900e-12       1.637191044071e-13      -3.040388212362e-13       0.000000000000e+00       7.480311585566e-17       6.975213572894e-18       7.785544499414e-19 
 2950       3.548960945862e-12       1.626912476533e-13      -3.040515402252e-13       0.000000000000e+00       7.469709700623e-17       6.946722121605e-18       7.691962953790e-19 
 2951       3.547820590584e-12       1.616598149665e-13      -3.040173813532e-13       0.000000000000e+00       7.459126212899e-17       6.915982853552e-18       7.599201653874e-19 
 2952       3.546676298875e-12       1.606251098212e-13      -3.039368101814e-13       0.000000000000e+00       7.448561076924e-17       6.883222776139e-18       7.507305826457e-19 
 2953       3.545525524657e-12       1.595874365252e-13      -3.038102937259e-13       0.000000000000e+00       7.438014246979e-17       6.848669521134e-18       7.416320817149e-19 
 2954       3.544365714963e-12       1.585471002198e-13      -3.036383004591e-13       0.000000000000e+00       7.427485677092e-17       6.812551345206e-18       7.326292090470e-19 
 2955       3.543194309928e-12       1.575044068812e-13      -3.034213003110e-13       0.000000000000e+00       7.416975321040e-17       6.775097130453e-18       7.237265229954e-19 
 2956       3.542008742785e-12       1.564596633204e-13      -3.031597646702e-13       0.000000000000e+00       7.406483132350e-17       6.736536384937e-18       7.149285938249e-19 
 2957       3.540806439857e-12       1.554131771847e-13      -3.028541663857e-13       0.000000000000e+00       7.396009064296e-17       6.697099243209e-18       7.062400037213e-19 
 2958       3.539584820553e-12       1.543652569578e-13      -3.025049797677e-13       0.000000000000e+00       7.385553069901e-17       6.657016466847e-18       6.976653468017e-19 
 2959       3.538341297361e-12       1.533162119609e-13      -3.021126805892e-13       0.000000000000e+00       7.375115101933e-17       6.616519444981e-18       6.892092291243e-19 
 2960       3.537073275845e-12       1.522663523533e-13      -3.016777460871e-13       0.000000000000e+00       7.364695112913e-17       6.575840194829e-18       6.808762686983e-19 
 2961       3.535778154635e-12       1.512159891328e-13      -3.012006549638e-13       0.000000000000e+00       7.354293055103e-17       6.535211362226e-18       6.726710954940e-19 
 2962       3.534453325422e-12       1.501654341369e-13      -3.006818873878e-13       0.000000000000e+00       7.343908880516e-17       6.494866222155e-18       6.645983514526e-19 
 2963       3.533096172957e-12       1.491150000432e-13      -3.001219249959e-13       0.000000000000e+00       7.333542540910e-17       6.455038679277e-18       6.566626904961e-19 
 2964       3.531704075038e-12       1.480650003703e-13      -2.995212508936e-13       0.000000000000e+00       7.323193987791e-17       6.415963268467e-18       6.488687785375e-19 
 2965       3.530274402509e-12       1.470157494782e-13      -2.988803496573e-13       0.000000000000e+00       7.312863172410e-17       6.377875155339e-18       6.412212934905e-19 
 2966       3.528804519254e-12       1.459675625693e-13      -2.981997073347e-13       0.000000000000e+00       7.302550045764e-17       6.341010136780e-18       6.337249252796e-19 
 2967       3.527291782187e-12       1.449207556891e-13      -2.974798114465e-13       0.000000000000e+00       7.292254558597e-17       6.305604641484e-18       6.263843758500e-19 
 2968       3.525733541252e-12       1.438756457268e-13      -2.967211509880e-13       0.000000000000e+00       7.281976661396e-17       6.271895730478e-18       6.192043591774e-19 
 2969       3.524127139413e-12       1.428325504158e-13      -2.959242164296e-13       0.000000000000e+00       7.271716304395e-17       6.240121097654e-18       6.121896012783e-19 
 2970       3.522469912650e-12       1.417917883348e-13      -2.950894997189e-13       0.000000000000e+00       7.261473437573e-17       6.210519070306e-18       6.053448402195e-19 
 2971       3.520759189951e-12       1.407536789085e-13      -2.942174942814e-13       0.000000000000e+00       7.251248010653e-17       6.183328609652e-18       5.986748261285e-19 
 2972       3.518992293311e-12       1.397185424078e-13      -2.933086950222e-13       0.000000000000e+00       7.241039973103e-17       6.158789311373e-18       5.921843212031e-19 
 2973       3.517166537720e-12       1.386866999512e-13      -2.923635983270e-13       0.000000000000e+00       7.230849274134e-17       6.137141406141e-18       5.858780997216e-19 
 2974       3.515279231161e-12       1.376584735049e-13      -2.913827020634e-13       0.000000000000e+00       7.220675862703e-17       6.118625760148e-18       5.797609480523e-19 
 2975       3.513327674603e-12       1.366341858840e-13      -2.903665055824e-13       0.000000000000e+00       7.210519687509e-17       6.103483875642e-18       5.738376646642e-19 
 2976       3.511309161998e-12       1.356141607527e-13      -2.893155097195e-13       0.000000000000e+00       7.200380696994e-17       6.091957891454e-18       5.681130601363e-19 
 2977       3.509220980269e-12       1.345987226256e-13      -2.882302167962e-13       0.000000000000e+00       7.190258839345e-17       6.084290583532e-18       5.625919571677e-19 
 2978       3.507060409311e-12       1.335881968679e-13      -2.871111306207e-13       0.000000000000e+00       7.180154062490e-17       6.080725365469e-18       5.572791905878e-19 
 2979       3.504824721979e-12       1.325829096964e-13      -2.859587564902e-13       0.000000000000e+00       7.170066314101e-17       6.081506289038e-18       5.521796073659e-19 
 2980       3.502511184087e-12       1.315831881799e-13      -2.847736011911e-13       0.000000000000e+00       7.159995541592e-17       6.086878044720e-18       5.472980666213e-19 
 2981       3.500117054400e-12       1.305893602405e-13      -2.835561730011e-13       0.000000000000e+00       7.149941692119e-17       6.097085962236e-18       5.426394396336e-19 
 2982       3.497639584629e-12       1.296017546536e-13      -2.823069816900e-13       0.000000000000e+00       7.139904712579e-17       6.112376011080e-18       5.382086098518e-19 
 2983       3.495076019424e-12       1.286207010490e-13      -2.810265385212e-13       0.000000000000e+00       7.129884549613e-17       6.132994801048e-18       5.340104729050e-19 
 2984       3.492424436979e-12       1.276464279061e-13      -2.797151708654e-13       0.000000000000e+00       7.119881186567e-17       6.159113024941e-18       5.300485028149e-19 
 2985       3.489686275373e-12       1.266787559903e-13      -2.783724650445e-13       0.000000000000e+00       7.109894754598e-17       6.190595375110e-18       5.263204429257e-19 
 2986       3.486863818614e-12       1.257174034132e-13      -2.769978207555e-13       0.000000000000e+00       7.099925422115e-17       6.227229498642e-18       5.228225938436e-19 
 2987       3.483959357167e-12       1.247620875011e-13      -2.755906362083e-13       0.000000000000e+00       7.089973357861e-17       6.268802452113e-18       5.195512453035e-19 
 2988       3.480975187956e-12       1.238125247935e-13      -2.741503081249e-13       0.000000000000e+00       7.080038730920e-17       6.315100701089e-18       5.165026761599e-19 
 2989       3.477913614370e-12       1.228684310434e-13      -2.726762317379e-13       0.000000000000e+00       7.070121710707e-17       6.365910119627e-18       5.136731543775e-19 
 2990       3.474776946269e-12       1.219295212160e-13      -2.711678007894e-13       0.000000000000e+00       7.060222466976e-17       6.421015989772e-18       5.110589370214e-19 
 2991       3.471567499988e-12       1.209955094883e-13      -2.696244075297e-13       0.000000000000e+00       7.050341169820e-17       6.480203001058e-18       5.086562702484e-19 
 2992       3.468287598344e-12       1.200661092483e-13      -2.680454427163e-13       0.000000000000e+00       7.040477989665e-17       6.543255250009e-18       5.064613892971e-19 
 2993       3.464939570641e-12       1.191410330945e-13      -2.664302956122e-13       0.000000000000e+00       7.030633097277e-17       6.609956239636e-18       5.044705184788e-19 
 2994       3.461525752677e-12       1.182199928351e-13      -2.647783539855e-13       0.000000000000e+00       7.020806663760e-17       6.680088878941e-18       5.026798711680e-19 
 2995       3.458048486746e-12       1.173026994873e-13      -2.630890041072e-13       0.000000000000e+00       7.010998860553e-17       6.753435482411e-18       5.010856497932e-19 
 2996       3.454510121646e-12       1.163888632768e-13      -2.613616307509e-13       0.000000000000e+00       7.001209859437e-17       6.829777769524e-18       4.996840458272e-19 
 2997       3.450913012684e-12       1.154781936369e-13      -2.595956171910e-13       0.000000000000e+00       6.991439832528e-17       6.908896864244e-18       4.984712397783e-19 
 2998       3.447259521683e-12       1.145703992081e-13      -2.577903452016e-13       0.000000000000e+00       6.981688952283e-17       6.990573294522e-18       4.974434011803e-19 
 2999       3.443552016983e-12       1.136651878374e-13      -2.559451950557e-13       0.000000000000e+00       6.971957391495e-17       7.074586991797e-18       4.965966885834e-19 
 3000       3.439792873453e-12       1.127622665771e-13      -2.540595455232e-13       0.000000000000e+00       6.962245323300e-17       7.160717290496e-18       4.959272495450e-19 
