# dimensionless total lensed [l(l+1)/2pi] C_l's
# for l=2 to 2500, i.e. number of multipoles equal to 2499
#
# -> if you prefer output in CAMB/HealPix/LensPix units/order, set 'format' to 'camb' in input file
# -> if you don't want to see such a header, set 'headers' to 'no' in input file
# -> for CMB lensing (phi), these are C_l^phi-phi for the lensing potential.
#    Remember the conversion factors:
#    C_l^dd (deflection) = l(l+1) C_l^phi-phi
#    C_l^gg (shear/convergence) = 1/4 (l(l+1))^2 C_l^phi-phi
#
# 1:l     2:TT                     3:EE                     4:TE                     5:BB                     6:phiphi                 7:TPhi                   8:Ephi               
<<<<<<< HEAD
<<<<<<< HEAD
    2       1.382224597826e-10       4.179562845202e-15       3.519337726735e-13       2.324046126985e-19       8.283416470029e-09       4.560245184589e-10      -1.842275833475e-12 
    3       1.306774751455e-10       5.354765422801e-15       3.955050016159e-13       4.648970393432e-19       5.087325530530e-09       3.225310505345e-10      -1.394820807684e-12 
    4       1.235952050835e-10       4.629389660232e-15       3.697859901943e-13       7.750220897658e-19       3.523090007968e-09       2.438102090871e-10      -9.126931279081e-13 
    5       1.182979640913e-10       3.087231322692e-15       3.148721706655e-13       1.162892842903e-18       2.621387316207e-09       1.923661774570e-10      -5.069501735018e-13 
    6       1.146661396044e-10       1.726158213581e-15       2.535644226038e-13       1.628647273478e-18       2.042333980301e-09       1.563710975758e-10      -2.081121578494e-13 
    7       1.122997947013e-10       9.337132385951e-16       1.990688640874e-13       2.172446123144e-18       1.644026854125e-09       1.299749621831e-10      -1.765012974543e-14 
    8       1.109183105228e-10       6.038959255873e-16       1.571589908424e-13       2.794470461806e-18       1.356240239258e-09       1.099744345425e-10       7.941245888155e-14 
    9       1.102734287503e-10       4.859241434404e-16       1.291082028520e-13       3.494918996833e-18       1.140322615868e-09       9.447132641153e-11       1.064372105633e-13 
   10       1.101344664472e-10       4.150257185103e-16       1.135880388090e-13       4.274005193099e-18       9.734546501325e-10       8.219817769986e-11       8.927905016062e-14 
   11       1.104423255117e-10       3.497801850713e-16       1.079365607757e-13       5.131954270254e-18       8.336128529925e-10       7.301363846092e-11       5.203131742310e-14 
   12       1.110455712670e-10       3.058309237427e-16       1.090963949800e-13       6.069000145256e-18       7.285559085738e-10       6.456115062813e-11       1.227602850947e-14 
   13       1.118937334622e-10       2.941761756358e-16       1.143828110285e-13       7.085382387891e-18       6.422893735843e-10       5.769574084981e-11      -1.798981863716e-14 
   14       1.129388951663e-10       3.068484246894e-16       1.217753226831e-13       8.181343254868e-18       5.704998672745e-10       5.171606868442e-11      -3.451225775328e-14 
   15       1.141682445340e-10       3.321047241608e-16       1.299850363454e-13       9.357124864162e-18       5.100629699022e-10       4.668612189534e-11      -3.750069181548e-14 
   16       1.155069852518e-10       3.674217518192e-16       1.383486209471e-13       1.061296656567e-17       4.586668508561e-10       4.235080727829e-11      -3.091275522784e-14 
   17       1.169819263839e-10       4.183288707727e-16       1.466480235285e-13       1.194910255726e-17       4.145686430202e-10       3.856725128503e-11      -1.994052004218e-14 
   18       1.185301753773e-10       4.902565204827e-16       1.551407179036e-13       1.336575969282e-17       3.762909304935e-10       3.526706023137e-11      -9.473497969094e-15 
   19       1.201630773939e-10       5.835308895499e-16       1.640487186595e-13       1.486315617233e-17       3.432160080230e-10       3.240306235514e-11      -2.117022252446e-15 
   20       1.218732441142e-10       6.961505065331e-16       1.735124445692e-13       1.644149904914e-17       3.140838201449e-10       2.986094126069e-11       4.181315133094e-16 
   21       1.236619262350e-10       8.274796025101e-16       1.834838067907e-13       1.810098463481e-17       2.884364431697e-10       2.759460002306e-11      -1.297292073978e-15 
   22       1.255030724464e-10       9.770314531010e-16       1.937756849001e-13       1.984179594010e-17       2.656565716101e-10       2.554693282668e-11      -5.509906069518e-15 
   23       1.274030231248e-10       1.144975115349e-15       2.040655252649e-13       2.166410467553e-17       2.454394849493e-10       2.370949635123e-11      -1.047327920536e-14 
   24       1.293559978714e-10       1.331526151939e-15       2.139408545159e-13       2.356806825152e-17       2.273238533021e-10       2.206576386285e-11      -1.433128955277e-14 
   25       1.313567968875e-10       1.536902902884e-15       2.230928933111e-13       2.555383240238e-17       2.110641042016e-10       2.059348303270e-11      -1.626979860108e-14 
   26       1.333877780212e-10       1.761479691487e-15       2.312566736557e-13       2.762152913374e-17       1.963421733684e-10       1.925574550098e-11      -1.595595673096e-14 
   27       1.354585311244e-10       2.006886954916e-15       2.383609385972e-13       2.977128360794e-17       1.830818252479e-10       1.804328682125e-11      -1.390106797431e-14 
   28       1.375717261681e-10       2.275378580834e-15       2.444182668776e-13       3.200320733490e-17       1.711224577440e-10       1.694072531329e-11      -1.111015020360e-14 
   29       1.397164325936e-10       2.569232390416e-15       2.494721515465e-13       3.431739837832e-17       1.601737865373e-10       1.592170290994e-11      -8.704477329574e-15 
   30       1.418992367045e-10       2.889539916925e-15       2.535704708068e-13       3.671395365251e-17       1.501754983198e-10       1.498516100074e-11      -7.073248422494e-15 
   31       1.441218380865e-10       3.236927583607e-15       2.567860540013e-13       3.919296013626e-17       1.410534076798e-10       1.413114636229e-11      -6.396861755722e-15 
   32       1.463761724939e-10       3.611968183204e-15       2.591857883996e-13       4.175449425736e-17       1.326632332090e-10       1.335265785019e-11      -6.762966477734e-15 
   33       1.486617019713e-10       4.015599351729e-15       2.606901277092e-13       4.439863317606e-17       1.249593107776e-10       1.264313525500e-11      -7.819264840710e-15 
   34       1.509720527256e-10       4.448849077499e-15       2.611604379528e-13       4.712544693356e-17       1.178734543982e-10       1.199028094923e-11      -8.978107678713e-15 
   35       1.532959310984e-10       4.912707810132e-15       2.604489532771e-13       4.993499830187e-17       1.113002459849e-10       1.137829943128e-11      -9.648690709700e-15 
   36       1.556403075744e-10       5.408071067384e-15       2.584521147437e-13       5.282735355691e-17       1.052226527331e-10       1.080510676929e-11      -9.767767313484e-15 
   37       1.580137868753e-10       5.935771134171e-15       2.550739263966e-13       5.580257520124e-17       9.962165364493e-11       1.027026964943e-11      -9.449079523670e-15 
   38       1.604196360517e-10       6.496587149740e-15       2.502111391986e-13       5.886071906549e-17       9.443826078293e-11       9.770044791656e-12      -8.846568994823e-15 
   39       1.628568633434e-10       7.091240148169e-15       2.437782819429e-13       6.200183605243e-17       8.959480032066e-11       9.299161745394e-12      -8.133750379226e-15 
   40       1.653254810607e-10       7.720385891411e-15       2.357943342412e-13       6.522597817088e-17       8.507645411491e-11       8.857669229324e-12      -7.426162148043e-15 
   41       1.678219471442e-10       8.384612883981e-15       2.263247045720e-13       6.853319450009e-17       8.087134931960e-11       8.445895609441e-12      -6.837434028367e-15 
   42       1.703370770771e-10       9.084439084303e-15       2.154596033844e-13       7.192352968683e-17       7.694622735032e-11       8.062399022812e-12      -6.501745910110e-15 
   43       1.728605058812e-10       9.820357304626e-15       2.032804551697e-13       7.539702293783e-17       7.325874730873e-11       7.704672241113e-12      -6.532374113125e-15 
   44       1.753969762440e-10       1.059299806276e-14       1.897432606240e-13       7.895370438197e-17       6.980323798561e-11       7.371890611931e-12      -6.879121882113e-15 
   45       1.779542470918e-10       1.140301058083e-14       1.747612563848e-13       8.259359774430e-17       6.657618221875e-11       7.062757159709e-12      -7.428400698570e-15 
   46       1.805383486990e-10       1.225101674653e-14       1.582359831578e-13       8.631672138615e-17       6.356247991330e-11       6.774616871363e-12      -8.040497249372e-15 
   47       1.831533753643e-10       1.313761013945e-14       1.400564884380e-13       9.012308833602e-17       6.073454494179e-11       6.503354890082e-12      -8.548043300949e-15 
   48       1.858014736218e-10       1.406328853257e-14       1.201211485672e-13       9.401270355544e-17       5.806079839150e-11       6.244585203300e-12      -8.801760675201e-15 
   49       1.884832867029e-10       1.502823116917e-14       9.841226924383e-14       9.798555475288e-17       5.553608662185e-11       5.997850483756e-12      -8.826514796182e-15 
   50       1.911972791566e-10       1.603245703010e-14       7.494114416871e-14       1.020416190335e-16       5.315828605788e-11       5.763431217721e-12      -8.706621799435e-15 
   51       1.939393597632e-10       1.707588161683e-14       4.972761971930e-14       1.061808653306e-16       5.091924220731e-11       5.541123495255e-12      -8.543274291465e-15 
   52       1.967026841858e-10       1.815831258362e-14       2.280045171859e-14       1.104032542957e-16       4.880434596606e-11       5.330203045551e-12      -8.455423218886e-15 
   53       1.994803182954e-10       1.927955460751e-14      -5.816004100232e-15       1.147087378302e-16       4.679712143032e-11       5.129737306451e-12      -8.549423675095e-15 
   54       2.022744864406e-10       2.043976571126e-14      -3.614655991425e-14       1.190972577932e-16       4.489534962919e-11       4.939698629276e-12      -8.816778827262e-15 
   55       2.050893573555e-10       2.163918495385e-14      -6.823131791860e-14       1.235687467699e-16       4.309835245580e-11       4.760074645396e-12      -9.211638542517e-15 
   56       2.079283159864e-10       2.287803142046e-14      -1.021132230329e-13       1.281231282772e-16       4.140213531311e-11       4.590524397112e-12      -9.679315677173e-15 
   57       2.107938860891e-10       2.415650443490e-14      -1.378382791430e-13       1.327603166393e-16       3.979917354551e-11       4.430356965615e-12      -1.015585825772e-14 
   58       2.136876528251e-10       2.547478377200e-14      -1.754557653430e-13       1.374802168624e-16       3.827819887042e-11       4.278510098956e-12      -1.056762166183e-14 
   59       2.166105790161e-10       2.683291251220e-14      -2.150041634983e-13       1.422827308109e-16       3.682730108633e-11       4.133837765515e-12      -1.084875777070e-14 
   60       2.195642154690e-10       2.823041335474e-14      -2.564646335552e-13       1.471677776972e-16       3.544455939155e-11       3.996099334892e-12      -1.099939690379e-14 
   61       2.225496354243e-10       2.966658341802e-14      -2.997970967881e-13       1.521352781376e-16       3.412950691022e-11       3.865162750491e-12      -1.104024536497e-14 
   62       2.255670028614e-10       3.114060007402e-14      -3.449533118527e-13       1.571851483556e-16       3.287993337514e-11       3.740705124533e-12      -1.099603234929e-14 
   63       2.286155084394e-10       3.265151718245e-14      -3.918766066656e-13       1.623173002702e-16       3.169178394170e-11       3.622201838067e-12      -1.089568947896e-14 
   64       2.316933054381e-10       3.419826132496e-14      -4.405016102842e-13       1.675316415845e-16       3.055905800172e-11       3.508915640991e-12      -1.077253033929e-14 
   65       2.347984243100e-10       3.577975194106e-14      -4.907684019649e-13       1.728280890118e-16       2.947546490763e-11       3.400099443005e-12      -1.065693106345e-14 
   66       2.379318853422e-10       3.739529976642e-14      -5.426690434221e-13       1.782066110106e-16       2.844002598758e-11       3.295679087316e-12      -1.055216711902e-14 
   67       2.410951326390e-10       3.904428629448e-14      -5.962104511245e-13       1.836671942854e-16       2.745248156617e-11       3.195696119114e-12      -1.045376498782e-14 
   68       2.442890776793e-10       4.072604702606e-14      -6.514009813218e-13       1.892098318943e-16       2.651158767269e-11       3.100102023358e-12      -1.035651990632e-14 
   69       2.475140626313e-10       4.243987116934e-14      -7.082505652022e-13       1.948345237055e-16       2.561506399938e-11       3.008753302165e-12      -1.025446564079e-14 
   70       2.507698236673e-10       4.418500133980e-14      -7.667708440499e-13       2.005412768529e-16       2.475954185958e-11       2.921406552191e-12      -1.014084426230e-14 
   71       2.540554542783e-10       4.596063326016e-14      -8.269753044027e-13       2.063301061922e-16       2.394051214599e-11       2.837713542016e-12      -1.000807592189e-14 
   72       2.573699887627e-10       4.776587675529e-14      -8.888702177214e-13       2.122010455083e-16       2.315348518364e-11       2.757315495723e-12      -9.850061898790e-15 
   73       2.607143638786e-10       4.959963073562e-14      -9.524251456408e-13       2.181541826141e-16       2.239784368229e-11       2.680157834668e-12      -9.669672700215e-15 
   74       2.640897691873e-10       5.146068356289e-14      -1.017596991095e-12       2.241896318445e-16       2.167363875376e-11       2.606227235726e-12      -9.472649372902e-15 
   75       2.674970381003e-10       5.334774846533e-14      -1.084338618655e-12       2.303075245909e-16       2.098041958831e-11       2.535455165673e-12      -9.265420238837e-15 
   76       2.709366253528e-10       5.525946235399e-14      -1.152598779749e-12       2.365080100029e-16       2.031720908162e-11       2.467715223547e-12      -9.055123941421e-15 
   77       2.744085844781e-10       5.719438463900e-14      -1.222322037871e-12       2.427912556895e-16       1.968247946191e-11       2.402820483023e-12      -8.849632491632e-15 
   78       2.779125452813e-10       5.915099604586e-14      -1.293448693800e-12       2.491574484209e-16       1.907412791692e-11       2.340520834772e-12      -8.657574314190e-15 
   79       2.814476913135e-10       6.112769743171e-14      -1.365914710812e-12       2.556067948294e-16       1.848945222100e-11       2.280500328833e-12      -8.488357293723e-15 
   80       2.850132043246e-10       6.312286239144e-14      -1.439657228863e-12       2.621395168519e-16       1.792582191666e-11       2.222455454184e-12      -8.349949347584e-15 
   81       2.886097360710e-10       6.513500820149e-14      -1.514632374480e-12       2.687558356026e-16       1.738287971598e-11       2.166351480186e-12      -8.241725557306e-15 
   82       2.922381521863e-10       6.716265254126e-14      -1.590800421805e-12       2.754559859668e-16       1.686067970459e-11       2.112205989814e-12      -8.160415081853e-15 
   83       2.958990742401e-10       6.920426215535e-14      -1.668120506613e-12       2.822402222058e-16       1.635901442847e-11       2.060010755575e-12      -8.102215102555e-15 
   84       2.995928658599e-10       7.125825266598e-14      -1.746550655029e-12       2.891088185612e-16       1.587740340166e-11       2.009730580707e-12      -8.062772341980e-15 
   85       3.033196188529e-10       7.332298838533e-14      -1.826047812244e-12       2.960620698587e-16       1.541508161398e-11       1.961302140387e-12      -8.037164582822e-15 
   86       3.070791393278e-10       7.539678212795e-14      -1.906567871224e-12       3.031002921122e-16       1.497098803864e-11       1.914632822933e-12      -8.019882186777e-15 
   87       3.108709338164e-10       7.747789502314e-14      -1.988065701430e-12       3.102238231276e-16       1.454375414000e-11       1.869599571007e-12      -8.004809613425e-15 
   88       3.146941953954e-10       7.956453632735e-14      -2.070495177529e-12       3.174330231073e-16       1.413169238121e-11       1.826047722820e-12      -7.985206939111e-15 
   89       3.185481136734e-10       8.165488798595e-14      -2.153807706098e-12       3.247282637693e-16       1.373319812729e-11       1.783829242090e-12      -7.955156476308e-15 
   90       3.224328907311e-10       8.374718314315e-14      -2.237947478283e-12       3.321098924348e-16       1.334805265728e-11       1.742926806641e-12      -7.914202982791e-15 
   91       3.263488597213e-10       8.583963965939e-14      -2.322855521876e-12       3.395782633939e-16       1.297630432963e-11       1.703347140845e-12      -7.863410686646e-15 
   92       3.302961662900e-10       8.793043663888e-14      -2.408471143157e-12       3.471337493143e-16       1.261786815761e-11       1.665082798945e-12      -7.803966403495e-15 
   93       3.342747595505e-10       9.001771461272e-14      -2.494731933103e-12       3.547767416733e-16       1.227252051021e-11       1.628111596349e-12      -7.737183004455e-15 
   94       3.382843830566e-10       9.209957572214e-14      -2.581573773608e-12       3.625076511898e-16       1.193989381298e-11       1.592396040928e-12      -7.664502884082e-15 
   95       3.423245657768e-10       9.417408390161e-14      -2.668930843688e-12       3.703269082561e-16       1.161947124891e-11       1.557882764314e-12      -7.587501428328e-15 
   96       3.463946130675e-10       9.623926506200e-14      -2.756735625695e-12       3.782349633701e-16       1.131058145933e-11       1.524501953200e-12      -7.507890482490e-15 
   97       3.504935976470e-10       9.829310727378e-14      -2.844918911532e-12       3.862322875670e-16       1.101239324475e-11       1.492166780631e-12      -7.427521819161e-15 
   98       3.546203505688e-10       1.003335609502e-13      -2.933409808862e-12       3.943193728516e-16       1.072391026577e-11       1.460772837309e-12      -7.348390606185e-15 
   99       3.587737509811e-10       1.023585861235e-13      -3.022137144541e-12       4.024967353279e-16       1.044419940144e-11       1.430223009263e-12      -7.272235405085e-15 
  100       3.629536617452e-10       1.043663015188e-13      -3.111033888303e-12       4.107649241613e-16       1.017312418552e-11       1.400507360825e-12      -7.199266023264e-15 
  101       3.671601101874e-10       1.063548570341e-13      -3.200033370106e-12       4.191245146945e-16       9.910705894273e-12       1.371633562553e-12      -7.129261077177e-15 
  102       3.713929958002e-10       1.083223892746e-13      -3.289067961668e-12       4.275761063212e-16       9.656896721112e-12       1.343602197300e-12      -7.061953981993e-15 
  103       3.756520848374e-10       1.102670223073e-13      -3.378069099616e-12       4.361203229512e-16       9.411577309699e-12       1.316406499957e-12      -6.997031529012e-15 
  104       3.799370049092e-10       1.121868684149e-13      -3.466967308635e-12       4.447578134744e-16       9.174554287030e-12       1.290032097191e-12      -6.934132463067e-15 
  105       3.842472395780e-10       1.140800288496e-13      -3.555692224614e-12       4.534892522260e-16       8.945557796516e-12       1.264456747182e-12      -6.872846059946e-15 
  106       3.885821229533e-10       1.159445945871e-13      -3.644172617793e-12       4.623153394512e-16       8.724239031076e-12       1.239650079360e-12      -6.812710703797e-15 
  107       3.929408342869e-10       1.177786470808e-13      -3.732336415917e-12       4.712368017694e-16       8.510167766220e-12       1.215573334148e-12      -6.753212464545e-15 
  108       3.973223925688e-10       1.195802590155e-13      -3.820110727380e-12       4.802543926392e-16       8.302829893140e-12       1.192179102695e-12      -6.693783675299e-15 
  109       4.017256511219e-10       1.213474950618e-13      -3.907421864371e-12       4.893688928232e-16       8.101624951790e-12       1.169411066620e-12      -6.633801509770e-15 
  110       4.061494903017e-10       1.230784603996e-13      -3.994195870650e-12       4.985810922015e-16       7.906001502496e-12       1.147217026806e-12      -6.572714599291e-15 
  111       4.105934352189e-10       1.247714517318e-13      -4.080360131952e-12       5.078917315716e-16       7.715888223832e-12       1.125590443277e-12      -6.510444353018e-15 
  112       4.150571073252e-10       1.264248270979e-13      -4.165842015955e-12       5.173015542353e-16       7.531313625923e-12       1.104533749198e-12      -6.447032574667e-15 
  113       4.195400299577e-10       1.280369610415e-13      -4.250568413870e-12       5.268113242618e-16       7.352272044278e-12       1.084045408861e-12      -6.382517851760e-15 
  114       4.240416248816e-10       1.296062458335e-13      -4.334465768548e-12       5.364218267689e-16       7.178722527547e-12       1.064119788035e-12      -6.316935391407e-15 
  115       4.285612088316e-10       1.311310926959e-13      -4.417460102588e-12       5.461338682044e-16       7.010587725290e-12       1.044747024305e-12      -6.250316856093e-15 
  116       4.330979900553e-10       1.326099330249e-13      -4.499477046444e-12       5.559482766277e-16       6.847752775742e-12       1.025912897419e-12      -6.182690199466e-15 
  117       4.376510648545e-10       1.340412196147e-13      -4.580441866530e-12       5.658659019909e-16       6.690064193574e-12       1.007598699626e-12      -6.114079502124e-15 
  118       4.422194141279e-10       1.354234278806e-13      -4.660279493334e-12       5.758876164202e-16       6.537328757666e-12       9.897811060261e-13      -6.044504807398e-15 
  119       4.468018999135e-10       1.367550570829e-13      -4.738914549521e-12       5.860143144976e-16       6.389312398864e-12       9.724320449074e-13      -5.973981957145e-15 
  120       4.513972619305e-10       1.380346315501e-13      -4.816271378040e-12       5.962469135416e-16       6.245739087749e-12       9.555185680945e-13      -5.902522427527e-15 
  121       4.560041141220e-10       1.392607019024e-13      -4.892274070237e-12       6.065863538892e-16       6.106289722401e-12       9.390027212896e-13      -5.830133164803e-15 
  122       4.606209411967e-10       1.404318462753e-13      -4.966846493955e-12       6.170335991770e-16       5.970601016165e-12       9.228414144161e-13      -5.756816421115e-15 
  123       4.652462800623e-10       1.415467192735e-13      -5.039913284267e-12       6.275895964788e-16       5.838343900459e-12       9.069965119970e-13      -5.682598420230e-15 
  124       4.698792950887e-10       1.426042025950e-13      -5.111402884654e-12       6.382551509344e-16       5.709471301087e-12       8.914666930361e-13      -5.607619433431e-15 
  125       4.745192627236e-10       1.436032740974e-13      -5.181244909801e-12       6.490310371810e-16       5.583996863386e-12       8.762590239551e-13      -5.532053790431e-15 
  126       4.791653905385e-10       1.445429631996e-13      -5.249369249582e-12       6.599180381731e-16       5.461917505133e-12       8.613790176499e-13      -5.456082038245e-15 
  127       4.838168152255e-10       1.454223524810e-13      -5.315706104746e-12       6.709169451476e-16       5.343212929920e-12       8.468305842437e-13      -5.379891003808e-15 
  128       4.884726005949e-10       1.462405792805e-13      -5.380186022592e-12       6.820285575896e-16       5.227845140526e-12       8.326159818397e-13      -5.303673856588e-15 
  129       4.931317355714e-10       1.469968372955e-13      -5.442739932656e-12       6.932536831980e-16       5.115757952298e-12       8.187357672742e-13      -5.227630171205e-15 
  130       4.977931321918e-10       1.476903781808e-13      -5.503299182391e-12       7.045931378505e-16       5.006876506520e-12       8.051887468688e-13      -5.151965990043e-15 
  131       5.024556236013e-10       1.483205131476e-13      -5.561795572845e-12       7.160477455698e-16       4.901106783795e-12       7.919719271840e-13      -5.076893885869e-15 
  132       5.071179620508e-10       1.488866145628e-13      -5.618161394349e-12       7.276183384888e-16       4.798335117412e-12       7.790804657714e-13      -5.002633024445e-15 
  133       5.117788168939e-10       1.493881175478e-13      -5.672329462189e-12       7.393057568160e-16       4.698427706728e-12       7.665076219270e-13      -4.929409227145e-15 
  134       5.164367725836e-10       1.498245215774e-13      -5.724233152298e-12       7.511108488012e-16       4.601230130540e-12       7.542447074436e-13      -4.857455033574e-15 
  135       5.210903266695e-10       1.501953920789e-13      -5.773806436930e-12       7.630344707009e-16       4.506566860460e-12       7.422810373640e-13      -4.787009764175e-15 
  136       5.257378877946e-10       1.505003620313e-13      -5.820983920341e-12       7.750774867442e-16       4.414240774291e-12       7.306038807335e-13      -4.718319582854e-15 
  137       5.303779134289e-10       1.507391606900e-13      -5.865701493181e-12       7.872407418928e-16       4.324074987114e-12       7.192009952953e-13      -4.651577294600e-15 
  138       5.350093433963e-10       1.509116997317e-13      -5.907898296539e-12       7.995249770160e-16       4.236044260018e-12       7.080686318441e-13      -4.586734574886e-15 
  139       5.396312076196e-10       1.510179990968e-13      -5.947515029732e-12       8.119309048319e-16       4.150156330080e-12       6.972042686376e-13      -4.523670338191e-15 
  140       5.442424893034e-10       1.510581624187e-13      -5.984493389079e-12       8.244592361198e-16       4.066410596750e-12       6.866040692315e-13      -4.462248942654e-15 
  141       5.488421238181e-10       1.510323787943e-13      -6.018776107503e-12       8.371106795129e-16       3.984797903823e-12       6.762628496329e-13      -4.402319870178e-15 
  142       5.534289975836e-10       1.509409245556e-13      -6.050306994149e-12       8.498859412910e-16       3.905300321418e-12       6.661740454541e-13      -4.343717406532e-15 
  143       5.580019469533e-10       1.507841650406e-13      -6.079030973984e-12       8.627857251737e-16       3.827890927947e-12       6.563296790657e-13      -4.286260321450e-15 
  144       5.625597570981e-10       1.505625563648e-13      -6.104894127409e-12       8.758107321130e-16       3.752533592090e-12       6.467203267512e-13      -4.229751548738e-15 
  145       5.671011608900e-10       1.502766471922e-13      -6.127843729867e-12       8.889616600860e-16       3.679182754770e-12       6.373350858594e-13      -4.173977866373e-15 
  146       5.716248377861e-10       1.499270805064e-13      -6.147828291451e-12       9.022392038881e-16       3.607783211125e-12       6.281615419591e-13      -4.118709576604e-15 
  147       5.761294127128e-10       1.495145953822e-13      -6.164797596514e-12       9.156440549257e-16       3.538269892482e-12       6.191857359917e-13      -4.063700186060e-15 
  148       5.806134549492e-10       1.490400287560e-13      -6.178702743275e-12       9.291769010090e-16       3.470567648332e-12       6.103921314258e-13      -4.008686085842e-15 
  149       5.850754770112e-10       1.485043171980e-13      -6.189496183430e-12       9.428384261448e-16       3.404591028303e-12       6.017635814099e-13      -3.953386231636e-15 
  150       5.895139335357e-10       1.479084986823e-13      -6.197131761755e-12       9.566293103295e-16       3.340244064135e-12       5.932812959265e-13      -3.897501823808e-15 
  151       5.939272201638e-10       1.472537143591e-13      -6.201564755724e-12       9.705502293419e-16       3.277420051650e-12       5.849248089457e-13      -3.840715987509e-15 
  152       5.983136724254e-10       1.465412103251e-13      -6.202751915106e-12       9.846018545360e-16       3.216001332731e-12       5.766719455787e-13      -3.782693452774e-15 
  153       6.026716866802e-10       1.457723228566e-13      -6.200651730132e-12       9.987847978440e-16       3.155883622682e-12       5.685039198650e-13      -3.723161909903e-15 
  154       6.070000979385e-10       1.449484288348e-13      -6.195225180640e-12       1.013099441470e-15       3.097051995221e-12       5.604212303639e-13      -3.662165256578e-15 
  155       6.112978351899e-10       1.440709940686e-13      -6.186435132392e-12       1.027546091901e-15       3.039511576495e-12       5.524291861054e-13      -3.599833386448e-15 
  156       6.155638020105e-10       1.431415910920e-13      -6.174246155218e-12       1.042125032790e-15       2.983263542133e-12       5.445329020672e-13      -3.536302724426e-15 
  157       6.197968760692e-10       1.421619008510e-13      -6.158624563781e-12       1.056836524471e-15       2.928305024224e-12       5.367372924592e-13      -3.471716322759e-15 
  158       6.239959086325e-10       1.411337143904e-13      -6.139538458359e-12       1.071680803473e-15       2.874629018304e-12       5.290470640065e-13      -3.406223957099e-15 
  159       6.281597240706e-10       1.400589345409e-13      -6.116957765608e-12       1.086658082033e-15       2.822224290332e-12       5.214667092334e-13      -3.339982222572e-15 
  160       6.322871193626e-10       1.389395776063e-13      -6.090854279341e-12       1.101768547610e-15       2.771075283679e-12       5.140004997466e-13      -3.273154629846e-15 
  161       6.363768636020e-10       1.377777750501e-13      -6.061201701298e-12       1.117012362400e-15       2.721162026106e-12       5.066524795196e-13      -3.205911701206e-15 
  162       6.404276975027e-10       1.365757751823e-13      -6.027975681917e-12       1.132389662848e-15       2.672460036744e-12       4.994264581755e-13      -3.138431066619e-15 
  163       6.444383329037e-10       1.353359448470e-13      -5.991153861109e-12       1.147900559162e-15       2.624940233082e-12       4.923260042713e-13      -3.070897559806e-15 
  164       6.484074522754e-10       1.340607711088e-13      -5.950715909028e-12       1.163545134830e-15       2.578568837945e-12       4.853544385811e-13      -3.003503314310e-15 
  165       6.523337082246e-10       1.327528629398e-13      -5.906643566847e-12       1.179323446129e-15       2.533307286478e-12       4.785148273800e-13      -2.936447859571e-15 
  166       6.562157230004e-10       1.314149529070e-13      -5.858920687525e-12       1.195235521641e-15       2.489112133127e-12       4.718099757277e-13      -2.869938216989e-15 
  167       6.600520879992e-10       1.300498988587e-13      -5.807533276585e-12       1.211281361769e-15       2.445934958619e-12       4.652424207521e-13      -2.804188995997e-15 
  168       6.638413632711e-10       1.286606856116e-13      -5.752469532880e-12       1.227460938246e-15       2.403722276951e-12       4.588144249328e-13      -2.739422490134e-15 
  169       6.675820770244e-10       1.272504266382e-13      -5.693719889372e-12       1.243774193653e-15       2.362415442364e-12       4.525279693851e-13      -2.675868773109e-15 
  170       6.712727251318e-10       1.258223657530e-13      -5.631277053902e-12       1.260221040932e-15       2.321950556330e-12       4.463847471433e-13      -2.613765794875e-15 
  171       6.749118699025e-10       1.243797798943e-13      -5.565135304432e-12       1.276801338596e-15       2.282271396162e-12       4.403856847486e-13      -2.553308495360e-15 
  172       6.784984466755e-10       1.229256748389e-13      -5.495288223486e-12       1.293514815077e-15       2.243369605279e-12       4.345294763089e-13      -2.494491183254e-15 
  173       6.820314819620e-10       1.214630672304e-13      -5.421730852056e-12       1.310361137106e-15       2.205247691407e-12       4.288139137683e-13      -2.437252137495e-15 
  174       6.855099963908e-10       1.199950824741e-13      -5.344460455572e-12       1.327339932874e-15       2.167906267002e-12       4.232363390243e-13      -2.381523295506e-15 
  175       6.889330046188e-10       1.185249560213e-13      -5.263476561635e-12       1.344450791440e-15       2.131344009363e-12       4.177936352868e-13      -2.327230141254e-15 
  176       6.922995152415e-10       1.170560346524e-13      -5.178780997746e-12       1.361693262149e-15       2.095557620740e-12       4.124822184379e-13      -2.274291593316e-15 
  177       6.956085307038e-10       1.155917777601e-13      -5.090377929035e-12       1.379066854045e-15       2.060541788441e-12       4.072980283902e-13      -2.222619892941e-15 
  178       6.988590472102e-10       1.141357586331e-13      -4.998273895994e-12       1.396571035287e-15       2.026289144949e-12       4.022365204468e-13      -2.172120492116e-15 
  179       7.020500546356e-10       1.126916657396e-13      -4.902477852210e-12       1.414205232561e-15       1.992790228026e-12       3.972926566595e-13      -2.122691941628e-15 
  180       7.051805364355e-10       1.112633040102e-13      -4.803001202088e-12       1.431968830500e-15       1.960033440823e-12       3.924608971888e-13      -2.074225779127e-15 
  181       7.082494695568e-10       1.098545961220e-13      -4.699857838590e-12       1.449861171093e-15       1.928005011996e-12       3.877351916626e-13      -2.026606417191e-15 
  182       7.112558243485e-10       1.084695837816e-13      -4.593064180961e-12       1.467881553103e-15       1.896688955807e-12       3.831089705352e-13      -1.979711031388e-15 
  183       7.141985644715e-10       1.071124290086e-13      -4.482639212460e-12       1.486029231479e-15       1.866067032243e-12       3.785751364470e-13      -1.933409448342e-15 
  184       7.170766468099e-10       1.057874154191e-13      -4.368604518092e-12       1.504303416773e-15       1.836118707119e-12       3.741260555830e-13      -1.887564033794e-15 
  185       7.198890213813e-10       1.044989495090e-13      -4.250984322338e-12       1.522703274556e-15       1.806821112190e-12       3.697535490324e-13      -1.842029580668e-15 
  186       7.226346312470e-10       1.032515619376e-13      -4.129805526886e-12       1.541227924828e-15       1.778149005263e-12       3.654488841475e-13      -1.796653197132e-15 
  187       7.253124124229e-10       1.020499088108e-13      -4.005097748359e-12       1.559876441436e-15       1.750074730306e-12       3.612027659028e-13      -1.751274194664e-15 
  188       7.279212937899e-10       1.008987729648e-13      -3.876893356052e-12       1.578647851489e-15       1.722568177554e-12       3.570053282544e-13      -1.705723976115e-15 
  189       7.304601970046e-10       9.980306524899e-14      -3.745227509654e-12       1.597541134770e-15       1.695596743627e-12       3.528461254990e-13      -1.659825923771e-15 
  190       7.329280364093e-10       9.876782581016e-14      -3.610138196987e-12       1.616555223153e-15       1.669125291631e-12       3.487141236330e-13      -1.613395287418e-15 
  191       7.353237921408e-10       9.779801560951e-14      -3.471664050809e-12       1.635689000742e-15       1.643123097164e-12       3.445999939346e-13      -1.566279772313e-15 
  192       7.376467357651e-10       9.689787083707e-14      -3.329837537733e-12       1.654941305523e-15       1.617585351299e-12       3.405032038495e-13      -1.518484936382e-15 
  193       7.398962214335e-10       9.607150243244e-14      -3.184691329877e-12       1.674310926709e-15       1.592513197420e-12       3.364254425686e-13      -1.470058004974e-15 
  194       7.420716143560e-10       9.532310208893e-14      -3.036260510097e-12       1.693796603445e-15       1.567906873462e-12       3.323683655354e-13      -1.421048037894e-15 
  195       7.441722909514e-10       9.465694285056e-14      -2.884582602453e-12       1.713397024231e-15       1.543765694879e-12       3.283335933378e-13      -1.371505950646e-15 
  196       7.461976389972e-10       9.407737970905e-14      -2.729697602671e-12       1.733110826334e-15       1.520088037612e-12       3.243227106016e-13      -1.321484535677e-15 
  197       7.481470577800e-10       9.358885020088e-14      -2.571648008606e-12       1.752936595207e-15       1.496871321061e-12       3.203372648825e-13      -1.271038483621e-15 
  198       7.500199582449e-10       9.319587500427e-14      -2.410478850707e-12       1.772872863904e-15       1.474111991056e-12       3.163787655589e-13      -1.220224404546e-15 
  199       7.518157631463e-10       9.290305853620e-14      -2.246237722479e-12       1.792918112502e-15       1.451805502821e-12       3.124486827244e-13      -1.169100849191e-15 
  200       7.535339071974e-10       9.271508954946e-14      -2.078974810946e-12       1.813070767511e-15       1.429946303950e-12       3.085484460804e-13      -1.117728330216e-15 
  201       7.551738372206e-10       9.263674172961e-14      -1.908742927115e-12       1.833329201298e-15       1.408527817370e-12       3.046794438288e-13      -1.066169343445e-15 
  202       7.567350122973e-10       9.267287429203e-14      -1.735597536438e-12       1.853691731498e-15       1.387542424316e-12       3.008430215646e-13      -1.014488389107e-15 
  203       7.582169039180e-10       9.282843257894e-14      -1.559596789276e-12       1.874156620435e-15       1.366981447299e-12       2.970404811683e-13      -9.627519930818e-16 
  204       7.596189961324e-10       9.310844865640e-14      -1.380801551363e-12       1.894722074538e-15       1.346835133073e-12       2.932730796986e-13      -9.110287281459e-16 
  205       7.609407856996e-10       9.351804191132e-14      -1.199275434269e-12       1.915386243758e-15       1.327092635608e-12       2.895420282850e-13      -8.593892352128e-16 
  206       7.621817822376e-10       9.406241964848e-14      -1.015084825861e-12       1.936147220985e-15       1.307741999058e-12       2.858484910206e-13      -8.079062445788e-16 
  207       7.633415083742e-10       9.474687768758e-14      -8.282989207693e-13       1.957003041464e-15       1.288770140729e-12       2.821935838541e-13      -7.566545971671e-16 
  208       7.644194998963e-10       9.557680096018e-14      -6.389897508492e-13       1.977951682213e-15       1.270162834050e-12       2.785783734831e-13      -7.057112657710e-16 
  209       7.654153059002e-10       9.655766410680e-14      -4.472322156441e-13       1.998991061442e-15       1.251904691546e-12       2.750038762463e-13      -6.551553762984e-16 
  210       7.663284889418e-10       9.769503207388e-14      -2.531041128493e-13       2.020119037966e-15       1.233979147800e-12       2.714710570161e-13      -6.050682290152e-16 
  211       7.671586251865e-10       9.899456071080e-14      -5.668616877491e-14       2.041333410625e-15       1.216368442429e-12       2.679808280912e-13      -5.555333197899e-16 
  212       7.679053045592e-10       1.004619973669e-13       1.419379311907e-13       2.062631917699e-15       1.199053603050e-12       2.645340480893e-13      -5.066363613367e-16 
  213       7.685681688711e-10       1.021028506284e-13       3.426858401346e-13       2.084012309037e-15       1.182018148725e-12       2.611314790905e-13      -4.584497184169e-16 
  214       7.691470287521e-10       1.039213734816e-13       5.454898283150e-13       2.105472569066e-15       1.165259513825e-12       2.577736571462e-13      -4.109845001700e-16 
  215       7.696417549083e-10       1.059215126048e-13       7.502843427165e-13       2.127010707718e-15       1.148778363062e-12       2.544610108816e-13      -3.642352721536e-16 
  216       7.700522411038e-10       1.081072327851e-13       9.570017406722e-13       2.148624688690e-15       1.132574933156e-12       2.511939012490e-13      -3.181953319543e-16 
  217       7.703784044103e-10       1.104825166441e-13       1.165572270794e-12       2.170312429050e-15       1.116649025597e-12       2.479726203107e-13      -2.728566893999e-16 
  218       7.706201854576e-10       1.130513643638e-13       1.375924053904e-12       2.192071798845e-15       1.100999999416e-12       2.447973900216e-13      -2.282100467707e-16 
  219       7.707775486833e-10       1.158177934127e-13       1.587983063964e-12       2.213900620709e-15       1.085626763941e-12       2.416683610115e-13      -1.842447790118e-16 
  220       7.708504825831e-10       1.187858382721e-13       1.801673109008e-12       2.235796669473e-15       1.070527771567e-12       2.385856113683e-13      -1.409489139445e-16 
  221       7.708389999604e-10       1.219595501614e-13       2.016915812072e-12       2.257757671775e-15       1.055701010516e-12       2.355491454205e-13      -9.830911247869e-17 
  222       7.707431381769e-10       1.253429967646e-13       2.233630592125e-12       2.279781305662e-15       1.041143997605e-12       2.325588925199e-13      -5.631064882399e-17 
  223       7.705629594019e-10       1.289402619565e-13       2.451734645000e-12       2.301865200207e-15       1.026853771008e-12       2.296147058241e-13      -1.493739070213e-17 
  224       7.702985508633e-10       1.327554455277e-13       2.671142924322e-12       2.324006935110e-15       1.012826883018e-12       2.267163610795e-13       2.582822044150e-17 
  225       7.699500250965e-10       1.367926629119e-13       2.891768122445e-12       2.346204040312e-15       9.990593928162e-13       2.238635554035e-13       6.600518922593e-17 
  226       7.695175201954e-10       1.410560449107e-13       3.113520651378e-12       2.368453995601e-15       9.855468592317e-13       2.210559060678e-13       1.056139861228e-16 
  227       7.690012000619e-10       1.455497374205e-13       3.336308623714e-12       2.390754230217e-15       9.722843335077e-13       2.182929492807e-13       1.446765672447e-16 
  228       7.684012546559e-10       1.502779011577e-13       3.560037833567e-12       2.413102122470e-15       9.592663520650e-13       2.155741389699e-13       1.832163941328e-16 
  229       7.677179002457e-10       1.552447113855e-13       3.784611737499e-12       2.435494999337e-15       9.464869292663e-13       2.128988455649e-13       2.212584535459e-16 
  230       7.669513796576e-10       1.604543576392e-13       4.009931435449e-12       2.457930136080e-15       9.339395501802e-13       2.102663547802e-13       2.588292772477e-16 
  231       7.661019625262e-10       1.659110434526e-13       4.235895651668e-12       2.480404755847e-15       9.216171633453e-13       2.076758663975e-13       2.959569617957e-16 
  232       7.651699455444e-10       1.716189860836e-13       4.462400715647e-12       2.502916029286e-15       9.095121735346e-13       2.051264930487e-13       3.326711883289e-16 
  233       7.641556527134e-10       1.775824162408e-13       4.689340543048e-12       2.525461074151e-15       8.976164345191e-13       2.026172589984e-13       3.690032423561e-16 
  234       7.630594355925e-10       1.838055778087e-13       4.916606616637e-12       2.548036954910e-15       8.859212418325e-13       2.001470989268e-13       4.049860335442e-16 
  235       7.618816735495e-10       1.902927275745e-13       5.144087967211e-12       2.570640682356e-15       8.744173255347e-13       1.977148567120e-13       4.406541155062e-16 
  236       7.606227740105e-10       1.970481349535e-13       5.371671154533e-12       2.593269213211e-15       8.630948429765e-13       1.953192842130e-13       4.760437055897e-16 
  237       7.592831727099e-10       2.040760817152e-13       5.599240248258e-12       2.615919449738e-15       8.519433715633e-13       1.929590400524e-13       5.111927046645e-16 
  238       7.578633289166e-10       2.113804709369e-13       5.826683460987e-12       2.638588395561e-15       8.409539146163e-13       1.906329115951e-13       5.461322344613e-16 
  239       7.563637102736e-10       2.189636281413e-13       6.053913532749e-12       2.661273634396e-15       8.301250687611e-13       1.883404983245e-13       5.808606397611e-16 
  240       7.547848075245e-10       2.268274269960e-13       6.280848544498e-12       2.683972879566e-15       8.194572161478e-13       1.860815675068e-13       6.153679495452e-16 
  241       7.531271396936e-10       2.349736724615e-13       6.507405372054e-12       2.706683820332e-15       8.089505419860e-13       1.838558339760e-13       6.496442196714e-16 
  242       7.513912543247e-10       2.434040996928e-13       6.733499681072e-12       2.729404121831e-15       7.986050315556e-13       1.816629593875e-13       6.836795347667e-16 
  243       7.495777277210e-10       2.521203729406e-13       6.959045922003e-12       2.752131425018e-15       7.884204672184e-13       1.795025514715e-13       7.174640101213e-16 
  244       7.476871651843e-10       2.611240844535e-13       7.183957325059e-12       2.774863346601e-15       7.783964254287e-13       1.773741632867e-13       7.509877935816e-16 
  245       7.457202012546e-10       2.704167533791e-13       7.408145895176e-12       2.797597478981e-15       7.685322737443e-13       1.752772924736e-13       7.842410674435e-16 
  246       7.436774999492e-10       2.799998246660e-13       7.631522406984e-12       2.820331390186e-15       7.588271678375e-13       1.732113805085e-13       8.172140503460e-16 
  247       7.415597550024e-10       2.898746679651e-13       7.853996399762e-12       2.843062623814e-15       7.492800485064e-13       1.711758119564e-13       8.498969991644e-16 
  248       7.393676901049e-10       3.000425765313e-13       8.075476172412e-12       2.865788698969e-15       7.398896386856e-13       1.691699137253e-13       8.822802109035e-16 
  249       7.371020591433e-10       3.105047661252e-13       8.295868778414e-12       2.888507110196e-15       7.306544404572e-13       1.671929543189e-13       9.143540245910e-16 
  250       7.347636464393e-10       3.212623739145e-13       8.515080020800e-12       2.911215327424e-15       7.215727320621e-13       1.652441430909e-13       9.461088231711e-16 
  251       7.323532669890e-10       3.323164573758e-13       8.733014447109e-12       2.933910795903e-15       7.126425649105e-13       1.633226294981e-13       9.775350353975e-16 
  252       7.298717667031e-10       3.436679931960e-13       8.949575344358e-12       2.956590936136e-15       7.038617605935e-13       1.614275023542e-13       1.008623137727e-15 
  253       7.273200226454e-10       3.553178761742e-13       9.164664734003e-12       2.979253143827e-15       6.952279078937e-13       1.595577890830e-13       1.039363656213e-15 
  254       7.246989432726e-10       3.672669181230e-13       9.378183366904e-12       3.001894789811e-15       6.867383597961e-13       1.577124549724e-13       1.069747168397e-15 
  255       7.220094686740e-10       3.795158467702e-13       9.590030718290e-12       3.024513219994e-15       6.783902304997e-13       1.558904024274e-13       1.099764305206e-15 
  256       7.192525708106e-10       3.920653046604e-13       9.800104982722e-12       3.047105755294e-15       6.701803924278e-13       1.540904702243e-13       1.129405752841e-15 
  257       7.164292537544e-10       4.049158480568e-13       1.000830306906e-11       3.069669691575e-15       6.621054732394e-13       1.523114327636e-13       1.158662254675e-15 
  258       7.135405539283e-10       4.180679458425e-13       1.021452059542e-11       3.092202299588e-15       6.541618528403e-13       1.505519993240e-13       1.187524613141e-15 
  259       7.105875403450e-10       4.315219784221e-13       1.041865188415e-11       3.114700824906e-15       6.463456603936e-13       1.488108133157e-13       1.215983691632e-15 
  260       7.075713148470e-10       4.452782366236e-13       1.062058995678e-11       3.137162487865e-15       6.386527713314e-13       1.470864515342e-13       1.244030416388e-15 
  261       7.044930123453e-10       4.593369205998e-13       1.082022652901e-11       3.159584483501e-15       6.310788043650e-13       1.453774234133e-13       1.271655778392e-15 
  262       7.013538010597e-10       4.736981387298e-13       1.101745200563e-11       3.181963981486e-15       6.236191184967e-13       1.436821702793e-13       1.298850835264e-15 
  263       6.981548827573e-10       4.883619065209e-13       1.121215547555e-11       3.204298126070e-15       6.162688100304e-13       1.419990646042e-13       1.325606713156e-15 
  264       6.948974929928e-10       5.033281455100e-13       1.140422470670e-11       3.226584036015e-15       6.090227095823e-13       1.403264092592e-13       1.351914608639e-15 
  265       6.915829013471e-10       5.185966821651e-13       1.159354614103e-11       3.248818804535e-15       6.018753790927e-13       1.386624367685e-13       1.377765790603e-15 
  266       6.882123517674e-10       5.341669935273e-13       1.178001278979e-11       3.270999710054e-15       5.948221431573e-13       1.370056924885e-13       1.403153232917e-15 
  267       6.847868795021e-10       5.500374310992e-13       1.196354840472e-11       3.293124861288e-15       5.878622512163e-13       1.353562087323e-13       1.428076606726e-15 
  268       6.813074846909e-10       5.662059526746e-13       1.214408460961e-11       3.315192587070e-15       5.809958812647e-13       1.337143929512e-13       1.452537562932e-15 
  269       6.777751915067e-10       5.826703702846e-13       1.232155312646e-11       3.337201228979e-15       5.742231197562e-13       1.320806494511e-13       1.476538130460e-15 
  270       6.741910482944e-10       5.994283486718e-13       1.249588578373e-11       3.359149141632e-15       5.675439603618e-13       1.304553792956e-13       1.500080720904e-15 
  271       6.705561277089e-10       6.164774037635e-13       1.266701452470e-11       3.381034692982e-15       5.609583027284e-13       1.288389802074e-13       1.523168133178e-15 
  272       6.668715268532e-10       6.338149011457e-13       1.283487141577e-11       3.402856264608e-15       5.544659512374e-13       1.272318464713e-13       1.545803558164e-15 
  273       6.631383674169e-10       6.514380545367e-13       1.299938865476e-11       3.424612252012e-15       5.480666137635e-13       1.256343688358e-13       1.567990583358e-15 
  274       6.593577958141e-10       6.693439242607e-13       1.316049857926e-11       3.446301064912e-15       5.417599004331e-13       1.240469344157e-13       1.589733197524e-15 
  275       6.555309833220e-10       6.875294157217e-13       1.331813367490e-11       3.467921127535e-15       5.355453223827e-13       1.224699265942e-13       1.611035795339e-15 
  276       6.516591262186e-10       7.059912778770e-13       1.347222658367e-11       3.489470878914e-15       5.294222905180e-13       1.209037249253e-13       1.631903182042e-15 
  277       6.477434459215e-10       7.247261017108e-13       1.362271011226e-11       3.510948773181e-15       5.233901142724e-13       1.193487050357e-13       1.652340578085e-15 
  278       6.437851891257e-10       7.437303187084e-13       1.376951724035e-11       3.532353279859e-15       5.174480003652e-13       1.178052385273e-13       1.672353623778e-15 
  279       6.397856279420e-10       7.630001993291e-13       1.391258112893e-11       3.553682884162e-15       5.115950515607e-13       1.162736928793e-13       1.691948383940e-15 
  280       6.357460600352e-10       7.825318514807e-13       1.405183512862e-11       3.574936087282e-15       5.058302654266e-13       1.147544313506e-13       1.711131352549e-15 
  281       6.316678087621e-10       8.023212189925e-13       1.418721278795e-11       3.596111406687e-15       5.001525330924e-13       1.132478128819e-13       1.729909457389e-15 
  282       6.275522233102e-10       8.223640800895e-13       1.431864786171e-11       3.617207376416e-15       4.945606380085e-13       1.117541919979e-13       1.748290064697e-15 
  283       6.234006788353e-10       8.426560458657e-13       1.444607431927e-11       3.638222547372e-15       4.890532547044e-13       1.102739187095e-13       1.766280983815e-15 
  284       6.192145766005e-10       8.631925587582e-13       1.456942635284e-11       3.659155487615e-15       4.836289475475e-13       1.088073384162e-13       1.783890471838e-15 
  285       6.149953441135e-10       8.839688910205e-13       1.468863838584e-11       3.680004782658e-15       4.782861695017e-13       1.073547918084e-13       1.801127238260e-15 
  286       6.107444352655e-10       9.049801431964e-13       1.480364508118e-11       3.700769035762e-15       4.730232608858e-13       1.059166147692e-13       1.818000449627e-15 
  287       6.064633304692e-10       9.262212425936e-13       1.491438134956e-11       3.721446868227e-15       4.678384481324e-13       1.044931382771e-13       1.834519734183e-15 
  288       6.021535367970e-10       9.476869417574e-13       1.502078235785e-11       3.742036919688e-15       4.627298425464e-13       1.030846883079e-13       1.850695186518e-15 
  289       5.978165881192e-10       9.693718169446e-13       1.512278353732e-11       3.762537848411e-15       4.576954390636e-13       1.016915857372e-13       1.866537372220e-15 
  290       5.934540452424e-10       9.912702665968e-13       1.522032059199e-11       3.782948331584e-15       4.527331150093e-13       1.003141462423e-13       1.882057332518e-15 
  291       5.890674960474e-10       1.013376509814e-12       1.531332950698e-11       3.803267065613e-15       4.478406288568e-13       9.895268020502e-14       1.897266588939e-15 
  292       5.846585556276e-10       1.035684584830e-12       1.540174655674e-11       3.823492766415e-15       4.430156189864e-13       9.760749261313e-14       1.912177147948e-15 
  293       5.802288664273e-10       1.058188347483e-12       1.548550831343e-11       3.843624169715e-15       4.382556024434e-13       9.627888296320e-14       1.926801505604e-15 
  294       5.757800983799e-10       1.080881469691e-12       1.556455165521e-11       3.863660031337e-15       4.335579736973e-13       9.496714516260e-14       1.941152652204e-15 
  295       5.713139490458e-10       1.103757437927e-12       1.563881377455e-11       3.883599127499e-15       4.289200034001e-13       9.367256743176e-14       1.955244076933e-15 
  296       5.668321437511e-10       1.126809551689e-12       1.570823218656e-11       3.903440255109e-15       4.243388371449e-13       9.239543220639e-14       1.969089772513e-15 
  297       5.623363307035e-10       1.150031106908e-12       1.577275117470e-11       3.923182395838e-15       4.198120322885e-13       9.113595964630e-14       1.982701153064e-15 
  298       5.578277604068e-10       1.173415959170e-12       1.583234145822e-11       3.942825216587e-15       4.153391998882e-13       8.989413531934e-14       1.996077632093e-15 
  299       5.533075909001e-10       1.196957984949e-12       1.588698149898e-11       3.962368593972e-15       4.109204403237e-13       8.866987393293e-14       2.009215594619e-15 
  300       5.487769913682e-10       1.220650897879e-12       1.593665116734e-11       3.981812453255e-15       4.065558119314e-13       8.746307479758e-14       2.022111443055e-15 
  301       5.442371421376e-10       1.244488247479e-12       1.598133175918e-11       4.001156768861e-15       4.022453304925e-13       8.627362165263e-14       2.034761597679e-15 
  302       5.396892346720e-10       1.268463417880e-12       1.602100601297e-11       4.020401564896e-15       3.979889687214e-13       8.510138249207e-14       2.047162497089e-15 
  303       5.351344715683e-10       1.292569626543e-12       1.605565812678e-11       4.039546915656e-15       3.937866557537e-13       8.394620939030e-14       2.059310598676e-15 
  304       5.305740665527e-10       1.316799922990e-12       1.608527377533e-11       4.058592946153e-15       3.896382766341e-13       8.280793832784e-14       2.071202379079e-15 
  305       5.260092444759e-10       1.341147187525e-12       1.610984012704e-11       4.077539832623e-15       3.855436718051e-13       8.168638901720e-14       2.082834334655e-15 
  306       5.214412413095e-10       1.365604129958e-12       1.612934586107e-11       4.096387803048e-15       3.815026365944e-13       8.058136472857e-14       2.094202981938e-15 
  307       5.168713041417e-10       1.390163288332e-12       1.614378118435e-11       4.115137137670e-15       3.775149207038e-13       7.949265211563e-14       2.105304858105e-15 
  308       5.123006911728e-10       1.414817027646e-12       1.615313784865e-11       4.133788169505e-15       3.735802276969e-13       7.842002104130e-14       2.116136521439e-15 
  309       5.077306717115e-10       1.439557538577e-12       1.615740916757e-11       4.152341284864e-15       3.696982144870e-13       7.736322440355e-14       2.126694551792e-15 
  310       5.031625261703e-10       1.464376836211e-12       1.615659003362e-11       4.170796923865e-15       3.658684908260e-13       7.632199796111e-14       2.136975551048e-15 
  311       4.985975460616e-10       1.489266758759e-12       1.615067693525e-11       4.189155580954e-15       3.620906187919e-13       7.529606015931e-14       2.146976143590e-15 
  312       4.940370339934e-10       1.514218966288e-12       1.613966797391e-11       4.207417805414e-15       3.583641122770e-13       7.428511195578e-14       2.156692976758e-15 
  313       4.894823036652e-10       1.539224939443e-12       1.612356288104e-11       4.225584201889e-15       3.546884364763e-13       7.328883664630e-14       2.166122721317e-15 
  314       4.849346798638e-10       1.564275978171e-12       1.610236303518e-11       4.243655430896e-15       3.510630073755e-13       7.230689969048e-14       2.175262071919e-15 
  315       4.803954984590e-10       1.589363200446e-12       1.607607147894e-11       4.261632209341e-15       3.474871912393e-13       7.133894853762e-14       2.184107747567e-15 
  316       4.758661063998e-10       1.614477540992e-12       1.604469293611e-11       4.279515311039e-15       3.439603040990e-13       7.038461245242e-14       2.192656492075e-15 
  317       4.713478617098e-10       1.639609750013e-12       1.600823382863e-11       4.297305567224e-15       3.404816112414e-13       6.944350234077e-14       2.200905074538e-15 
  318       4.668421334830e-10       1.664750391908e-12       1.596670229370e-11       4.315003867073e-15       3.370503266964e-13       6.851521057552e-14       2.208850289791e-15 
  319       4.623503018802e-10       1.689889844004e-12       1.592010820077e-11       4.332611158215e-15       3.336656127254e-13       6.759931082228e-14       2.216488958873e-15 
  320       4.578737581241e-10       1.715018295276e-12       1.586846316860e-11       4.350128447252e-15       3.303265793091e-13       6.669535786514e-14       2.223817929492e-15 
  321       4.534139044957e-10       1.740125745073e-12       1.581178058232e-11       4.367556800273e-15       3.270322836361e-13       6.580288743246e-14       2.230834076487e-15 
  322       4.489721543298e-10       1.765202001840e-12       1.575007561043e-11       4.384897343372e-15       3.237817295908e-13       6.492141602267e-14       2.237534302293e-15 
  323       4.445499320108e-10       1.790236681847e-12       1.568336522187e-11       4.402151263162e-15       3.205738672415e-13       6.405044073000e-14       2.243915537401e-15 
  324       4.401486729690e-10       1.815219207910e-12       1.561166820305e-11       4.419319807294e-15       3.174075923286e-13       6.318943907026e-14       2.249974740828e-15 
  325       4.357698236757e-10       1.840138808114e-12       1.553500517490e-11       4.436404284971e-15       3.142817457527e-13       6.233786880665e-14       2.255708900575e-15 
  326       4.314148416394e-10       1.864984514542e-12       1.545339860991e-11       4.453406067464e-15       3.111951130629e-13       6.149516777548e-14       2.261115034092e-15 
  327       4.270851954020e-10       1.889745161997e-12       1.536687284914e-11       4.470326588632e-15       3.081464239447e-13       6.066075371197e-14       2.266190188742e-15 
  328       4.227823645338e-10       1.914409386726e-12       1.527545411933e-11       4.487167345432e-15       3.051343517083e-13       5.983402407599e-14       2.270931442263e-15 
  329       4.185078396300e-10       1.938965625143e-12       1.517917054986e-11       4.503929898443e-15       3.021575127766e-13       5.901435587789e-14       2.275335903237e-15 
  330       4.142631223062e-10       1.963402112559e-12       1.507805218985e-11       4.520615872375e-15       2.992144661735e-13       5.820110550421e-14       2.279400711545e-15 
  331       4.100497251944e-10       1.987706881899e-12       1.497213102518e-11       4.537226956589e-15       2.963037130120e-13       5.739360854348e-14       2.283123038836e-15 
  332       4.058690547735e-10       2.011868646395e-12       1.486144122427e-11       4.553764847044e-15       2.934239763785e-13       5.659131527482e-14       2.286500900546e-15 
  333       4.017220542228e-10       2.035879492800e-12       1.474601985249e-11       4.570231068272e-15       2.905750555223e-13       5.579420402011e-14       2.289535630143e-15 
  334       3.976095449751e-10       2.059732303202e-12       1.462590622227e-11       4.586627144647e-15       2.877570079404e-13       5.500238548906e-14       2.292229513758e-15 
  335       3.935323423452e-10       2.083419881352e-12       1.450114168437e-11       4.602954658699e-15       2.849698721368e-13       5.421596871648e-14       2.294584989710e-15 
  336       3.894912553984e-10       2.106934952345e-12       1.437176964521e-11       4.619215251569e-15       2.822136674147e-13       5.343506103532e-14       2.296604649851e-15 
  337       3.854870868196e-10       2.130270162302e-12       1.423783558413e-11       4.635410623463e-15       2.794883936694e-13       5.265976804973e-14       2.298291240909e-15 
  338       3.815206327816e-10       2.153418078059e-12       1.409938707066e-11       4.651542534102e-15       2.767940311804e-13       5.189019360802e-14       2.299647665834e-15 
  339       3.775926828136e-10       2.176371186847e-12       1.395647378186e-11       4.667612803177e-15       2.741305404040e-13       5.112643977574e-14       2.300676985139e-15 
  340       3.737040196705e-10       2.199121895978e-12       1.380914751958e-11       4.683623310802e-15       2.714978617662e-13       5.036860680865e-14       2.301382418248e-15 
  341       3.698554192007e-10       2.221662532527e-12       1.365746222773e-11       4.699575997963e-15       2.688959154544e-13       4.961679312579e-14       2.301767344840e-15 
  342       3.660476502154e-10       2.243985343017e-12       1.350147400961e-11       4.715472866974e-15       2.663246012106e-13       4.887109528249e-14       2.301835306191e-15 
  343       3.622814743571e-10       2.266082493103e-12       1.334124114517e-11       4.731315981931e-15       2.637837981237e-13       4.813160794335e-14       2.301590006520e-15 
  344       3.585576459681e-10       2.287946067255e-12       1.317682410832e-11       4.747107469161e-15       2.612733644215e-13       4.739842385532e-14       2.301035314335e-15 
  345       3.548769119591e-10       2.309568068445e-12       1.300828558419e-11       4.762849517675e-15       2.587931372639e-13       4.667163382071e-14       2.300175263773e-15 
  346       3.512400116783e-10       2.330940417824e-12       1.283569048647e-11       4.778544379625e-15       2.563429325351e-13       4.595132667018e-14       2.299014055950e-15 
  347       3.476476767794e-10       2.352054954415e-12       1.265910597462e-11       4.794194370752e-15       2.539225446359e-13       4.523758923580e-14       2.297556060300e-15 
  348       3.441006310908e-10       2.372903434790e-12       1.247860147125e-11       4.809801870839e-15       2.515317462763e-13       4.453050632405e-14       2.295805815924e-15 
  349       3.405995904841e-10       2.393477532756e-12       1.229424867934e-11       4.825369324168e-15       2.491702882682e-13       4.383016068885e-14       2.293768032930e-15 
  350       3.371452627425e-10       2.413768839039e-12       1.210612159956e-11       4.840899239968e-15       2.468378993177e-13       4.313663300459e-14       2.291447593783e-15 
  351       3.337383474298e-10       2.433768860969e-12       1.191429654756e-11       4.856394192870e-15       2.445342858175e-13       4.245000183913e-14       2.288849554643e-15 
  352       3.303795357587e-10       2.453469022161e-12       1.171885217125e-11       4.871856823358e-15       2.422591316395e-13       4.177034362686e-14       2.285979146714e-15 
  353       3.270695104599e-10       2.472860662204e-12       1.151986946809e-11       4.887289838225e-15       2.400120979274e-13       4.109773264167e-14       2.282841777587e-15 
  354       3.238089456503e-10       2.491935036339e-12       1.131743180238e-11       4.902696011022e-15       2.377928228891e-13       4.043224097003e-14       2.279443032584e-15 
  355       3.205985067021e-10       2.510683315145e-12       1.111162492255e-11       4.918078182513e-15       2.356009215888e-13       3.977393848398e-14       2.275788676103e-15 
  356       3.174388501108e-10       2.529096584225e-12       1.090253697847e-11       4.933439261126e-15       2.334359857403e-13       3.912289281414e-14       2.271884652962e-15 
  357       3.143306233647e-10       2.547165843889e-12       1.069025853870e-11       4.948782223408e-15       2.312975834988e-13       3.847916932276e-14       2.267737089745e-15 
  358       3.112744648128e-10       2.564882008835e-12       1.047488260779e-11       4.964110114474e-15       2.291852592536e-13       3.784283107676e-14       2.263352296142e-15 
  359       3.082710035338e-10       2.582235907837e-12       1.025650464360e-11       4.979426048464e-15       2.270985334206e-13       3.721393882067e-14       2.258736766299e-15 
  360       3.053208592048e-10       2.599218283425e-12       1.003522257456e-11       4.994733208994e-15       2.250369022349e-13       3.659255094977e-14       2.253897180158e-15 
  361       3.024246419699e-10       2.615819791574e-12       9.811136816953e-12       5.010034849607e-15       2.229998375431e-13       3.597872348299e-14       2.248840404805e-15 
  362       2.995829523087e-10       2.632031001382e-12       9.584350292242e-12       5.025334294227e-15       2.209867865959e-13       3.537251003605e-14       2.243573495812e-15 
  363       2.967963809050e-10       2.647842394759e-12       9.354968444318e-12       5.040634937613e-15       2.189971718404e-13       3.477396179438e-14       2.238103698582e-15 
  364       2.940655085157e-10       2.663244366105e-12       9.123099256811e-12       5.055940245810e-15       2.170303907130e-13       3.418312748621e-14       2.232438449692e-15 
  365       2.913909058391e-10       2.678227222003e-12       8.888853270374e-12       5.071253756602e-15       2.150858154314e-13       3.360005335557e-14       2.226585378240e-15 
  366       2.887731333839e-10       2.692781180892e-12       8.652343599974e-12       5.086579079964e-15       2.131627927875e-13       3.302478313532e-14       2.220552307190e-15 
  367       2.862127413375e-10       2.706896372759e-12       8.413685952178e-12       5.101919898517e-15       2.112606439396e-13       3.245735802014e-14       2.214347254711e-15 
  368       2.837102694348e-10       2.720562838821e-12       8.172998642447e-12       5.117279967979e-15       2.093786642048e-13       3.189781663960e-14       2.207978435528e-15 
  369       2.812662468271e-10       2.733770531205e-12       7.930402612421e-12       5.132663117616e-15       2.075161228521e-13       3.134619503116e-14       2.201454262263e-15 
  370       2.788811919503e-10       2.746509312640e-12       7.686021447211e-12       5.148073250700e-15       2.056722628941e-13       3.080252661319e-14       2.194783346778e-15 
  371       2.765555547045e-10       2.758770225798e-12       7.439972428223e-12       5.163513987018e-15       2.038464385646e-13       3.026683245031e-14       2.187973161506e-15 
  372       2.742895407672e-10       2.770549356748e-12       7.192339270454e-12       5.178987574083e-15       2.020385341027e-13       2.973909168476e-14       2.181025962953e-15 
  373       2.720832801527e-10       2.781844121953e-12       6.943198353096e-12       5.194495934238e-15       2.002485609369e-13       2.921926989594e-14       2.173942711433e-15 
  374       2.699368841010e-10       2.792652013022e-12       6.692627597234e-12       5.210041018897e-15       1.984765213904e-13       2.870732866847e-14       2.166724396877e-15 
  375       2.678504448956e-10       2.802970597500e-12       6.440706475339e-12       5.225624808681e-15       1.967224085941e-13       2.820322555677e-14       2.159372039014e-15 
  376       2.658240356826e-10       2.812797519657e-12       6.187516020765e-12       5.241249313563e-15       1.949862063983e-13       2.770691404962e-14       2.151886687547e-15 
  377       2.638577102888e-10       2.822130501273e-12       5.933138837240e-12       5.256916573007e-15       1.932678892851e-13       2.721834353475e-14       2.144269422334e-15 
  378       2.619515030404e-10       2.830967342429e-12       5.677659108366e-12       5.272628656111e-15       1.915674222806e-13       2.673745926343e-14       2.136521353566e-15 
  379       2.601054285814e-10       2.839305922290e-12       5.421162607107e-12       5.288387661749e-15       1.898847608670e-13       2.626420231504e-14       2.128643621949e-15 
  380       2.583194816922e-10       2.847144199901e-12       5.163736705290e-12       5.304195718711e-15       1.882198508949e-13       2.579850956166e-14       2.120637398880e-15 
  381       2.565936371078e-10       2.854480214965e-12       4.905470383098e-12       5.320054985844e-15       1.865726284956e-13       2.534031363267e-14       2.112503886629e-15 
  382       2.549278493367e-10       2.861312088638e-12       4.646454238562e-12       5.335967652195e-15       1.849430199930e-13       2.488954287927e-14       2.104244318515e-15 
  383       2.533220524790e-10       2.867638024314e-12       4.386780497057e-12       5.351935937154e-15       1.833309418160e-13       2.444612133915e-14       2.095859959090e-15 
  384       2.517761600453e-10       2.873456308414e-12       4.126543020802e-12       5.367962090591e-15       1.817363004107e-13       2.400996870098e-14       2.087352104314e-15 
  385       2.502900647747e-10       2.878765311174e-12       3.865837318345e-12       5.384048393001e-15       1.801589921526e-13       2.358100026908e-14       2.078722081735e-15 
  386       2.488636384538e-10       2.883563487431e-12       3.604760554067e-12       5.400197155644e-15       1.785989032589e-13       2.315912692793e-14       2.069971250672e-15 
  387       2.474967317349e-10       2.887849377411e-12       3.343411557671e-12       5.416410720687e-15       1.770559097004e-13       2.274425510678e-14       2.061101002389e-15 
  388       2.461891739544e-10       2.891621607521e-12       3.081890833677e-12       5.432691461346e-15       1.755298771139e-13       2.233628674426e-14       2.052112760277e-15 
  389       2.449407729516e-10       2.894878891131e-12       2.820300570923e-12       5.449041782024e-15       1.740206607145e-13       2.193511925290e-14       2.043007980033e-15 
  390       2.437513148869e-10       2.897620029366e-12       2.558744652050e-12       5.465464118460e-15       1.725281052077e-13       2.154064548378e-14       2.033788149841e-15 
  391       2.426205640604e-10       2.899843911892e-12       2.297328663005e-12       5.481960937862e-15       1.710520447014e-13       2.115275369105e-14       2.024454790547e-15 
  392       2.415482627306e-10       2.901549517705e-12       2.036159902531e-12       5.498534739054e-15       1.695923026186e-13       2.077132749655e-14       2.015009455843e-15 
  393       2.405341309326e-10       2.902735915917e-12       1.775347391665e-12       5.515188052613e-15       1.681486916091e-13       2.039624585439e-14       2.005453732442e-15 
  394       2.395778662965e-10       2.903402266547e-12       1.515001883229e-12       5.531923441018e-15       1.667210134619e-13       2.002738301552e-14       1.995789240260e-15 
  395       2.386791438663e-10       2.903547821304e-12       1.255235871329e-12       5.548743498782e-15       1.653090590174e-13       1.966460849229e-14       1.986017632596e-15 
  396       2.378376159182e-10       2.903171924380e-12       9.961636008450e-13       5.565650852600e-15       1.639126080799e-13       1.930778702311e-14       1.976140596308e-15 
  397       2.370529117789e-10       2.902274013236e-12       7.379010769309e-13       5.582648161488e-15       1.625314293290e-13       1.895677853692e-14       1.966159851996e-15 
  398       2.363246376444e-10       2.900853619389e-12       4.805660745055e-13       5.599738116927e-15       1.611652802328e-13       1.861143811788e-14       1.956077154177e-15 
  399       2.356523763981e-10       2.898910369199e-12       2.242781477486e-13       5.616923443000e-15       1.598139069593e-13       1.827161596988e-14       1.945894291470e-15 
  400       2.350356874299e-10       2.896443984660e-12      -3.084136040418e-14       5.634206896537e-15       1.584770442891e-13       1.793715738114e-14       1.935613086769e-15 
  401       2.344741064540e-10       2.893454284185e-12      -2.846693087671e-13       5.651591267255e-15       1.571544155272e-13       1.760790268880e-14       1.925235397426e-15 
  402       2.339671453279e-10       2.889941183395e-12      -5.370807484090e-13       5.669079377900e-15       1.558457324157e-13       1.728368724351e-14       1.914763115431e-15 
  403       2.335142918707e-10       2.885904695909e-12      -7.879489131591e-13       5.686674084389e-15       1.545506950456e-13       1.696434137398e-14       1.904198167589e-15 
  404       2.331150096816e-10       2.881344934126e-12      -1.037145210112e-12       5.704378275951e-15       1.532689917690e-13       1.664969035161e-14       1.893542515699e-15 
  405       2.327687379582e-10       2.876262110020e-12      -1.284539210132e-12       5.722194875267e-15       1.520002991117e-13       1.633955435502e-14       1.882798156736e-15 
  406       2.324748913155e-10       2.870656535921e-12      -1.529998638360e-12       5.740126838613e-15       1.507442816849e-13       1.603374843467e-14       1.871967123028e-15 
  407       2.322328596038e-10       2.864528625310e-12      -1.773389364719e-12       5.758177156003e-15       1.495005920977e-13       1.573208247740e-14       1.861051482436e-15 
  408       2.320420077277e-10       2.857878893601e-12      -2.014575394417e-12       5.776348851326e-15       1.482688708694e-13       1.543436117108e-14       1.850053338532e-15 
  409       2.319016754641e-10       2.850707958930e-12      -2.253418858452e-12       5.794644982493e-15       1.470487463412e-13       1.514038396912e-14       1.838974830781e-15 
  410       2.318112215102e-10       2.843017219796e-12      -2.489794175144e-12       5.813068191532e-15       1.458398998565e-13       1.484998163804e-14       1.827817915034e-15 
  411       2.317701577147e-10       2.834810912806e-12      -2.723631106710e-12       5.831619337046e-15       1.446422640221e-13       1.456312739846e-14       1.816583696086e-15 
  412       2.317780192440e-10       2.826094129358e-12      -2.954873209031e-12       5.850298813599e-15       1.434558312964e-13       1.427982965097e-14       1.805273071826e-15 
  413       2.318343206333e-10       2.816872146641e-12      -3.183463798973e-12       5.869106997202e-15       1.422805893147e-13       1.400009573940e-14       1.793886950817e-15 
  414       2.319385556363e-10       2.807150428902e-12      -3.409345954990e-12       5.888044245138e-15       1.411165208484e-13       1.372393194147e-14       1.782426252315e-15 
  415       2.320901970755e-10       2.796934628721e-12      -3.632462517711e-12       5.907110895780e-15       1.399636037635e-13       1.345134345941e-14       1.770891906291e-15 
  416       2.322886966917e-10       2.786230588275e-12      -3.852756090546e-12       5.926307268410e-15       1.388218109792e-13       1.318233441062e-14       1.759284853457e-15 
  417       2.325334849945e-10       2.775044340611e-12      -4.070169040278e-12       5.945633663045e-15       1.376911104264e-13       1.291690781826e-14       1.747606045284e-15 
  418       2.328239711122e-10       2.763382110917e-12      -4.284643497661e-12       5.965090360256e-15       1.365714650069e-13       1.265506560193e-14       1.735856444030e-15 
  419       2.331595426415e-10       2.751250317788e-12      -4.496121358018e-12       5.984677620987e-15       1.354628325515e-13       1.239680856827e-14       1.724037022759e-15 
  420       2.335395654977e-10       2.738655574501e-12      -4.704544281833e-12       6.004395686378e-15       1.343651657792e-13       1.214213640160e-14       1.712148765366e-15 
  421       2.339633837647e-10       2.725604690280e-12      -4.909853695353e-12       6.024244777585e-15       1.332784122554e-13       1.189104765457e-14       1.700192666599e-15 
  422       2.344303195447e-10       2.712104671568e-12      -5.111990791185e-12       6.044225095602e-15       1.322025143510e-13       1.164353973879e-14       1.688169732081e-15 
  423       2.349396728089e-10       2.698162723297e-12      -5.310896528888e-12       6.064336821083e-15       1.311374092008e-13       1.139960891543e-14       1.676080978336e-15 
  424       2.354907212466e-10       2.683786250159e-12      -5.506511635573e-12       6.084580114157e-15       1.300830286623e-13       1.115925028589e-14       1.663927432808e-15 
  425       2.360827201157e-10       2.668982857871e-12      -5.698776606499e-12       6.104955114259e-15       1.290392992743e-13       1.092245778244e-14       1.651710133885e-15 
  426       2.367149020927e-10       2.653760354453e-12      -5.887631705671e-12       6.125461939941e-15       1.280061422159e-13       1.068922415881e-14       1.639430130924e-15 
  427       2.373864771224e-10       2.638126751490e-12      -6.073016966435e-12       6.146100688699e-15       1.269834732645e-13       1.045954098087e-14       1.627088484271e-15 
  428       2.380966322683e-10       2.622090265406e-12      -6.254872192076e-12       6.166871436794e-15       1.259712027553e-13       1.023339861722e-14       1.614686265285e-15 
  429       2.388445315621e-10       2.605659318733e-12      -6.433136956414e-12       6.187774239068e-15       1.249692355393e-13       1.001078622986e-14       1.602224556361e-15 
  430       2.396293158542e-10       2.588842541380e-12      -6.607750604401e-12       6.208809128770e-15       1.239774709424e-13       9.791691764807e-15       1.589704450952e-15 
  431       2.404501026631e-10       2.571648771905e-12      -6.778652252718e-12       6.229976117376e-15       1.229958027239e-13       9.576101942738e-15       1.577127053594e-15 
  432       2.413059860260e-10       2.554087058782e-12      -6.945780790371e-12       6.251275194410e-15       1.220241190353e-13       9.364002249605e-15       1.564493479926e-15 
  433       2.421960363485e-10       2.536166661675e-12      -7.109074879290e-12       6.272706327260e-15       1.210623023788e-13       9.155376927285e-15       1.551804856714e-15 
  434       2.431193002543e-10       2.517897052701e-12      -7.268472954921e-12       6.294269461009e-15       1.201102295661e-13       8.950208964205e-15       1.539062321874e-15 
  435       2.440748004357e-10       2.499287917708e-12      -7.423913226830e-12       6.315964518246e-15       1.191677716771e-13       8.748480085982e-15       1.526267024497e-15 
  436       2.450615355035e-10       2.480349157540e-12      -7.575333679293e-12       6.337791398893e-15       1.182347940187e-13       8.550170746050e-15       1.513420124866e-15 
  437       2.460784798365e-10       2.461090889306e-12      -7.722672071895e-12       6.359749980025e-15       1.173111560830e-13       8.355260116298e-15       1.500522794486e-15 
  438       2.471245834322e-10       2.441523447655e-12      -7.865865940128e-12       6.381840115687e-15       1.163967115066e-13       8.163726077700e-15       1.487576216100e-15 
  439       2.481987717561e-10       2.421657386038e-12      -8.004852595989e-12       6.404061636722e-15       1.154913080289e-13       7.975545210952e-15       1.474581583717e-15 
  440       2.492999455923e-10       2.401503477987e-12      -8.139569128572e-12       6.426414350587e-15       1.145947874507e-13       7.790692787103e-15       1.461540102633e-15 
  441       2.504269808931e-10       2.381072718378e-12      -8.269952404667e-12       6.448898041173e-15       1.137069855934e-13       7.609142758186e-15       1.448452989453e-15 
  442       2.515787286289e-10       2.360376324703e-12      -8.395939069361e-12       6.471512468631e-15       1.128277322570e-13       7.430867747860e-15       1.435321472116e-15 
  443       2.527540146387e-10       2.339425738340e-12      -8.517465546627e-12       6.494257369188e-15       1.119568511793e-13       7.255839042032e-15       1.422146789914e-15 
  444       2.539516394797e-10       2.318232625824e-12      -8.634468039926e-12       6.517132454972e-15       1.110941599944e-13       7.084026579499e-15       1.408930193521e-15 
  445       2.551703782771e-10       2.296808880115e-12      -8.746882532805e-12       6.540137413830e-15       1.102394701914e-13       6.915398942579e-15       1.395672945007e-15 
  446       2.564089805746e-10       2.275166621868e-12      -8.854644789487e-12       6.563271909150e-15       1.093925870728e-13       6.749923347743e-15       1.382376317872e-15 
  447       2.576661701841e-10       2.253318200705e-12      -8.957690355477e-12       6.586535579682e-15       1.085533097137e-13       6.587565636248e-15       1.369041597057e-15 
  448       2.589406450356e-10       2.231276196482e-12      -9.055954558149e-12       6.609928039360e-15       1.077214309203e-13       6.428290264776e-15       1.355670078977e-15 
  449       2.602312002497e-10       2.209052911555e-12      -9.149383949899e-12       6.633448646718e-15       1.068967724937e-13       6.272063558443e-15       1.342263037095e-15 
  450       2.615371020453e-10       2.186658826894e-12      -9.237971044135e-12       6.657095805291e-15       1.060792923643e-13       6.118863604849e-15       1.328821617393e-15 
  451       2.628577256401e-10       2.164104098493e-12      -9.321720704854e-12       6.680867640217e-15       1.052689808440e-13       5.968670661870e-15       1.315346939567e-15 
  452       2.641924330452e-10       2.141399062824e-12      -9.400638813085e-12       6.704762226277e-15       1.044658256144e-13       5.821463916813e-15       1.301840131160e-15 
  453       2.655405729886e-10       2.118554237800e-12      -9.474732274282e-12       6.728777587583e-15       1.036698117059e-13       5.677221478983e-15       1.288302327571e-15 
  454       2.669014808382e-10       2.095580323749e-12      -9.544009025715e-12       6.752911697257e-15       1.028809214779e-13       5.535920372260e-15       1.274734672051e-15 
  455       2.682744785251e-10       2.072488204375e-12      -9.608478043865e-12       6.777162477120e-15       1.020991345979e-13       5.397536527665e-15       1.261138315711e-15 
  456       2.696588744666e-10       2.049288947733e-12      -9.668149351817e-12       6.801527797371e-15       1.013244280215e-13       5.262044775933e-15       1.247514417521e-15 
  457       2.710539634895e-10       2.025993807189e-12      -9.723034026647e-12       6.826005476278e-15       1.005567759721e-13       5.129418840084e-15       1.233864144311e-15 
  458       2.724590267534e-10       2.002614222393e-12      -9.773144206824e-12       6.850593279855e-15       9.979614992035e-14       4.999631327992e-15       1.220188670779e-15 
  459       2.738733316733e-10       1.979161820243e-12      -9.818493099592e-12       6.875288921550e-15       9.904251856369e-14       4.872653724961e-15       1.206489179487e-15 
  460       2.752961318437e-10       1.955648415856e-12      -9.859094988373e-12       6.900090061929e-15       9.829584780635e-14       4.748456386290e-15       1.192766860869e-15 
  461       2.767266669608e-10       1.932086013533e-12      -9.894965240152e-12       6.924994308359e-15       9.755610073877e-14       4.627008529848e-15       1.179022913230e-15 
  462       2.781641627464e-10       1.908486807725e-12      -9.926120312872e-12       6.949999214694e-15       9.682323761731e-14       4.508278228642e-15       1.165258542746e-15 
  463       2.796078308707e-10       1.884863184007e-12      -9.952577762830e-12       6.975102280957e-15       9.609721584386e-14       4.392232403393e-15       1.151474963474e-15 
  464       2.810568688755e-10       1.861227720039e-12      -9.974356252062e-12       7.000300953024e-15       9.537798994556e-14       4.278836815100e-15       1.137673397347e-15 
  465       2.825104600975e-10       1.837593186535e-12      -9.991475555745e-12       7.025592622312e-15       9.466551155437e-14       4.168056057616e-15       1.123855074180e-15 
  466       2.839677735915e-10       1.813972548233e-12      -1.000395656958e-11       7.050974625457e-15       9.395972938678e-14       4.059853550219e-15       1.110021231672e-15 
  467       2.854279640533e-10       1.790378964861e-12      -1.001182131720e-11       7.076444244004e-15       9.326058922343e-14       3.954191530179e-15       1.096173115406e-15 
  468       2.868901717431e-10       1.766825792104e-12      -1.001509295753e-11       7.101998704088e-15       9.256803388877e-14       3.851031045334e-15       1.082311978857e-15 
  469       2.883535224088e-10       1.743326582572e-12      -1.001379579223e-11       7.127635176118e-15       9.188200323069e-14       3.750331946657e-15       1.068439083387e-15 
  470       2.898171272086e-10       1.719895086769e-12      -1.000795527304e-11       7.153350774463e-15       9.120243410020e-14       3.652052880829e-15       1.054555698254e-15 
  471       2.912800826350e-10       1.696545254058e-12      -9.997598009202e-12       7.179142557134e-15       9.052926033107e-14       3.556151282809e-15       1.040663100608e-15 
  472       2.927414704371e-10       1.673291233629e-12      -9.982751774832e-12       7.205007525469e-15       8.986241271945e-14       3.462583368407e-15       1.026762575501e-15 
  473       2.942003575447e-10       1.650147375471e-12      -9.963445516335e-12       7.230942623820e-15       8.920181900356e-14       3.371304126852e-15       1.012855415883e-15 
  474       2.956557959905e-10       1.627128231332e-12      -9.939709359779e-12       7.256944739231e-15       8.854740384333e-14       3.282267313366e-15       9.989429226053e-16 
  475       2.971068228339e-10       1.604248555691e-12      -9.911574618297e-12       7.283010701127e-15       8.789908880002e-14       3.195425441732e-15       9.850264044271e-16 
  476       2.985524600843e-10       1.581523306729e-12      -9.879073799477e-12       7.309137280998e-15       8.725679231590e-14       3.110729776867e-15       9.711071780133e-16 
  477       2.999917146235e-10       1.558967647287e-12      -9.842240612756e-12       7.335321192081e-15       8.662042969389e-14       3.028130327392e-15       9.571865679385e-16 
  478       3.014235781297e-10       1.536596945843e-12      -9.801109976809e-12       7.361559089045e-15       8.598991307722e-14       2.947575838205e-15       9.432659066900e-16 
  479       3.028470270002e-10       1.514426777474e-12      -9.755718026947e-12       7.387847567674e-15       8.536515142905e-14       2.869013783048e-15       9.293465346691e-16 
  480       3.042610222748e-10       1.492472924826e-12      -9.706102122505e-12       7.414183164554e-15       8.474605051214e-14       2.792390357084e-15       9.154298001943e-16 
  481       3.056645095587e-10       1.470751379082e-12      -9.652300854237e-12       7.440562356756e-15       8.413251286853e-14       2.717650469460e-15       9.015170595031e-16 
  482       3.070564189460e-10       1.449278340925e-12      -9.594354051708e-12       7.466981561517e-15       8.352443779911e-14       2.644737735885e-15       8.876096767548e-16 
  483       3.084356649426e-10       1.428070221512e-12      -9.532302790687e-12       7.493437135931e-15       8.292172134335e-14       2.573594471199e-15       8.737090240327e-16 
  484       3.098011463895e-10       1.407143643438e-12      -9.466189400540e-12       7.519925376624e-15       8.232425625890e-14       2.504161681942e-15       8.598164813464e-16 
  485       3.111517463861e-10       1.386515441703e-12      -9.396057471620e-12       7.546442519448e-15       8.173193200126e-14       2.436379058925e-15       8.459334366342e-16 
  486       3.124863322130e-10       1.366202664682e-12      -9.321951862665e-12       7.572984739155e-15       8.114463470343e-14       2.370184969807e-15       8.320612857657e-16 
  487       3.138037552556e-10       1.346222575089e-12      -9.243918708184e-12       7.599548149091e-15       8.056224715553e-14       2.305516451655e-15       8.182014325439e-16 
  488       3.151029928290e-10       1.326591025227e-12      -9.162007417496e-12       7.626128975945e-15       7.998466800672e-14       2.242320343469e-15       8.043552201712e-16 
  489       3.163835784600e-10       1.307317527479e-12      -9.076276722347e-12       7.652724090389e-15       7.941187004168e-14       2.180587063813e-15       7.905237233950e-16 
  490       3.176451842782e-10       1.288410038801e-12      -8.986788824099e-12       7.679330491633e-15       7.884384360089e-14       2.120317825264e-15       7.767079501718e-16 
  491       3.188874802681e-10       1.269876573309e-12      -8.893607426763e-12       7.705945133558e-15       7.828057750482e-14       2.061513583670e-15       7.629089096116e-16 
  492       3.201101342632e-10       1.251725202427e-12      -8.796797745390e-12       7.732564924485e-15       7.772205904326e-14       2.004175036328e-15       7.491276119457e-16 
  493       3.213128119411e-10       1.233964055042e-12      -8.696426514463e-12       7.759186726948e-15       7.716827396458e-14       1.948302620150e-15       7.353650684947e-16 
  494       3.224951768175e-10       1.216601317648e-12      -8.592561996297e-12       7.785807357470e-15       7.661920646509e-14       1.893896509841e-15       7.216222916366e-16 
  495       3.236568902411e-10       1.199645234499e-12      -8.485273989427e-12       7.812423586327e-15       7.607483917837e-14       1.840956616073e-15       7.079002947743e-16 
  496       3.247976113881e-10       1.183104107761e-12      -8.374633837008e-12       7.839032137331e-15       7.553515316452e-14       1.789482583650e-15       6.942000923038e-16 
  497       3.259169972565e-10       1.166986297657e-12      -8.260714435203e-12       7.865629687593e-15       7.500012789955e-14       1.739473789692e-15       6.805226995821e-16 
  498       3.270147026607e-10       1.151300222623e-12      -8.143590241583e-12       7.892212867298e-15       7.446974126466e-14       1.690929341798e-15       6.668691328951e-16 
  499       3.280903802263e-10       1.136054359453e-12      -8.023337283517e-12       7.918778259481e-15       7.394396953553e-14       1.643848076225e-15       6.532404094252e-16 
  500       3.291436803842e-10       1.121257243452e-12      -7.900033166568e-12       7.945322399793e-15       7.342278737170e-14       1.598228556058e-15       6.396375472199e-16 
  501       3.301742513655e-10       1.106917468584e-12      -7.773757082887e-12       7.971841776277e-15       7.290616780582e-14       1.554069069385e-15       6.260615651590e-16 
  502       3.311817391958e-10       1.093043687623e-12      -7.644589819607e-12       7.998332829141e-15       7.239408223301e-14       1.511367627466e-15       6.125134829230e-16 
  503       3.321657876899e-10       1.079644612306e-12      -7.512613767238e-12       8.024791950526e-15       7.188650040016e-14       1.470121962912e-15       5.989943209606e-16 
  504       3.331260384462e-10       1.066729013477e-12      -7.377912928060e-12       8.051215484282e-15       7.138339039523e-14       1.430329527853e-15       5.855051004570e-16 
  505       3.340621308411e-10       1.054305721241e-12      -7.240572924515e-12       8.077599725739e-15       7.088471863661e-14       1.391987492111e-15       5.720468433016e-16 
  506       3.349737020238e-10       1.042383625115e-12      -7.100681007608e-12       8.103940921479e-15       7.039044986238e-14       1.355092741376e-15       5.586205720561e-16 
  507       3.358603869110e-10       1.030971674173e-12      -6.958326065294e-12       8.130235269108e-15       6.990054711967e-14       1.319641875377e-15       5.452273099221e-16 
  508       3.367218181806e-10       1.020078877203e-12      -6.813598630875e-12       8.156478917029e-15       6.941497175393e-14       1.285631206054e-15       5.318680807092e-16 
  509       3.375576262673e-10       1.009714302850e-12      -6.666590891396e-12       8.182667964212e-15       6.893368339832e-14       1.253056755732e-15       5.185439088030e-16 
  510       3.383674393562e-10       9.998870797724e-13      -6.517396696036e-12       8.208798459969e-15       6.845663996294e-14       1.221914255295e-15       5.052558191328e-16 
  511       3.391508833780e-10       9.906063967867e-13      -6.366111564504e-12       8.234866403727e-15       6.798379762419e-14       1.192199142356e-15       4.920048371399e-16 
  512       3.399075820033e-10       9.818815030211e-13      -6.212832695433e-12       8.260867744794e-15       6.751511081410e-14       1.163906559434e-15       4.787919887447e-16 
  513       3.406371566368e-10       9.737217080639e-13      -6.057658974773e-12       8.286798382138e-15       6.705053220961e-14       1.137031352121e-15       4.656183003158e-16 
  514       3.413392264123e-10       9.661363821141e-13      -5.900690984186e-12       8.312654164157e-15       6.659001272191e-14       1.111568067262e-15       4.524847986368e-16 
  515       3.420134081872e-10       9.591349561312e-13      -5.742031009442e-12       8.338430888448e-15       6.613350148572e-14       1.087510951121e-15       4.393925108748e-16 
  516       3.426593165366e-10       9.527269219854e-13      -5.581783048810e-12       8.364124301586e-15       6.568094584868e-14       1.064853947559e-15       4.263424645484e-16 
  517       3.432765637483e-10       9.469218326073e-13      -5.420052821452e-12       8.389730098887e-15       6.523229136058e-14       1.043590696205e-15       4.133356874950e-16 
  518       3.438647598170e-10       9.417293021386e-13      -5.256947775822e-12       8.415243924190e-15       6.478748176272e-14       1.023714530628e-15       4.003732078395e-16 
  519       3.444235124391e-10       9.371590060814e-13      -5.092577098056e-12       8.440661369622e-15       6.434645897723e-14       1.005218476511e-15       3.874560539615e-16 
  520       3.449524270071e-10       9.332206814486e-13      -4.927051720364e-12       8.465977975373e-15       6.390916309637e-14       9.880952498247e-16       3.745852544640e-16 
  521       3.454511066039e-10       9.299241269139e-13      -4.760484329431e-12       8.491189229468e-15       6.347553237184e-14       9.723372549975e-16       3.617618381403e-16 
  522       3.459191519979e-10       9.272792029620e-13      -4.592989374807e-12       8.516290567538e-15       6.304550320413e-14       9.579365830917e-16       3.489868339428e-16 
  523       3.463561616368e-10       9.252958320382e-13      -4.424683077298e-12       8.541277372595e-15       6.261901013178e-14       9.448850099743e-16       3.362612709506e-16 
  524       3.467617316429e-10       9.239839986989e-13      -4.255683437368e-12       8.566144974802e-15       6.219598582076e-14       9.331739944909e-16       3.235861783373e-16 
  525       3.471354558069e-10       9.233537497613e-13      -4.086110243527e-12       8.590888651243e-15       6.177636105371e-14       9.227946766377e-16       3.109625853390e-16 
  526       3.474769255829e-10       9.234151944537e-13      -3.916085080726e-12       8.615503625701e-15       6.136006471935e-14       9.137378757354e-16       2.983915212221e-16 
  527       3.477858228241e-10       9.241767077227e-13      -3.745722694058e-12       8.639985556677e-15       6.094703507603e-14       9.059932969988e-16       2.858740286684e-16 
  528       3.480622008163e-10       9.256394853028e-13      -3.575104800598e-12       8.664332016745e-15       6.053725390636e-14       8.995471308697e-16       2.734112043997e-16 
  529       3.483062109944e-10       9.278028385771e-13      -3.404305570911e-12       8.688541053602e-15       6.013071328478e-14       8.943843837845e-16       2.610041596117e-16 
  530       3.485180109379e-10       9.306659771956e-13      -3.233400212993e-12       8.712610705495e-15       5.972740438267e-14       8.904896616167e-16       2.486540066324e-16 
  531       3.486977644049e-10       9.342280084507e-13      -3.062464976929e-12       8.736539001204e-15       5.932731746259e-14       8.878471675087e-16       2.363618588953e-16 
  532       3.488456413671e-10       9.384879366519e-13      -2.891577159564e-12       8.760323960025e-15       5.893044187243e-14       8.864406997029e-16       2.241288309138e-16 
  533       3.489618180444e-10       9.434446625008e-13      -2.720815109168e-12       8.783963591751e-15       5.853676603961e-14       8.862536493735e-16       2.119560382545e-16 
  534       3.490464769388e-10       9.490969824669e-13      -2.550258230102e-12       8.807455896657e-15       5.814627746521e-14       8.872689984579e-16       1.998445975110e-16 
  535       3.490998068695e-10       9.554435881622e-13      -2.379986987482e-12       8.830798865482e-15       5.775896271821e-14       8.894693174882e-16       1.877956262774e-16 
  536       3.491220030072e-10       9.624830657164e-13      -2.210082911851e-12       8.853990479410e-15       5.737480742962e-14       8.928367634226e-16       1.758102431224e-16 
  537       3.491132669086e-10       9.702138951521e-13      -2.040628603837e-12       8.877028710056e-15       5.699379628667e-14       8.973530774772e-16       1.638895675628e-16 
  538       3.490738065513e-10       9.786344497600e-13      -1.871707738826e-12       8.899911519446e-15       5.661591302702e-14       9.029995829574e-16       1.520347200369e-16 
  539       3.490038363675e-10       9.877429954740e-13      -1.703405071625e-12       8.922636860001e-15       5.624114043288e-14       9.097571830889e-16       1.402468218788e-16 
  540       3.489035772794e-10       9.975376902463e-13      -1.535806441127e-12       8.945202674519e-15       5.586946032522e-14       9.176063588501e-16       1.285269952915e-16 
  541       3.487732567333e-10       1.008016583422e-12      -1.368998774979e-12       8.967606896158e-15       5.550085355797e-14       9.265271668028e-16       1.168763633210e-16 
  542       3.486131087340e-10       1.019177615116e-12      -1.203070094248e-12       8.989847448420e-15       5.513530001215e-14       9.364992369243e-16       1.052960498300e-16 
  543       3.484233738797e-10       1.031018615586e-12      -1.038109518086e-12       9.011922245132e-15       5.477277859008e-14       9.475017704385e-16       9.378717947121e-17 
  544       3.482042993963e-10       1.043537304609e-12      -8.742072683984e-13       9.033829190430e-15       5.441326720954e-14       9.595135376474e-16       8.235087766148e-17 
  545       3.479561391719e-10       1.056731290855e-12      -7.114546745060e-13       9.055566178740e-15       5.405674279797e-14       9.725128757630e-16       7.098827055526e-17 
  546       3.476791537914e-10       1.070598071263e-12      -5.499441778145e-13       9.077131094763e-15       5.370318128663e-14       9.864776867385e-16       5.970048501840e-17 
  547       3.473736105710e-10       1.085135030419e-12      -3.897693364797e-13       9.098521813457e-15       5.335255760477e-14       1.001385435100e-15       4.848864860180e-17 
  548       3.470397835926e-10       1.100339439926e-12      -2.310248300731e-13       9.119736200017e-15       5.300484567382e-14       1.017213145777e-15       3.735388951512e-17 
  549       3.466779537387e-10       1.116208457781e-12      -7.380646424828e-14       9.140772109863e-15       5.266001840159e-14       1.033937401936e-15       2.629733660048e-17 
  550       3.462884087265e-10       1.132739127752e-12       8.178882459292e-14       9.161627388620e-15       5.231804767640e-14       1.051534342809e-15       1.532011930618e-17 
  551       3.458714431426e-10       1.149928378751e-12       2.356629646345e-13       9.182299872097e-15       5.197890436130e-14       1.069979661530e-15       4.423367660359e-18 
  552       3.454273584776e-10       1.167773024211e-12       3.877167439802e-13       9.202787386277e-15       5.164255828821e-14       1.089248602960e-15      -6.391787755271e-18 
  553       3.449564631605e-10       1.186269761459e-12       5.378498059873e-13       9.223087747295e-15       5.130897825214e-14       1.109315961523e-15      -1.712421583175e-17 
  554       3.444590725933e-10       1.205415171093e-12       6.859606446006e-13       9.243198761422e-15       5.097813200532e-14       1.130156079036e-15      -2.777278495915e-17 
  555       3.439355091854e-10       1.225205716354e-12       8.319465996866e-13       9.263118225047e-15       5.064998625143e-14       1.151742842541e-15      -3.833636305291e-17 
  556       3.433861023883e-10       1.245637742508e-12       9.757038523669e-13       9.282843924661e-15       5.032450663973e-14       1.174049682137e-15      -4.881381758008e-17 
  557       3.428111887300e-10       1.266707476211e-12       1.117127420353e-12       9.302373636839e-15       5.000165775928e-14       1.197049568810e-15      -5.920401558570e-17 
  558       3.422111118497e-10       1.288411024894e-12       1.256111153278e-12       9.321705128223e-15       4.968140313307e-14       1.220715012265e-15      -6.950582371902e-17 
  559       3.415862225320e-10       1.310744376132e-12       1.392547728034e-12       9.340836155504e-15       4.936370521224e-14       1.245018058758e-15      -7.971810825987e-17 
  560       3.409368787417e-10       1.333703397022e-12       1.526328644105e-12       9.359764465405e-15       4.904852537025e-14       1.269930288928e-15      -8.983973514490e-17 
  561       3.402634456582e-10       1.357283833556e-12       1.657344218896e-12       9.378487794667e-15       4.873582389702e-14       1.295422815627e-15      -9.986956999395e-17 
  562       3.395662957102e-10       1.381481309998e-12       1.785483583075e-12       9.397003870024e-15       4.842555999316e-14       1.321466281753e-15      -1.098064781363e-16 
  563       3.388458086098e-10       1.406291328258e-12       1.910634675901e-12       9.415310408196e-15       4.811769176413e-14       1.348030858080e-15      -1.196493246369e-16 
  564       3.381023713877e-10       1.431709267267e-12       2.032684240560e-12       9.433405115861e-15       4.781217621439e-14       1.375086241090e-15      -1.293969743229e-16 
  565       3.373363784270e-10       1.457730382354e-12       2.151517819499e-12       9.451285689647e-15       4.750896924162e-14       1.402601650807e-15      -1.390482918098e-16 
  566       3.365482402512e-10       1.484349025403e-12       2.267033728550e-12       9.468950295196e-15       4.720803235988e-14       1.430548891562e-15      -1.486023753917e-16 
  567       3.357384100651e-10       1.511556284558e-12       2.379185383794e-12       9.486399017959e-15       4.690935307105e-14       1.458911625234e-15      -1.580592652713e-16 
  568       3.349073579648e-10       1.539342282559e-12       2.487940054409e-12       9.503632449689e-15       4.661292500596e-14       1.487676332296e-15      -1.674192536022e-16 
  569       3.340555622839e-10       1.567696949559e-12       2.593264982967e-12       9.520651212900e-15       4.631874123959e-14       1.516829269446e-15      -1.766826523869e-16 
  570       3.331835096317e-10       1.596610022198e-12       2.695127385995e-12       9.537455961021e-15       4.602679428765e-14       1.546356468582e-15      -1.858497935910e-16 
  571       3.322916949308e-10       1.626071042692e-12       2.793494454536e-12       9.554047378566e-15       4.573707610335e-14       1.576243735781e-15      -1.949210292561e-16 
  572       3.313806214549e-10       1.656069357917e-12       2.888333354712e-12       9.570426181290e-15       4.544957807408e-14       1.606476650273e-15      -2.038967316143e-16 
  573       3.304508008664e-10       1.686594118489e-12       2.979611228283e-12       9.586593116353e-15       4.516429101810e-14       1.637040563418e-15      -2.127772932016e-16 
  574       3.295027532548e-10       1.717634277854e-12       3.067295193206e-12       9.602548962481e-15       4.488120518120e-14       1.667920597686e-15      -2.215631269719e-16 
  575       3.285370071738e-10       1.749178591364e-12       3.151352344202e-12       9.618294530129e-15       4.460031023346e-14       1.699101645630e-15      -2.302546664103e-16 
  576       3.275540996795e-10       1.781215615367e-12       3.231749753308e-12       9.633830661642e-15       4.432159526590e-14       1.730568368866e-15      -2.388523656473e-16 
  577       3.265545763680e-10       1.813733706287e-12       3.308454470448e-12       9.649158231419e-15       4.404504878715e-14       1.762305197046e-15      -2.473566995724e-16 
  578       3.255389914134e-10       1.846721019712e-12       3.381433523985e-12       9.664278146071e-15       4.377065872023e-14       1.794296326840e-15      -2.557681639476e-16 
  579       3.245079076055e-10       1.880165509473e-12       3.450653921287e-12       9.679191344586e-15       4.349841239915e-14       1.826525720907e-15      -2.640872755217e-16 
  580       3.234618963875e-10       1.914054926729e-12       3.516082649288e-12       9.693898798491e-15       4.322829656566e-14       1.858977106876e-15      -2.723145721435e-16 
  581       3.224015378940e-10       1.948376819054e-12       3.577686675045e-12       9.708401512009e-15       4.296029736591e-14       1.891633976321e-15      -2.804506128758e-16 
  582       3.213274209885e-10       1.983118529517e-12       3.635432946303e-12       9.722700522230e-15       4.269440034719e-14       1.924479583740e-15      -2.884959781091e-16 
  583       3.202401433015e-10       2.018267195767e-12       3.689288392055e-12       9.736796899264e-15       4.243059045458e-14       1.957496945527e-15      -2.964512696754e-16 
  584       3.191403112682e-10       2.053809749118e-12       3.739219923100e-12       9.750691746407e-15       4.216885202764e-14       1.990668838956e-15      -3.043171109620e-16 
  585       3.180285401662e-10       2.089732913630e-12       3.785194432608e-12       9.764386200304e-15       4.190916879716e-14       2.023977801148e-15      -3.120941470249e-16 
  586       3.169054541533e-10       2.126023205196e-12       3.827178796680e-12       9.777881431108e-15       4.165152388179e-14       2.057406128060e-15      -3.197830447031e-16 
  587       3.157716863057e-10       2.162666930624e-12       3.865139874904e-12       9.791178642642e-15       4.139589978477e-14       2.090935873449e-15      -3.273844927318e-16 
  588       3.146278786550e-10       2.199650186719e-12       3.899044510925e-12       9.804279072564e-15       4.114227839061e-14       2.124548847861e-15      -3.348992018566e-16 
  589       3.134746822268e-10       2.236958859372e-12       3.928859532997e-12       9.817183992527e-15       4.089064096179e-14       2.158226617598e-15      -3.423279049470e-16 
  590       3.123127570779e-10       2.274578622639e-12       3.954551754549e-12       9.829894708339e-15       4.064096813545e-14       2.191950503699e-15      -3.496713571102e-16 
  591       3.111427723346e-10       2.312494937824e-12       3.976087974746e-12       9.842412560129e-15       4.039323992010e-14       2.225701580918e-15      -3.569303358048e-16 
  592       3.099654062302e-10       2.350693052569e-12       3.993434979045e-12       9.854738922503e-15       4.014743569227e-14       2.259460676699e-15      -3.641056409546e-16 
  593       3.087813461426e-10       2.389157999932e-12       4.006559539764e-12       9.866875204714e-15       3.990353419327e-14       2.293208370153e-15      -3.711980950625e-16 
  594       3.075912886327e-10       2.427874597472e-12       4.015428416634e-12       9.878822850817e-15       3.966151352582e-14       2.326924991034e-15      -3.782085433238e-16 
  595       3.063959394816e-10       2.466827446334e-12       4.020008357368e-12       9.890583339831e-15       3.942135115077e-14       2.360590618718e-15      -3.851378537405e-16 
  596       3.051960137287e-10       2.506000930332e-12       4.020266098215e-12       9.902158185908e-15       3.918302388381e-14       2.394185081178e-15      -3.919869172347e-16 
  597       3.039922357094e-10       2.545379215033e-12       4.016168364527e-12       9.913548938487e-15       3.894650789215e-14       2.427687953961e-15      -3.987566477625e-16 
  598       3.027853390931e-10       2.584946246841e-12       4.007681871314e-12       9.924757182458e-15       3.871177869120e-14       2.461078559165e-15      -4.054479824275e-16 
  599       3.015760669207e-10       2.624685752079e-12       3.994773323811e-12       9.935784538328e-15       3.847881114128e-14       2.494335964419e-15      -4.120618815950e-16 
  600       3.003651716424e-10       2.664581236076e-12       3.977409418034e-12       9.946632662377e-15       3.824757944430e-14       2.527438981852e-15      -4.185993290053e-16 
  601       2.991534151558e-10       2.704615982249e-12       3.955556841342e-12       9.957303246823e-15       3.801805714050e-14       2.560366167078e-15      -4.250613318877e-16 
  602       2.979415688436e-10       2.744773051184e-12       3.929182273000e-12       9.967798019984e-15       3.779021710507e-14       2.593095818168e-15      -4.314489210741e-16 
  603       2.967304136111e-10       2.785035279726e-12       3.898252384739e-12       9.978118746439e-15       3.756403154489e-14       2.625605974628e-15      -4.377631511129e-16 
  604       2.955207399243e-10       2.825385280056e-12       3.862733841315e-12       9.988267227191e-15       3.733947199523e-14       2.657874416377e-15      -4.440051003828e-16 
  605       2.943132847865e-10       2.865806295522e-12       3.822604088084e-12       9.998245440369e-15       3.711651352164e-14       2.689883204243e-15      -4.501755313672e-16 
  606       2.931085409244e-10       2.906284792590e-12       3.777883997873e-12       1.000805596674e-14       3.689514744360e-14       2.721632423603e-15      -4.562738622640e-16 
  607       2.919069430824e-10       2.946807929495e-12       3.728606011329e-12       1.001770157476e-14       3.667536891071e-14       2.753126769660e-15      -4.622991708379e-16 
  608       2.907089306841e-10       2.987362704510e-12       3.674803425142e-12       1.002718508117e-14       3.645717272329e-14       2.784371036336e-15      -4.682505320206e-16 
  609       2.895149478503e-10       3.027935955312e-12       3.616510396134e-12       1.003650935121e-14       3.624055333047e-14       2.815370116735e-15      -4.741270179135e-16 
  610       2.883254434156e-10       3.068514358346e-12       3.553761945352e-12       1.004567729882e-14       3.602550482819e-14       2.846129003606e-15      -4.799276977898e-16 
  611       2.871408709461e-10       3.109084428190e-12       3.486593962163e-12       1.005469188685e-14       3.581202095736e-14       2.876652789807e-15      -4.856516380973e-16 
  612       2.859616887558e-10       3.149632516916e-12       3.415043208338e-12       1.006355612725e-14       3.560009510188e-14       2.906946668771e-15      -4.912979024611e-16 
  613       2.847883599244e-10       3.190144813460e-12       3.339147322149e-12       1.007227308133e-14       3.538972028669e-14       2.937015934962e-15      -4.968655516858e-16 
  614       2.836213523144e-10       3.230607342981e-12       3.258944822462e-12       1.008084585991e-14       3.518088917589e-14       2.966865984348e-15      -5.023536437579e-16 
  615       2.824611385879e-10       3.271005966226e-12       3.174475112822e-12       1.008927762354e-14       3.497359407078e-14       2.996502314855e-15      -5.077612338489e-16 
  616       2.813081962239e-10       3.311326378896e-12       3.085778485552e-12       1.009757158274e-14       3.476782690795e-14       3.025930526836e-15      -5.130873743172e-16 
  617       2.801630075357e-10       3.351554111010e-12       2.992896125839e-12       1.010573099819e-14       3.456357925732e-14       3.055156323532e-15      -5.183311147109e-16 
  618       2.790260596878e-10       3.391674526267e-12       2.895870115827e-12       1.011375918090e-14       3.436084232024e-14       3.084185511537e-15      -5.234915017704e-16 
  619       2.778978447130e-10       3.431672821413e-12       2.794743438711e-12       1.012165949250e-14       3.415960692754e-14       3.113024001259e-15      -5.285675794307e-16 
  620       2.767788595300e-10       3.471534025604e-12       2.689559982826e-12       1.012943534537e-14       3.395986353761e-14       3.141677807386e-15      -5.335583888241e-16 
  621       2.756696059599e-10       3.511242999768e-12       2.580364545738e-12       1.013709020288e-14       3.376160223448e-14       3.170153049346e-15      -5.384629682826e-16 
  622       2.745705907439e-10       3.550784435974e-12       2.467202838340e-12       1.014462757960e-14       3.356481272588e-14       3.198455951773e-15      -5.432803533405e-16 
  623       2.734823255601e-10       3.590142856791e-12       2.350121488937e-12       1.015205104150e-14       3.336948434127e-14       3.226592844968e-15      -5.480095767367e-16 
  624       2.724053270411e-10       3.629302614656e-12       2.229168047343e-12       1.015936420618e-14       3.317560603001e-14       3.254570165365e-15      -5.526496684176e-16 
  625       2.713401167905e-10       3.668247891237e-12       2.104390988970e-12       1.016657074305e-14       3.298316635933e-14       3.282394455992e-15      -5.571996555393e-16 
  626       2.702872214006e-10       3.706962696795e-12       1.975839718919e-12       1.017367437352e-14       3.279215351244e-14       3.310072366936e-15      -5.616585624703e-16 
  627       2.692471724696e-10       3.745430869552e-12       1.843564576073e-12       1.018067887128e-14       3.260255528661e-14       3.337610655804e-15      -5.660254107939e-16 
  628       2.682205066181e-10       3.783636075052e-12       1.707616837191e-12       1.018758806243e-14       3.241435909124e-14       3.365016188189e-15      -5.702992193107e-16 
  629       2.672077655070e-10       3.821561805529e-12       1.568048720992e-12       1.019440582575e-14       3.222755194591e-14       3.392295938130e-15      -5.744790040413e-16 
  630       2.662094958543e-10       3.859191379265e-12       1.424913392255e-12       1.020113609285e-14       3.204212047845e-14       3.419456988579e-15      -5.785637782285e-16 
  631       2.652262494523e-10       3.896507939961e-12       1.278264965905e-12       1.020778284842e-14       3.185805092304e-14       3.446506531861e-15      -5.825525523403e-16 
  632       2.642585831847e-10       3.933494456097e-12       1.128158511107e-12       1.021435013043e-14       3.167532911824e-14       3.473451870140e-15      -5.864443340719e-16 
  633       2.633070590439e-10       3.970133720296e-12       9.746500553576e-13       1.022084203033e-14       3.149394050512e-14       3.500300415881e-15      -5.902381283485e-16 
  634       2.623722441480e-10       4.006408348691e-12       8.177965885742e-13       1.022726269325e-14       3.131387012525e-14       3.527059692311e-15      -5.939329373277e-16 
  635       2.614547107581e-10       4.042300780288e-12       6.576560671896e-13       1.023361631824e-14       3.113510261882e-14       3.553737333886e-15      -5.975277604023e-16 
  636       2.605550362955e-10       4.077793276327e-12       4.942874182418e-13       1.023990715843e-14       3.095762222273e-14       3.580341086754e-15      -6.010215942024e-16 
  637       2.596738033585e-10       4.112867919652e-12       3.277505434662e-13       1.024613952128e-14       3.078141276860e-14       3.606878809215e-15      -6.044134325981e-16 
  638       2.588115997400e-10       4.147506614071e-12       1.581063233867e-13       1.025231776878e-14       3.060645768088e-14       3.633358472188e-15      -6.077022667021e-16 
  639       2.579690184444e-10       4.181691083720e-12      -1.458337859227e-14       1.025844631764e-14       3.043273997493e-14       3.659788159670e-15      -6.108870848722e-16 
  640       2.571466577048e-10       4.215402872432e-12      -1.902557120947e-13       1.026452963950e-14       3.026024225506e-14       3.686176069205e-15      -6.139668727137e-16 
  641       2.563451210003e-10       4.248623343094e-12      -3.688468356809e-13       1.027057226116e-14       3.008894671260e-14       3.712530512342e-15      -6.169406130819e-16 
  642       2.555650170727e-10       4.281333677016e-12      -5.502919127564e-13       1.027657876476e-14       2.991883512402e-14       3.738859915101e-15      -6.198072860849e-16 
  643       2.548069599445e-10       4.313514873296e-12      -7.345251074801e-13       1.028255378802e-14       2.974988884892e-14       3.765172818435e-15      -6.225658690857e-16 
  644       2.540714832562e-10       4.345149803195e-12      -9.214783378843e-13       1.028850172135e-14       2.958209147841e-14       3.791475230512e-15      -6.252156569128e-16 
  645       2.533587811188e-10       4.376229425614e-12      -1.111077512541e-12       1.029442579138e-14       2.941543684975e-14       3.817762616827e-15      -6.277572304408e-16 
  646       2.526689614309e-10       4.406746711019e-12      -1.303246200639e-12       1.030032895712e-14       2.924992120921e-14       3.844027729740e-15      -6.301915099337e-16 
  647       2.520021310194e-10       4.436694599119e-12      -1.497906862623e-12       1.030621421123e-14       2.908554057715e-14       3.870263239944e-15      -6.325194369167e-16 
  648       2.513583956317e-10       4.466065998824e-12      -1.694980845741e-12       1.031208458022e-14       2.892229074679e-14       3.896461736168e-15      -6.347419742711e-16 
  649       2.507378599282e-10       4.494853788202e-12      -1.894388379593e-12       1.031794312449e-14       2.876016728313e-14       3.922615724872e-15      -6.368601063295e-16 
  650       2.501406274746e-10       4.523050814439e-12      -2.096048571682e-12       1.032379293849e-14       2.859916552171e-14       3.948717629947e-15      -6.388748389704e-16 
  651       2.495668007345e-10       4.550649893793e-12      -2.299879402965e-12       1.032963715085e-14       2.843928056746e-14       3.974759792412e-15      -6.407871997136e-16 
  652       2.490164810617e-10       4.577643811556e-12      -2.505797723399e-12       1.033547892446e-14       2.828050729357e-14       4.000734470112e-15      -6.425982378153e-16 
  653       2.484897686923e-10       4.604025322009e-12      -2.713719247491e-12       1.034132145662e-14       2.812284034031e-14       4.026633837417e-15      -6.443090243626e-16 
  654       2.479867627378e-10       4.629787148382e-12      -2.923558549849e-12       1.034716797917e-14       2.796627411384e-14       4.052449984921e-15      -6.459206523691e-16 
  655       2.475075611768e-10       4.654921982810e-12      -3.135229060733e-12       1.035302175859e-14       2.781080278509e-14       4.078174919138e-15      -6.474342368697e-16 
  656       2.470522608478e-10       4.679422486292e-12      -3.348643061597e-12       1.035888609610e-14       2.765642028856e-14       4.103800562203e-15      -6.488509150154e-16 
  657       2.466209574416e-10       4.703281288647e-12      -3.563711680648e-12       1.036476432785e-14       2.750312032116e-14       4.129318751567e-15      -6.501718461687e-16 
  658       2.462137454934e-10       4.726490988476e-12      -3.780344888390e-12       1.037065982495e-14       2.735089634107e-14       4.154721239700e-15      -6.513982119983e-16 
  659       2.458307183757e-10       4.749044153115e-12      -3.998451493173e-12       1.037657599367e-14       2.719974156656e-14       4.179999693783e-15      -6.525312165746e-16 
  660       2.454719682901e-10       4.770933318595e-12      -4.217939136745e-12       1.038251627551e-14       2.704964897481e-14       4.205145695411e-15      -6.535720864640e-16 
  661       2.451375862603e-10       4.792150989602e-12      -4.438714289798e-12       1.038848414734e-14       2.690061130078e-14       4.230150740289e-15      -6.545220708244e-16 
  662       2.448276621241e-10       4.812689639432e-12      -4.660682247524e-12       1.039448312152e-14       2.675262103602e-14       4.255006237932e-15      -6.553824415005e-16 
  663       2.445422845260e-10       4.832541709947e-12      -4.883747125154e-12       1.040051674602e-14       2.660567042752e-14       4.279703511362e-15      -6.561544931179e-16 
  664       2.442815409094e-10       4.851699611539e-12      -5.107811853519e-12       1.040658860453e-14       2.645975147653e-14       4.304233796806e-15      -6.568395431792e-16 
  665       2.440455175094e-10       4.870155723083e-12      -5.332778174591e-12       1.041270231660e-14       2.631485593741e-14       4.328588243393e-15      -6.574389321581e-16 
  666       2.438342993447e-10       4.887902391897e-12      -5.558546637035e-12       1.041886153773e-14       2.617097531645e-14       4.352757912858e-15      -6.579540235951e-16 
  667       2.436479702104e-10       4.904931933696e-12      -5.785016591759e-12       1.042506995952e-14       2.602810087075e-14       4.376733779231e-15      -6.583862041922e-16 
  668       2.434866126702e-10       4.921236632558e-12      -6.012086187464e-12       1.043133130979e-14       2.588622360699e-14       4.400506728545e-15      -6.587368839079e-16 
  669       2.433503080489e-10       4.936808740872e-12      -6.239652366191e-12       1.043764935267e-14       2.574533428031e-14       4.424067558527e-15      -6.590074960524e-16 
  670       2.432391364248e-10       4.951640479304e-12      -6.467610858873e-12       1.044402788876e-14       2.560542339314e-14       4.447406978298e-15      -6.591994973823e-16 
  671       2.431531766220e-10       4.965724036749e-12      -6.695856180882e-12       1.045047075521e-14       2.546648119402e-14       4.470515608075e-15      -6.593143681962e-16 
  672       2.430925062028e-10       4.979051570295e-12      -6.924281627582e-12       1.045698182586e-14       2.532849767645e-14       4.493383978863e-15      -6.593536124290e-16 
  673       2.430572014605e-10       4.991615205172e-12      -7.152779269874e-12       1.046356501140e-14       2.519146257774e-14       4.516002532159e-15      -6.593187577476e-16 
  674       2.430473374112e-10       5.003407034721e-12      -7.381239949747e-12       1.047022425939e-14       2.505536537779e-14       4.538361619646e-15      -6.592113556454e-16 
  675       2.430629877866e-10       5.014419120340e-12      -7.609553275830e-12       1.047696355450e-14       2.492019529801e-14       4.560451502894e-15      -6.590329815377e-16 
  676       2.431042250262e-10       5.024643491454e-12      -7.837607618938e-12       1.048378691853e-14       2.478594130007e-14       4.582262353056e-15      -6.587852348563e-16 
  677       2.431711202700e-10       5.034072145461e-12      -8.065290107623e-12       1.049069841059e-14       2.465259208480e-14       4.603784250570e-15      -6.584697391451e-16 
  678       2.432637433505e-10       5.042697047700e-12      -8.292486623724e-12       1.049770212721e-14       2.452013609099e-14       4.625007184850e-15      -6.580881421546e-16 
  679       2.433821627855e-10       5.050510131402e-12      -8.519081797914e-12       1.050480220243e-14       2.438856149424e-14       4.645921053994e-15      -6.576421159371e-16 
  680       2.435264457702e-10       5.057503297650e-12      -8.744959005251e-12       1.051200280797e-14       2.425785620580e-14       4.666515664474e-15      -6.571333569419e-16 
  681       2.436966581698e-10       5.063668415338e-12      -8.970000360729e-12       1.051930815330e-14       2.412800787140e-14       4.686780730837e-15      -6.565635861101e-16 
  682       2.438928645117e-10       5.068997321129e-12      -9.194086714825e-12       1.052672248580e-14       2.399900387006e-14       4.706705875406e-15      -6.559345489696e-16 
  683       2.441150737258e-10       5.073483822192e-12      -9.417106361065e-12       1.053424953789e-14       2.387083306272e-14       4.726282287886e-15      -6.552477051726e-16 
  684       2.443630751094e-10       5.077129751415e-12      -9.638981371707e-12       1.054189085525e-14       2.374349108114e-14       4.745507743687e-15      -6.545032896419e-16 
  685       2.446365988454e-10       5.079939041368e-12      -9.859641815408e-12       1.054964743317e-14       2.361697514959e-14       4.764381692125e-15      -6.537012315723e-16 
  686       2.449353699166e-10       5.081915733687e-12      -1.007901709390e-11       1.055752026625e-14       2.349128234457e-14       4.782903606338e-15      -6.528414631880e-16 
  687       2.452591080839e-10       5.083063979555e-12      -1.029703593980e-11       1.056551034838e-14       2.336640959414e-14       4.801072983403e-15      -6.519239197586e-16 
  688       2.456075278649e-10       5.083388040169e-12      -1.051362641434e-11       1.057361867272e-14       2.324235367718e-14       4.818889344470e-15      -6.509485396140e-16 
  689       2.459803385121e-10       5.082892287217e-12      -1.072871590523e-11       1.058184623168e-14       2.311911122266e-14       4.836352234877e-15      -6.499152641598e-16 
  690       2.463772439919e-10       5.081581203345e-12      -1.094223112439e-11       1.059019401691e-14       2.299667870898e-14       4.853461224284e-15      -6.488240378924e-16 
  691       2.467979429624e-10       5.079459382633e-12      -1.115409810577e-11       1.059866301925e-14       2.287505246319e-14       4.870215906790e-15      -6.476748084143e-16 
  692       2.472421287524e-10       5.076531531066e-12      -1.136424220309e-11       1.060725422872e-14       2.275422866033e-14       4.886615901061e-15      -6.464675264494e-16 
  693       2.477094893395e-10       5.072802467009e-12      -1.157258808770e-11       1.061596863452e-14       2.263420332269e-14       4.902660850456e-15      -6.452021458583e-16 
  694       2.481997073290e-10       5.068277121672e-12      -1.177905974629e-11       1.062480722499e-14       2.251497231908e-14       4.918350423148e-15      -6.438786236533e-16 
  695       2.487124599318e-10       5.062960539591e-12      -1.198358047875e-11       1.063377098756e-14       2.239653136415e-14       4.933684312251e-15      -6.424969200141e-16 
  696       2.492474189435e-10       5.056857879096e-12      -1.218607289589e-11       1.064286090879e-14       2.227887601765e-14       4.948662235943e-15      -6.410569983025e-16 
  697       2.498042507224e-10       5.049974412782e-12      -1.238645891727e-11       1.065207797431e-14       2.216200168373e-14       4.963283937595e-15      -6.395588250781e-16 
  698       2.503826161679e-10       5.042315527985e-12      -1.258465976899e-11       1.066142316879e-14       2.204590361020e-14       4.977549185889e-15      -6.380023701133e-16 
  699       2.509821706996e-10       5.033886727252e-12      -1.278059598143e-11       1.067089747594e-14       2.193057688787e-14       4.991457774947e-15      -6.363876064087e-16 
  700       2.516025642351e-10       5.024693628813e-12      -1.297418738711e-11       1.068050187849e-14       2.181601644976e-14       5.005009524453e-15      -6.347145102083e-16 
  701       2.522434411687e-10       5.014741967055e-12      -1.316535311841e-11       1.069023735813e-14       2.170221707046e-14       5.018204279782e-15      -6.329830610147e-16 
  702       2.529044403502e-10       5.004037592992e-12      -1.335401160539e-11       1.070010489556e-14       2.158917336534e-14       5.031041912120e-15      -6.311932416043e-16 
  703       2.535851950626e-10       4.992586474739e-12      -1.354008057357e-11       1.071010547039e-14       2.147687978990e-14       5.043522318589e-15      -6.293450380428e-16 
  704       2.542853330014e-10       4.980394697985e-12      -1.372347704172e-11       1.072024006116e-14       2.136533063905e-14       5.055645422376e-15      -6.274384397001e-16 
  705       2.550044762526e-10       4.967468466464e-12      -1.390411731966e-11       1.073050964532e-14       2.125452004632e-14       5.067411172850e-15      -6.254734392660e-16 
  706       2.557422412712e-10       4.953814102427e-12      -1.408191700602e-11       1.074091519921e-14       2.114444198326e-14       5.078819545697e-15      -6.234500327650e-16 
  707       2.564982388598e-10       4.939438047113e-12      -1.425679098603e-11       1.075145769801e-14       2.103509025864e-14       5.089870543033e-15      -6.213682195718e-16 
  708       2.572720741470e-10       4.924346861228e-12      -1.442865342935e-11       1.076213811573e-14       2.092645851774e-14       5.100564193537e-15      -6.192280024264e-16 
  709       2.580633465660e-10       4.908547225407e-12      -1.459741778779e-11       1.077295742523e-14       2.081854024170e-14       5.110900552573e-15      -6.170293874496e-16 
  710       2.588716498328e-10       4.892045940695e-12      -1.476299679315e-11       1.078391659812e-14       2.071132874673e-14       5.120879702314e-15      -6.147723841581e-16 
  711       2.596965719249e-10       4.874849929016e-12      -1.492530245499e-11       1.079501660482e-14       2.060481718344e-14       5.130501751868e-15      -6.124570054796e-16 
  712       2.605376950595e-10       4.856966233644e-12      -1.508424605842e-11       1.080625841448e-14       2.049899853612e-14       5.139766837399e-15      -6.100832677683e-16 
  713       2.613945956725e-10       4.838402019678e-12      -1.523973816187e-11       1.081764299498e-14       2.039386562200e-14       5.148675122257e-15      -6.076511908200e-16 
  714       2.622668443963e-10       4.819164574512e-12      -1.539168859490e-11       1.082917131290e-14       2.028941109057e-14       5.157226797100e-15      -6.051607978876e-16 
  715       2.631540060388e-10       4.799261308308e-12      -1.554000645599e-11       1.084084433353e-14       2.018562742284e-14       5.165422080017e-15      -6.026121156958e-16 
  716       2.640556395616e-10       4.778699754469e-12      -1.568460011028e-11       1.085266302079e-14       2.008250693062e-14       5.173261216653e-15      -6.000051744570e-16 
  717       2.649712980586e-10       4.757487570113e-12      -1.582537718743e-11       1.086462833727e-14       1.998004175586e-14       5.180744480339e-15      -5.973400078862e-16 
  718       2.659005287343e-10       4.735632536539e-12      -1.596224457936e-11       1.087674124416e-14       1.987822386986e-14       5.187872172208e-15      -5.946166532162e-16 
  719       2.668428728824e-10       4.713142559707e-12      -1.609510843804e-11       1.088900270126e-14       1.977704507259e-14       5.194644621326e-15      -5.918351512130e-16 
  720       2.677978658643e-10       4.690025670705e-12      -1.622387417329e-11       1.090141366694e-14       1.967649699200e-14       5.201062184815e-15      -5.889955461911e-16 
  721       2.687650370874e-10       4.666290026224e-12      -1.634844645055e-11       1.091397509813e-14       1.957657108326e-14       5.207125247975e-15      -5.860978860286e-16 
  722       2.697439160818e-10       4.641944592869e-12      -1.646874223598e-11       1.092668750760e-14       1.947725977232e-14       5.212834813684e-15      -5.831423424958e-16 
  723       2.707340509069e-10       4.617001214303e-12      -1.658473022520e-11       1.093954962607e-14       1.937855991337e-14       5.218194283397e-15      -5.801295748767e-16 
  724       2.717349900741e-10       4.591472586794e-12      -1.669639220657e-11       1.095255971304e-14       1.928046939980e-14       5.223207712366e-15      -5.770603737225e-16 
  725       2.727462764618e-10       4.565371579783e-12      -1.680371008687e-11       1.096571599690e-14       1.918298602580e-14       5.227879223889e-15      -5.739355412466e-16 
  726       2.737674472959e-10       4.538711236516e-12      -1.690666589202e-11       1.097901667480e-14       1.908610748597e-14       5.232213009565e-15      -5.707558913673e-16 
  727       2.747980341293e-10       4.511504774673e-12      -1.700524176793e-11       1.099245991257e-14       1.898983137480e-14       5.236213329560e-15      -5.675222497506e-16 
  728       2.758375628218e-10       4.483765586995e-12      -1.709941998123e-11       1.100604384454e-14       1.889415518625e-14       5.239884512863e-15      -5.642354538536e-16 
  729       2.768855535202e-10       4.455507241918e-12      -1.718918292012e-11       1.101976657344e-14       1.879907631332e-14       5.243230957549e-15      -5.608963529668e-16 
  730       2.779415206377e-10       4.426743484197e-12      -1.727451309509e-11       1.103362617028e-14       1.870459204754e-14       5.246257131037e-15      -5.575058082576e-16 
  731       2.790049728345e-10       4.397488235541e-12      -1.735539313976e-11       1.104762067423e-14       1.861069957859e-14       5.248967570348e-15      -5.540646928127e-16 
  732       2.800754129969e-10       4.367755595238e-12      -1.743180581163e-11       1.106174809249e-14       1.851739599377e-14       5.251366882371e-15      -5.505738916813e-16 
  733       2.811523382177e-10       4.337559840789e-12      -1.750373399289e-11       1.107600640016e-14       1.842467827763e-14       5.253459744119e-15      -5.470343019178e-16 
  734       2.822352397757e-10       4.306915428532e-12      -1.757116069121e-11       1.109039354013e-14       1.833254331145e-14       5.255250902987e-15      -5.434468326251e-16 
  735       2.833236031161e-10       4.275836994277e-12      -1.763406904048e-11       1.110490742295e-14       1.824098787282e-14       5.256745177020e-15      -5.398124049970e-16 
  736       2.844169078298e-10       4.244339353932e-12      -1.769244230167e-11       1.111954592669e-14       1.815000863520e-14       5.257947455162e-15      -5.361319523615e-16 
  737       2.855146276334e-10       4.212437504133e-12      -1.774626386355e-11       1.113430689686e-14       1.805960216743e-14       5.258862697527e-15      -5.324064202235e-16 
  738       2.866162303495e-10       4.180146622874e-12      -1.779551724351e-11       1.114918814623e-14       1.796976493332e-14       5.259495935651e-15      -5.286367663078e-16 
  739       2.877211778859e-10       4.147482070138e-12      -1.784018608836e-11       1.116418745477e-14       1.788049329118e-14       5.259852272757e-15      -5.248239606020e-16 
  740       2.888289262161e-10       4.114459388524e-12      -1.788025417507e-11       1.117930256946e-14       1.779178349335e-14       5.259936884010e-15      -5.209689853994e-16 
  741       2.899389253587e-10       4.081094303877e-12      -1.791570541161e-11       1.119453120422e-14       1.770363168578e-14       5.259755016784e-15      -5.170728353418e-16 
  742       2.910506193575e-10       4.047402725920e-12      -1.794652383768e-11       1.120987103976e-14       1.761603390757e-14       5.259311990917e-15      -5.131365174628e-16 
  743       2.921634462615e-10       4.013400748878e-12      -1.797269362556e-11       1.122531972345e-14       1.752898609049e-14       5.258613198971e-15      -5.091610512300e-16 
  744       2.932768381044e-10       3.979104652115e-12      -1.799419908083e-11       1.124087486923e-14       1.744248405857e-14       5.257664106495e-15      -5.051474685888e-16 
  745       2.943902208846e-10       3.944530900758e-12      -1.801102464323e-11       1.125653405745e-14       1.735652352763e-14       5.256470252283e-15      -5.010968140044e-16 
  746       2.955030145456e-10       3.909696146326e-12      -1.802315488737e-11       1.127229483477e-14       1.727110010482e-14       5.255037248635e-15      -4.970101445054e-16 
  747       2.966146329548e-10       3.874617227366e-12      -1.803057452357e-11       1.128815471402e-14       1.718620928818e-14       5.253370781616e-15      -4.928885297264e-16 
  748       2.977244838844e-10       3.839311170074e-12      -1.803326839863e-11       1.130411117409e-14       1.710184646619e-14       5.251476611316e-15      -4.887330519511e-16 
  749       2.988319689908e-10       3.803795188931e-12      -1.803122149662e-11       1.132016165980e-14       1.701800691729e-14       5.249360572113e-15      -4.845448061548e-16 
  750       2.999364837944e-10       3.768086687329e-12      -1.802441893965e-11       1.133630358179e-14       1.693468580948e-14       5.247028572928e-15      -4.803249000479e-16 
  751       3.010374176597e-10       3.732203258201e-12      -1.801284598868e-11       1.135253431635e-14       1.685187819984e-14       5.244486597491e-15      -4.760744541182e-16 
  752       3.021341537751e-10       3.696162684654e-12      -1.799648804430e-11       1.136885120537e-14       1.676957903404e-14       5.241740704595e-15      -4.717946016743e-16 
  753       3.032260691326e-10       3.659982940593e-12      -1.797533064750e-11       1.138525155616e-14       1.668778314597e-14       5.238797028361e-15      -4.674864888882e-16 
  754       3.043125345080e-10       3.623682191353e-12      -1.794935948047e-11       1.140173264133e-14       1.660648525722e-14       5.235661778496e-15      -4.631512748386e-16 
  755       3.053929144404e-10       3.587278794331e-12      -1.791856036740e-11       1.141829169872e-14       1.652567997666e-14       5.232341240552e-15      -4.587901315531e-16 
  756       3.064665672124e-10       3.550791299610e-12      -1.788291927524e-11       1.143492593119e-14       1.644536179998e-14       5.228841776188e-15      -4.544042440518e-16 
  757       3.075328448297e-10       3.514238450594e-12      -1.784242231451e-11       1.145163250658e-14       1.636552510925e-14       5.225169823430e-15      -4.499948103900e-16 
  758       3.085910930013e-10       3.477639184635e-12      -1.779705574006e-11       1.146840855752e-14       1.628616417243e-14       5.221331896928e-15      -4.455630417009e-16 
  759       3.096406511190e-10       3.441012633662e-12      -1.774680595188e-11       1.148525118137e-14       1.620727314299e-14       5.217334588221e-15      -4.411101622389e-16 
  760       3.106808522374e-10       3.404378124811e-12      -1.769165949588e-11       1.150215744004e-14       1.612884605937e-14       5.213184565993e-15      -4.366374094219e-16 
  761       3.117110795593e-10       3.367754098685e-12      -1.763161248628e-11       1.151912431144e-14       1.605087762426e-14       5.208886471038e-15      -4.321458647985e-16 
  762       3.127309371194e-10       3.331154840123e-12      -1.756669906925e-11       1.153614854303e-14       1.597336555943e-14       5.204436556362e-15      -4.276359433064e-16 
  763       3.137400823326e-10       3.294593686007e-12      -1.749696350647e-11       1.155322679521e-14       1.589630829515e-14       5.199828925680e-15      -4.231078943081e-16 
  764       3.147381697764e-10       3.258084102361e-12      -1.742245080568e-11       1.157035568939e-14       1.581970419427e-14       5.195057627491e-15      -4.185619697879e-16 
  765       3.157248511828e-10       3.221639684754e-12      -1.734320672341e-11       1.158753180785e-14       1.574355155198e-14       5.190116654905e-15      -4.139984243604e-16 
  766       3.166997754296e-10       3.185274158711e-12      -1.725927776774e-11       1.160475169363e-14       1.566784859548e-14       5.184999945465e-15      -4.094175152778e-16 
  767       3.176625885322e-10       3.149001380110e-12      -1.717071120100e-11       1.162201185036e-14       1.559259348373e-14       5.179701380973e-15      -4.048195024382e-16 
  768       3.186129336347e-10       3.112835335597e-12      -1.707755504253e-11       1.163930874217e-14       1.551778430714e-14       5.174214787315e-15      -4.002046483936e-16 
  769       3.195504510021e-10       3.076790142985e-12      -1.697985807142e-11       1.165663879349e-14       1.544341908725e-14       5.168533934284e-15      -3.955732183575e-16 
  770       3.204747780115e-10       3.040880051660e-12      -1.687766982923e-11       1.167399838900e-14       1.536949577650e-14       5.162652535403e-15      -3.909254802129e-16 
  771       3.213855491436e-10       3.005119442991e-12      -1.677104062275e-11       1.169138387344e-14       1.529601225789e-14       5.156564247753e-15      -3.862617045206e-16 
  772       3.222823959744e-10       2.969522830731e-12      -1.666002152669e-11       1.170879155149e-14       1.522296634473e-14       5.150262671795e-15      -3.815821645265e-16 
  773       3.231649471668e-10       2.934104861423e-12      -1.654466438649e-11       1.172621768764e-14       1.515035578029e-14       5.143741351196e-15      -3.768871361700e-16 
  774       3.240328284621e-10       2.898880314809e-12      -1.642502182097e-11       1.174365850605e-14       1.507817823757e-14       5.136993772652e-15      -3.721768980917e-16 
  775       3.248856626715e-10       2.863864104230e-12      -1.630114722514e-11       1.176111019043e-14       1.500643131901e-14       5.130013365710e-15      -3.674517316416e-16 
  776       3.257230696679e-10       2.829071277037e-12      -1.617309477289e-11       1.177856888388e-14       1.493511255613e-14       5.122793502600e-15      -3.627119208864e-16 
  777       3.265446663771e-10       2.794517014993e-12      -1.604091941975e-11       1.179603068880e-14       1.486421940931e-14       5.115327498051e-15      -3.579577526181e-16 
  778       3.273500667696e-10       2.760216634681e-12      -1.590467690562e-11       1.181349166672e-14       1.479374926749e-14       5.107608609120e-15      -3.531895163617e-16 
  779       3.281388818524e-10       2.726185587907e-12      -1.576442375749e-11       1.183094783816e-14       1.472369944784e-14       5.099630035016e-15      -3.484075043828e-16 
  780       3.289107196598e-10       2.692439462106e-12      -1.562021729220e-11       1.184839518254e-14       1.465406719550e-14       5.091384916923e-15      -3.436120116961e-16 
  781       3.296651852459e-10       2.658993980749e-12      -1.547211561918e-11       1.186582963800e-14       1.458484968331e-14       5.082866337825e-15      -3.388033360727e-16 
  782       3.304018806755e-10       2.625865003749e-12      -1.532017764316e-11       1.188324710129e-14       1.451604401146e-14       5.074067322332e-15      -3.339817780486e-16 
  783       3.311204050160e-10       2.593068527863e-12      -1.516446306691e-11       1.190064342765e-14       1.444764720725e-14       5.064980836502e-15      -3.291476409321e-16 
  784       3.318203543287e-10       2.560620687102e-12      -1.500503239400e-11       1.191801443064e-14       1.437965622480e-14       5.055599787665e-15      -3.243012308122e-16 
  785       3.325013216606e-10       2.528537753132e-12      -1.484194693153e-11       1.193535588204e-14       1.431206794471e-14       5.045917024252e-15      -3.194428565662e-16 
  786       3.331628970360e-10       2.496836135684e-12      -1.467526879284e-11       1.195266351169e-14       1.424487917383e-14       5.035925335613e-15      -3.145728298675e-16 
  787       3.338046674477e-10       2.465532382955e-12      -1.450506090026e-11       1.196993300737e-14       1.417808664493e-14       5.025617451847e-15      -3.096914651942e-16 
  788       3.344262168489e-10       2.434643182019e-12      -1.433138698788e-11       1.198716001468e-14       1.411168701644e-14       5.014986043622e-15      -3.047990798361e-16 
  789       3.350271261449e-10       2.404185359227e-12      -1.415431160424e-11       1.200434013687e-14       1.404567687212e-14       5.004023722003e-15      -2.998959939032e-16 
  790       3.356069731840e-10       2.374175880615e-12      -1.397390011507e-11       1.202146893476e-14       1.398005272080e-14       4.992723038274e-15      -2.949825303337e-16 
  791       3.361653327498e-10       2.344631852311e-12      -1.379021870606e-11       1.203854192654e-14       1.391481099610e-14       4.981076483763e-15      -2.900590149015e-16 
  792       3.367017765525e-10       2.315570520937e-12      -1.360333438557e-11       1.205555458769e-14       1.384994805609e-14       4.969076489667e-15      -2.851257762244e-16 
  793       3.372158732202e-10       2.287009274018e-12      -1.341331498736e-11       1.207250235084e-14       1.378546018305e-14       4.956715426876e-15      -2.801831457719e-16 
  794       3.377071882908e-10       2.258965640386e-12      -1.322022917337e-11       1.208938060559e-14       1.372134358316e-14       4.943985605797e-15      -2.752314578733e-16 
  795       3.381752842036e-10       2.231457290584e-12      -1.302414643639e-11       1.210618469845e-14       1.365759438621e-14       4.930879276178e-15      -2.702710497253e-16 
  796       3.386197202905e-10       2.204502037275e-12      -1.282513710285e-11       1.212290993264e-14       1.359420864531e-14       4.917388626936e-15      -2.653022614004e-16 
  797       3.390400527679e-10       2.178117835645e-12      -1.262327233553e-11       1.213955156799e-14       1.353118233659e-14       4.903505785975e-15      -2.603254358543e-16 
  798       3.394358347281e-10       2.152322783808e-12      -1.241862413630e-11       1.215610482082e-14       1.346851135894e-14       4.889222820016e-15      -2.553409189341e-16 
  799       3.398066161310e-10       2.127135123214e-12      -1.221126534887e-11       1.217256486375e-14       1.340619153369e-14       4.874531734420e-15      -2.503490593863e-16 
  800       3.401520138007e-10       2.102571045223e-12      -1.200127008167e-11       1.218892719539e-14       1.334421913634e-14       4.859427390622e-15      -2.453503176712e-16 
  801       3.404719228329e-10       2.078638066153e-12      -1.178871497945e-11       1.220518875675e-14       1.328259250297e-14       4.843916317146e-15      -2.403455945670e-16 
  802       3.407663090270e-10       2.055341532197e-12      -1.157367798031e-11       1.222134683492e-14       1.322131045260e-14       4.828008058954e-15      -2.353359085754e-16 
  803       3.410351392347e-10       2.032686802301e-12      -1.135623790045e-11       1.223739869505e-14       1.316037175755e-14       4.811712274768e-15      -2.303222876859e-16 
  804       3.412783813650e-10       2.010679248155e-12      -1.113647443696e-11       1.225334158032e-14       1.309977514334e-14       4.795038737438e-15      -2.253057694040e-16 
  805       3.414960043884e-10       1.989324254194e-12      -1.091446817067e-11       1.226917271187e-14       1.303951928843e-14       4.777997334315e-15      -2.202874007799e-16 
  806       3.416879783421e-10       1.968627217586e-12      -1.069030056893e-11       1.228488928873e-14       1.297960282406e-14       4.760598067621e-15      -2.152682384366e-16 
  807       3.418542743344e-10       1.948593548232e-12      -1.046405398848e-11       1.230048848776e-14       1.292002433407e-14       4.742851054818e-15      -2.102493485980e-16 
  808       3.419948645493e-10       1.929228668756e-12      -1.023581167818e-11       1.231596746357e-14       1.286078235468e-14       4.724766528984e-15      -2.052318071176e-16 
  809       3.421097222514e-10       1.910538014504e-12      -1.000565778192e-11       1.233132334848e-14       1.280187537434e-14       4.706354839176e-15      -2.002166995063e-16 
  810       3.421988217904e-10       1.892527033536e-12      -9.773677341353e-12       1.234655325245e-14       1.274330183347e-14       4.687626450807e-15      -1.952051209611e-16 
  811       3.422621386057e-10       1.875201186620e-12      -9.539956298773e-12       1.236165426301e-14       1.268506012435e-14       4.668591946016e-15      -1.901981763934e-16 
  812       3.422996492315e-10       1.858565947230e-12      -9.304581499886e-12       1.237662344517e-14       1.262714859088e-14       4.649262024035e-15      -1.851969804569e-16 
  813       3.423113313009e-10       1.842626801539e-12      -9.067640696647e-12       1.239145784143e-14       1.256956552841e-14       4.629647501564e-15      -1.802026575764e-16 
  814       3.422971635510e-10       1.827389248412e-12      -8.829222550068e-12       1.240615447162e-14       1.251230918352e-14       4.609759313139e-15      -1.752163419757e-16 
  815       3.422571258273e-10       1.812858799403e-12      -8.589416633036e-12       1.242071033291e-14       1.245537775387e-14       4.589608511505e-15      -1.702391777060e-16 
  816       3.421911990886e-10       1.799040978749e-12      -8.348313433125e-12       1.243512239971e-14       1.239876938799e-14       4.569206267985e-15      -1.652723186744e-16 
  817       3.420993654116e-10       1.785941323364e-12      -8.106004355413e-12       1.244938762364e-14       1.234248218508e-14       4.548563872850e-15      -1.603169286720e-16 
  818       3.419816079954e-10       1.773565382834e-12      -7.862581725296e-12       1.246350293339e-14       1.228651419483e-14       4.527692735694e-15      -1.553741814021e-16 
  819       3.418379111664e-10       1.761918719414e-12      -7.618138791304e-12       1.247746523476e-14       1.223086341723e-14       4.506604385799e-15      -1.504452605089e-16 
  820       3.416682603829e-10       1.751006908018e-12      -7.372769727913e-12       1.249127141051e-14       1.217552780238e-14       4.485310472511e-15      -1.455313596053e-16 
  821       3.414726422399e-10       1.740835536219e-12      -7.126569638365e-12       1.250491832033e-14       1.212050525029e-14       4.463822765607e-15      -1.406336823014e-16 
  822       3.412510444733e-10       1.731410204238e-12      -6.879634557477e-12       1.251840280079e-14       1.206579361069e-14       4.442153155666e-15      -1.357534422332e-16 
  823       3.410034559651e-10       1.722736524944e-12      -6.632061454460e-12       1.253172166525e-14       1.201139068286e-14       4.420313654445e-15      -1.308918630900e-16 
  824       3.407298667481e-10       1.714820123847e-12      -6.383948235735e-12       1.254487170381e-14       1.195729421543e-14       4.398316395242e-15      -1.260501786436e-16 
  825       3.404302680100e-10       1.707666639089e-12      -6.135393747742e-12       1.255784968323e-14       1.190350190615e-14       4.376173633272e-15      -1.212296327760e-16 
  826       3.401046520987e-10       1.701281721445e-12      -5.886497779761e-12       1.257065234688e-14       1.185001140177e-14       4.353897746035e-15      -1.164314795081e-16 
  827       3.397530125265e-10       1.695671034313e-12      -5.637361066725e-12       1.258327641468e-14       1.179682029778e-14       4.331501233691e-15      -1.116569830277e-16 
  828       3.393753439751e-10       1.690840253711e-12      -5.388085292032e-12       1.259571858303e-14       1.174392613829e-14       4.308996719424e-15      -1.069074177178e-16 
  829       3.389716423002e-10       1.686795068270e-12      -5.138773090366e-12       1.260797552473e-14       1.169132641576e-14       4.286396949820e-15      -1.021840681851e-16 
  830       3.385419045360e-10       1.683541179230e-12      -4.889528050506e-12       1.262004388895e-14       1.163901857088e-14       4.263714795231e-15      -9.748822928834e-17 
  831       3.380861289001e-10       1.681084300434e-12      -4.640454718145e-12       1.263192030113e-14       1.158699999232e-14       4.240963250153e-15      -9.282120616623e-17 
  832       3.376043147982e-10       1.679430158323e-12      -4.391658598700e-12       1.264360136292e-14       1.153526801661e-14       4.218155433589e-15      -8.818431426607e-17 
  833       3.370964628283e-10       1.678584491933e-12      -4.143246160136e-12       1.265508365216e-14       1.148381992788e-14       4.195304589426e-15      -8.357887937194e-17 
  834       3.365625747860e-10       1.678553052883e-12      -3.895324835769e-12       1.266636372276e-14       1.143265295769e-14       4.172424086803e-15      -7.900623763300e-17 
  835       3.360026536688e-10       1.679341605378e-12      -3.648003027091e-12       1.267743810467e-14       1.138176428487e-14       4.149527420482e-15      -7.446773559178e-17 
  836       3.354167036811e-10       1.680955926197e-12      -3.401390106580e-12       1.268830330378e-14       1.133115103529e-14       4.126628211218e-15      -6.996473021249e-17 
  837       3.348047302382e-10       1.683401804693e-12      -3.155596420516e-12       1.269895580192e-14       1.128081028169e-14       4.103740206133e-15      -6.549858890932e-17 
  838       3.341667399718e-10       1.686685042783e-12      -2.910733291796e-12       1.270939205672e-14       1.123073904349e-14       4.080877279083e-15      -6.107068957472e-17 
  839       3.335027834283e-10       1.690809494596e-12      -2.666904701988e-12       1.271960904613e-14       1.118093465672e-14       4.058050663749e-15      -5.668209129770e-17 
  840       3.328130839703e-10       1.695771148035e-12      -2.424182173181e-12       1.272960591231e-14       1.113139589124e-14       4.035260599392e-15      -5.233254018192e-17 
  841       3.320979111272e-10       1.701563940246e-12      -2.182629454759e-12       1.273938234622e-14       1.108212185261e-14       4.012504540501e-15      -4.802144628885e-17 
  842       3.313575381154e-10       1.708181708298e-12      -1.942310805961e-12       1.274893804565e-14       1.103311161355e-14       3.989779910807e-15      -4.374821135274e-17 
  843       3.305922418510e-10       1.715618188846e-12      -1.703290997277e-12       1.275827271531e-14       1.098436421383e-14       3.967084103180e-15      -3.951222875289e-17 
  844       3.298023029616e-10       1.723867017791e-12      -1.465635311849e-12       1.276738606679e-14       1.093587866014e-14       3.944414479527e-15      -3.531288348585e-17 
  845       3.289880057976e-10       1.732921729940e-12      -1.229409546867e-12       1.277627781868e-14       1.088765392596e-14       3.921768370697e-15      -3.114955213766e-17 
  846       3.281496384452e-10       1.742775758669e-12      -9.946800149693e-13       1.278494769649e-14       1.083968895144e-14       3.899143076376e-15      -2.702160285607e-17 
  847       3.272874927375e-10       1.753422435582e-12      -7.615135456375e-13       1.279339543276e-14       1.079198264326e-14       3.876535864988e-15      -2.292839532276e-17 
  848       3.264018642666e-10       1.764854990172e-12      -5.299774865978e-13       1.280162076709e-14       1.074453387452e-14       3.853943973595e-15      -1.886928072556e-17 
  849       3.254930523960e-10       1.777066549483e-12      -3.001397052173e-13       1.280962344608e-14       1.069734148459e-14       3.831364607795e-15      -1.484360173070e-17 
  850       3.245613602720e-10       1.790050137772e-12      -7.206858990291e-14       1.281740322348e-14       1.065040427899e-14       3.808794941623e-15      -1.085069245501e-17 
  851       3.236070948359e-10       1.803798676165e-12       1.541669485007e-13       1.282495986011e-14       1.060372102929e-14       3.786232117453e-15      -6.889878438140e-18 
  852       3.226305668360e-10       1.818304982324e-12       3.784974753130e-13       1.283229312397e-14       1.055729047293e-14       3.763673245890e-15      -2.960476614813e-18 
  853       3.216320908392e-10       1.833561770103e-12       6.008530306194e-13       1.283940279022e-14       1.051111131315e-14       3.741115405679e-15       9.382047129730e-19 
  854       3.206119852434e-10       1.849561649213e-12       8.211631278732e-13       1.284628864123e-14       1.046518221881e-14       3.718555643598e-15       4.806865903714e-18 
  855       3.195705722893e-10       1.866297124878e-12       1.039356752497e-12       1.285295046658e-14       1.041950182429e-14       3.695990974359e-15       8.646216004174e-18 
  856       3.185081780720e-10       1.883760597503e-12       1.255362360485e-12       1.285938806315e-14       1.037406872938e-14       3.673418380509e-15       1.245697277716e-17 
  857       3.174251325534e-10       1.901944362327e-12       1.469107877006e-12       1.286560123506e-14       1.032888149909e-14       3.650834812330e-15       1.623986272931e-17 
  858       3.163217695741e-10       1.920840609090e-12       1.680520695001e-12       1.287158979380e-14       1.028393866359e-14       3.628237187736e-15       1.999562113884e-17 
  859       3.151984268649e-10       1.940441421689e-12       1.889527673791e-12       1.287735355816e-14       1.023923871806e-14       3.605622392173e-15       2.372499208335e-17 
  860       3.140554460592e-10       1.960738777843e-12       2.096055137674e-12       1.288289235433e-14       1.019478012254e-14       3.582987278522e-15       2.742872846758e-17 
  861       3.128931727048e-10       1.981724548754e-12       2.300028874530e-12       1.288820601589e-14       1.015056130183e-14       3.560328666995e-15       3.110759205119e-17 
  862       3.117119562759e-10       2.003390498762e-12       2.501374134421e-12       1.289329438387e-14       1.010658064535e-14       3.537643345034e-15       3.476235347655e-17 
  863       3.105121501848e-10       2.025728285015e-12       2.700015628193e-12       1.289815730673e-14       1.006283650702e-14       3.514928067216e-15       3.839379229647e-17 
  864       3.092941117942e-10       2.048729457120e-12       2.895877526078e-12       1.290279464044e-14       1.001932720510e-14       3.492179555145e-15       4.200269700205e-17 
  865       3.080582024288e-10       2.072385456813e-12       3.088883456299e-12       1.290720624848e-14       9.976051022128e-15       3.469394497357e-15       4.558986505038e-17 
  866       3.068047873877e-10       2.096687617614e-12       3.278956503664e-12       1.291139200187e-14       9.933006204727e-15       3.446569549220e-15       4.915610289236e-17 
  867       3.055342359557e-10       2.121627164491e-12       3.466019208177e-12       1.291535177922e-14       9.890190963513e-15       3.423701332828e-15       5.270222600046e-17 
  868       3.042469214158e-10       2.147195213517e-12       3.649993563635e-12       1.291908546672e-14       9.847603472957e-15       3.400786436907e-15       5.622905889651e-17 
  869       3.029432210608e-10       2.173382771536e-12       3.830801016227e-12       1.292259295821e-14       9.805241871256e-15       3.377821416711e-15       5.973743517944e-17 
  870       3.016235162057e-10       2.200180735821e-12       4.008362463144e-12       1.292587415517e-14       9.763104260211e-15       3.354802793921e-15       6.322819755310e-17 
  871       3.002881921989e-10       2.227579893735e-12       4.182598251174e-12       1.292892896677e-14       9.721188705095e-15       3.331727056548e-15       6.670219785402e-17 
  872       2.989376384349e-10       2.255570922392e-12       4.353428175306e-12       1.293175730992e-14       9.679493234524e-15       3.308590658830e-15       7.016029707915e-17 
  873       2.975722483658e-10       2.284144388318e-12       4.520771477332e-12       1.293435910924e-14       9.638015840335e-15       3.285390021130e-15       7.360336541370e-17 
  874       2.961924195133e-10       2.313290747114e-12       4.684546844449e-12       1.293673429714e-14       9.596754477454e-15       3.262121529840e-15       7.703228225885e-17 
  875       2.947985534807e-10       2.343000343113e-12       4.844672407860e-12       1.293888281383e-14       9.555707063768e-15       3.238781537279e-15       8.044793625958e-17 
  876       2.933910559650e-10       2.373263409042e-12       5.001065741377e-12       1.294080460736e-14       9.514871480000e-15       3.215366361589e-15       8.385122533240e-17 
  877       2.919703367685e-10       2.404070065687e-12       5.153643860023e-12       1.294249963362e-14       9.474245569579e-15       3.191872286639e-15       8.724305669317e-17 
  878       2.905368051099e-10       2.435409769641e-12       5.302334968365e-12       1.294396823166e-14       9.433827398968e-15       3.168296785796e-15       9.062402336687e-17 
  879       2.890908554461e-10       2.467269647193e-12       5.447113922442e-12       1.294521225638e-14       9.393616043635e-15       3.144642215741e-15       9.399342776602e-17 
  880       2.876328814387e-10       2.499636132064e-12       5.587967354689e-12       1.294623396474e-14       9.353610814895e-15       3.120912183874e-15       9.735024193243e-17 
  881       2.861632806440e-10       2.532495514385e-12       5.724881978071e-12       1.294703564227e-14       9.313811000555e-15       3.097110330089e-15       1.006934295613e-16 
  882       2.846824545250e-10       2.565833940267e-12       5.857844586511e-12       1.294761960313e-14       9.274215864827e-15       3.073240326873e-15       1.040219459787e-16 
  883       2.831908084624e-10       2.599637411377e-12       5.986842055322e-12       1.294798819024e-14       9.234824648242e-15       3.049305879389e-15       1.073347381189e-16 
  884       2.816887517656e-10       2.633891784515e-12       6.111861341630e-12       1.294814377537e-14       9.195636567558e-15       3.025310725570e-15       1.106307445021e-16 
  885       2.801766976840e-10       2.668582771190e-12       6.232889484809e-12       1.294808875917e-14       9.156650815680e-15       3.001258636207e-15       1.139088952117e-16 
  886       2.786550634186e-10       2.703695937189e-12       6.349913606904e-12       1.294782557132e-14       9.117866561566e-15       2.977153415038e-15       1.171681118718e-16 
  887       2.771242701325e-10       2.739216702160e-12       6.462920913064e-12       1.294735667057e-14       9.079282950145e-15       2.952998898842e-15       1.204073076248e-16 
  888       2.755847429629e-10       2.775130339180e-12       6.571898691971e-12       1.294668454488e-14       9.040899102227e-15       2.928798957523e-15       1.236253871087e-16 
  889       2.740369110317e-10       2.811421974337e-12       6.676834316264e-12       1.294581171143e-14       9.002714114416e-15       2.904557494206e-15       1.268212464347e-16 
  890       2.724812074568e-10       2.848076586298e-12       6.777715242975e-12       1.294474071678e-14       8.964727059024e-15       2.880278445320e-15       1.299937731645e-16 
  891       2.709180693639e-10       2.885079005890e-12       6.874529013949e-12       1.294347413693e-14       8.926936983983e-15       2.855965780696e-15       1.331418462880e-16 
  892       2.693479378967e-10       2.922413915672e-12       6.967263256282e-12       1.294201457739e-14       8.889342912759e-15       2.831623503649e-15       1.362643362007e-16 
  893       2.677712582290e-10       2.960065849510e-12       7.055905682743e-12       1.294036467329e-14       8.851943844262e-15       2.807255651073e-15       1.393601046811e-16 
  894       2.661884795756e-10       2.998019192153e-12       7.140444092206e-12       1.293852708945e-14       8.814738752763e-15       2.782866293530e-15       1.424280048681e-16 
  895       2.646000552034e-10       3.036258178809e-12       7.220866370078e-12       1.293650452047e-14       8.777726587802e-15       2.758459535338e-15       1.454668812387e-16 
  896       2.630064424427e-10       3.074766894718e-12       7.297160488727e-12       1.293429969086e-14       8.740906274105e-15       2.734039514663e-15       1.484755695853e-16 
  897       2.614081026984e-10       3.113529274729e-12       7.369314507913e-12       1.293191535503e-14       8.704276711496e-15       2.709610403606e-15       1.514528969934e-16 
  898       2.598055014614e-10       3.152529102873e-12       7.437316575214e-12       1.292935429749e-14       8.667836774807e-15       2.685176408298e-15       1.543976818186e-16 
  899       2.581991083193e-10       3.191750011939e-12       7.501154926458e-12       1.292661933284e-14       8.631585313794e-15       2.660741768984e-15       1.573087336646e-16 
  900       2.565893969684e-10       3.231175483053e-12       7.560817886147e-12       1.292371330593e-14       8.595521153049e-15       2.636310760117e-15       1.601848533603e-16 
  901       2.549768452242e-10       3.270788845244e-12       7.616293867892e-12       1.292063909189e-14       8.559643091911e-15       2.611887690447e-15       1.630248329375e-16 
  902       2.533619350328e-10       3.310573275029e-12       7.667571374837e-12       1.291739959626e-14       8.523949904382e-15       2.587476903108e-15       1.658274556083e-16 
  903       2.517451524824e-10       3.350511795981e-12       7.714639000088e-12       1.291399775506e-14       8.488440339038e-15       2.563082775713e-15       1.685914957424e-16 
  904       2.501269878143e-10       3.390587278308e-12       7.757485427147e-12       1.291043653486e-14       8.453113118941e-15       2.538709720439e-15       1.713157188450e-16 
  905       2.485079354340e-10       3.430782438427e-12       7.796099430332e-12       1.290671893290e-14       8.417966941554e-15       2.514362184120e-15       1.739988815337e-16 
  906       2.468884939225e-10       3.471079838537e-12       7.830469875216e-12       1.290284797716e-14       8.383000478653e-15       2.490044648337e-15       1.766397315165e-16 
  907       2.452691660477e-10       3.511461886199e-12       7.860585719045e-12       1.289882672642e-14       8.348212376237e-15       2.465761629504e-15       1.792370075690e-16 
  908       2.436504587754e-10       3.551910833905e-12       7.886436011177e-12       1.289465827042e-14       8.313601254445e-15       2.441517678962e-15       1.817894395119e-16 
  909       2.420328832804e-10       3.592408778658e-12       7.908009893504e-12       1.289034572985e-14       8.279165707469e-15       2.417317383070e-15       1.842957481883e-16 
  910       2.404169549583e-10       3.632937661546e-12       7.925296600883e-12       1.288589225653e-14       8.244904303462e-15       2.393165363287e-15       1.867546454417e-16 
  911       2.388031934358e-10       3.673479267314e-12       7.938285461565e-12       1.288130103342e-14       8.210815584455e-15       2.369066276273e-15       1.891648340930e-16 
  912       2.371921225827e-10       3.714015223943e-12       7.946965897624e-12       1.287657527477e-14       8.176898066270e-15       2.345024813969e-15       1.915250079180e-16 
  913       2.355842705227e-10       3.754527002223e-12       7.951327425383e-12       1.287171822614e-14       8.143150238428e-15       2.321045703694e-15       1.938338516250e-16 
  914       2.339801696449e-10       3.794995915329e-12       7.951359655849e-12       1.286673316458e-14       8.109570564070e-15       2.297133708228e-15       1.960900408324e-16 
  915       2.323803566146e-10       3.835403118396e-12       7.947052295133e-12       1.286162339860e-14       8.076157479862e-15       2.273293625911e-15       1.982922420460e-16 
  916       2.307853723849e-10       3.875729608092e-12       7.938395144889e-12       1.285639226836e-14       8.042909395911e-15       2.249530290723e-15       2.004391126362e-16 
  917       2.291957184245e-10       3.915957366488e-12       7.925386397920e-12       1.285104312909e-14       8.009824884645e-15       2.225848104814e-15       2.025296883813e-16 
  918       2.276117246148e-10       3.956072813464e-12       7.908057668906e-12       1.284557930109e-14       7.976903250920e-15       2.202249627726e-15       2.045645529024e-16 
  919       2.260336792718e-10       3.996063408433e-12       7.886449363094e-12       1.284000411913e-14       7.944143970817e-15       2.178736964881e-15       2.065446868039e-16 
  920       2.244618727433e-10       4.035916510765e-12       7.860602418849e-12       1.283432094905e-14       7.911546503439e-15       2.155312233141e-15       2.084710818298e-16 
  921       2.228965974138e-10       4.075619379532e-12       7.830558309260e-12       1.282853318786e-14       7.879110290848e-15       2.131977560824e-15       2.103447408955e-16 
  922       2.213381477102e-10       4.115159173242e-12       7.796359043759e-12       1.282264426383e-14       7.846834758008e-15       2.108735087733e-15       2.121666781212e-16 
  923       2.197868201058e-10       4.154522949579e-12       7.758047169726e-12       1.281665763656e-14       7.814719312726e-15       2.085586965175e-15       2.139379188641e-16 
  924       2.182429131260e-10       4.193697665142e-12       7.715665774104e-12       1.281057679707e-14       7.782763345585e-15       2.062535355987e-15       2.156594997515e-16 
  925       2.167067273528e-10       4.232670175180e-12       7.669258485008e-12       1.280440526788e-14       7.750966229892e-15       2.039582434558e-15       2.173324687133e-16 
  926       2.151785654302e-10       4.271427233333e-12       7.618869473339e-12       1.279814660311e-14       7.719327321613e-15       2.016730386854e-15       2.189578850148e-16 
  927       2.136587320687e-10       4.309955491370e-12       7.564543454391e-12       1.279180438855e-14       7.687845959312e-15       1.993981410438e-15       2.205368192894e-16 
  928       2.121475340508e-10       4.348241498925e-12       7.506325689465e-12       1.278538224175e-14       7.656521464095e-15       1.971337714496e-15       2.220703535715e-16 
  929       2.106452802354e-10       4.386271703238e-12       7.444261987484e-12       1.277888381209e-14       7.625353139546e-15       1.948801519859e-15       2.235595813288e-16 
  930       2.091522815632e-10       4.424032448892e-12       7.378398706594e-12       1.277231278089e-14       7.594340271668e-15       1.926375059026e-15       2.250056074953e-16 
  931       2.076688510615e-10       4.461509977551e-12       7.308782755788e-12       1.276567286148e-14       7.563482128824e-15       1.904060576189e-15       2.264095485043e-16 
  932       2.061953038494e-10       4.498690427699e-12       7.235461596506e-12       1.275896779928e-14       7.532777961674e-15       1.881860327253e-15       2.277725323204e-16 
  933       2.047319571422e-10       4.535559834376e-12       7.158483244253e-12       1.275220137191e-14       7.502227003116e-15       1.859776579863e-15       2.290956984729e-16 
  934       2.032791302570e-10       4.572104128920e-12       7.077896270209e-12       1.274537738922e-14       7.471828468230e-15       1.837811613425e-15       2.303801980881e-16 
  935       2.018371446173e-10       4.608309138702e-12       6.993749802840e-12       1.273849969343e-14       7.441581554209e-15       1.815967719129e-15       2.316271939222e-16 
  936       2.004063237581e-10       4.644160586865e-12       6.906093529507e-12       1.273157215921e-14       7.411485440307e-15       1.794247199973e-15       2.328378603942e-16 
  937       1.989869933311e-10       4.679644092062e-12       6.814977698082e-12       1.272459869371e-14       7.381539287773e-15       1.772652370786e-15       2.340133836181e-16 
  938       1.975794811090e-10       4.714745168197e-12       6.720453118554e-12       1.271758323671e-14       7.351742239796e-15       1.751185558253e-15       2.351549614360e-16 
  939       1.961841169911e-10       4.749449224158e-12       6.622571164643e-12       1.271052976068e-14       7.322093421439e-15       1.729849100933e-15       2.362638034510e-16 
  940       1.948012330082e-10       4.783741563560e-12       6.521383775415e-12       1.270344227084e-14       7.292591939584e-15       1.708645349290e-15       2.373411310593e-16 
  941       1.934311633273e-10       4.817607384481e-12       6.416943456884e-12       1.269632480529e-14       7.263236882870e-15       1.687576665708e-15       2.383881774835e-16 
  942       1.920742442567e-10       4.851031779200e-12       6.309303283632e-12       1.268918143504e-14       7.234027321629e-15       1.666645424521e-15       2.394061878052e-16 
  943       1.907308142510e-10       4.883999733936e-12       6.198516900416e-12       1.268201626416e-14       7.204962307831e-15       1.645854012033e-15       2.403964189973e-16 
  944       1.894012139161e-10       4.916496128586e-12       6.084638523780e-12       1.267483342981e-14       7.176040875024e-15       1.625204826540e-15       2.413601399574e-16 
  945       1.880857860140e-10       4.948505736463e-12       5.967722943668e-12       1.266763710234e-14       7.147262038268e-15       1.604700278356e-15       2.422986315400e-16 
  946       1.867848754681e-10       4.980013224035e-12       5.847825525032e-12       1.266043148538e-14       7.118624794080e-15       1.584342789836e-15       2.432131865893e-16 
  947       1.854988293679e-10       5.011003150661e-12       5.725002209445e-12       1.265322081594e-14       7.090128120372e-15       1.564134795398e-15       2.441051099722e-16 
  948       1.842279969738e-10       5.041459968332e-12       5.599309516715e-12       1.264600936445e-14       7.061770976391e-15       1.544078741545e-15       2.449757186107e-16 
  949       1.829727297226e-10       5.071368021409e-12       5.470804546490e-12       1.263880143490e-14       7.033552302658e-15       1.524177086891e-15       2.458263415148e-16 
  950       1.817333812321e-10       5.100711546357e-12       5.339544979875e-12       1.263160136487e-14       7.005471020911e-15       1.504432302183e-15       2.466583198151e-16 
  951       1.805103073061e-10       5.129474671489e-12       5.205589081041e-12       1.262441352566e-14       6.977526034037e-15       1.484846870325e-15       2.474730067956e-16 
  952       1.793038659395e-10       5.157641416702e-12       5.068995698837e-12       1.261724232235e-14       6.949716226023e-15       1.465423286399e-15       2.482717679266e-16 
  953       1.781144173231e-10       5.185195693213e-12       4.929824268399e-12       1.261009219387e-14       6.922040461885e-15       1.446164057690e-15       2.490559808969e-16 
  954       1.769423238487e-10       5.212121303299e-12       4.788134812765e-12       1.260296761314e-14       6.894497587615e-15       1.427071703710e-15       2.498270356471e-16 
  955       1.757879501140e-10       5.238401940036e-12       4.643987944482e-12       1.259587308708e-14       6.867086430118e-15       1.408148756220e-15       2.505863344019e-16 
  956       1.746516088855e-10       5.264023284035e-12       4.497445420631e-12       1.258881277977e-14       6.839805930706e-15       1.389396989368e-15       2.513349184645e-16 
  957       1.735333980717e-10       5.288979329262e-12       4.348571813920e-12       1.258178937520e-14       6.812655547931e-15       1.370815097182e-15       2.520723422866e-16 
  958       1.724333612692e-10       5.313266153333e-12       4.197432870317e-12       1.257480519731e-14       6.785634860792e-15       1.352400980646e-15       2.527977822635e-16 
  959       1.713515415773e-10       5.336879829290e-12       4.044094959632e-12       1.256786258538e-14       6.758743435685e-15       1.334152514287e-15       2.535104083970e-16 
  960       1.702879815953e-10       5.359816425609e-12       3.888625077203e-12       1.256096389414e-14       6.731980826369e-15       1.316067546104e-15       2.542093842791e-16 
  961       1.692427234210e-10       5.382072006222e-12       3.731090845581e-12       1.255411149374e-14       6.705346573919e-15       1.298143897481e-15       2.548938670763e-16 
  962       1.682158086483e-10       5.403642630521e-12       3.571560516214e-12       1.254730776984e-14       6.678840206684e-15       1.280379363117e-15       2.555630075127e-16 
  963       1.672072783651e-10       5.424524353379e-12       3.410102971127e-12       1.254055512361e-14       6.652461240245e-15       1.262771710946e-15       2.562159498541e-16 
  964       1.662171731510e-10       5.444713225158e-12       3.246787724610e-12       1.253385597174e-14       6.626209177373e-15       1.245318682058e-15       2.568518318917e-16 
  965       1.652455330757e-10       5.464205291725e-12       3.081684924901e-12       1.252721274657e-14       6.600083507983e-15       1.228017990621e-15       2.574697849260e-16 
  966       1.642923976962e-10       5.482996594465e-12       2.914865355867e-12       1.252062789600e-14       6.574083709095e-15       1.210867323806e-15       2.580689337504e-16 
  967       1.633578060553e-10       5.501083170292e-12       2.746400438694e-12       1.251410388364e-14       6.548209244790e-15       1.193864341705e-15       2.586483966348e-16 
  968       1.624417966791e-10       5.518461051666e-12       2.576362233563e-12       1.250764318876e-14       6.522459566166e-15       1.177006677258e-15       2.592072853098e-16 
  969       1.615444075751e-10       5.535126266604e-12       2.404823441340e-12       1.250124830637e-14       6.496834111296e-15       1.160291936172e-15       2.597447049503e-16 
  970       1.606656762298e-10       5.551074838691e-12       2.231857405258e-12       1.249492174725e-14       6.471332305189e-15       1.143717696845e-15       2.602597541590e-16 
  971       1.598056396071e-10       5.566302787098e-12       2.057538112599e-12       1.248866603797e-14       6.445953559740e-15       1.127281510285e-15       2.607515249505e-16 
  972       1.589643341454e-10       5.580806126593e-12       1.881940196382e-12       1.248248372092e-14       6.420697273692e-15       1.110980900037e-15       2.612191027348e-16 
  973       1.581417957563e-10       5.594580867555e-12       1.705138937041e-12       1.247637735439e-14       6.395562832594e-15       1.094813362104e-15       2.616615663014e-16 
  974       1.573380598220e-10       5.607623015983e-12       1.527210264116e-12       1.247034951255e-14       6.370549608755e-15       1.078776364864e-15       2.620779878027e-16 
  975       1.565531611932e-10       5.619928573517e-12       1.348230757929e-12       1.246440278551e-14       6.345656961206e-15       1.062867349001e-15       2.624674327379e-16 
  976       1.557871341872e-10       5.631493537444e-12       1.168277651276e-12       1.245853977936e-14       6.320884235650e-15       1.047083727419e-15       2.628289599370e-16 
  977       1.550400125857e-10       5.642313900717e-12       9.874288311043e-13       1.245276311619e-14       6.296230764428e-15       1.031422885171e-15       2.631616215441e-16 
  978       1.543118296326e-10       5.652385651962e-12       8.057628401992e-13       1.244707543415e-14       6.271695866468e-15       1.015882179375e-15       2.634644630016e-16 
  979       1.536026180317e-10       5.661704775499e-12       6.233588788679e-13       1.244147938745e-14       6.247278847250e-15       1.000458939143e-15       2.637365230338e-16 
  980       1.529124099453e-10       5.670267251347e-12       4.402968066231e-13       1.243597764642e-14       6.222978998756e-15       9.851504654969e-16       2.639768336304e-16 
  981       1.522412369911e-10       5.678069055244e-12       2.566571438664e-13       1.243057289754e-14       6.198795599433e-15       9.699540312942e-16       2.641844200307e-16 
  982       1.515891302409e-10       5.685106158657e-12       7.252107357285e-14       1.242526784347e-14       6.174727914147e-15       9.548668811499e-16       2.643583007074e-16 
  983       1.509561202181e-10       5.691374528796e-12      -1.120295570257e-13       1.242006520309e-14       6.150775194142e-15       9.398862313582e-16       2.644974873497e-16 
  984       1.503422368955e-10       5.696870128626e-12      -2.969122347563e-13       1.241496771154e-14       6.126936676997e-15       9.250092698151e-16       2.646009848477e-16 
  985       1.497475096934e-10       5.701588916882e-12      -4.820437788217e-13       1.240997812023e-14       6.103211586582e-15       9.102331559404e-16       2.646677912761e-16 
  986       1.491719674776e-10       5.705526848083e-12      -6.673403391155e-13       1.240509919691e-14       6.079599133017e-15       8.955550205999e-16       2.646968978778e-16 
  987       1.486156385568e-10       5.708679872541e-12      -8.527173945392e-13       1.240033372568e-14       6.056098512626e-15       8.809719660281e-16       2.646872890474e-16 
  988       1.480785506809e-10       5.711043936379e-12      -1.038089751318e-12       1.239568450705e-14       6.032708907901e-15       8.664810657498e-16       2.646379423156e-16 
  989       1.475607310388e-10       5.712614981542e-12      -1.223371541317e-12       1.239115435792e-14       6.009429487452e-15       8.520793645029e-16       2.645478283326e-16 
  990       1.470622062561e-10       5.713388945812e-12      -1.408476220356e-12       1.238674611169e-14       5.986259405969e-15       8.377638781605e-16       2.644159108518e-16 
  991       1.465830023934e-10       5.713361762817e-12      -1.593316566529e-12       1.238246261826e-14       5.963197804175e-15       8.235315936527e-16       2.642411467136e-16 
  992       1.461231449436e-10       5.712529362049e-12      -1.777804678517e-12       1.237830674402e-14       5.940243808789e-15       8.093794688897e-16       2.640224858294e-16 
  993       1.456826588303e-10       5.710887668876e-12      -1.961851973906e-12       1.237428137198e-14       5.917396532479e-15       7.953044326832e-16       2.637588711651e-16 
  994       1.452615684053e-10       5.708432604553e-12      -2.145369187500e-12       1.237038940171e-14       5.894655073820e-15       7.813033846693e-16       2.634492387248e-16 
  995       1.448598634996e-10       5.705161854108e-12      -2.328273057764e-12       1.236663326202e-14       5.872018617626e-15       7.673737957275e-16       2.630928594632e-16 
  996       1.444773970340e-10       5.701080198399e-12      -2.510506497041e-12       1.236301344075e-14       5.849486737643e-15       7.535155190509e-16       2.626903705518e-16 
  997       1.441139859009e-10       5.696194260353e-12      -2.692018714087e-12       1.235952993344e-14       5.827059098215e-15       7.397290055083e-16       2.622427592188e-16 
  998       1.437694447696e-10       5.690510744424e-12      -2.872758551917e-12       1.235618272877e-14       5.804735354280e-15       7.260147055518e-16       2.617510222191e-16 
  999       1.434435860792e-10       5.684036436822e-12      -3.052674486935e-12       1.235297180854e-14       5.782515151342e-15       7.123730692124e-16       2.612161658591e-16 
 1000       1.431362200332e-10       5.676778205732e-12      -3.231714628059e-12       1.234989714767e-14       5.760398125441e-15       6.988045460943e-16       2.606392060217e-16 
 1001       1.428471545927e-10       5.668743001550e-12      -3.409826715846e-12       1.234695871413e-14       5.738383903119e-15       6.853095853705e-16       2.600211681921e-16 
 1002       1.425761954705e-10       5.659937857107e-12      -3.586958121620e-12       1.234415646893e-14       5.716472101393e-15       6.718886357772e-16       2.593630874822e-16 
 1003       1.423231461248e-10       5.650369887894e-12      -3.763055846595e-12       1.234149036615e-14       5.694662327723e-15       6.585421456092e-16       2.586660086564e-16 
 1004       1.420878077527e-10       5.640046292294e-12      -3.938066521004e-12       1.233896035282e-14       5.672954179980e-15       6.452705627145e-16       2.579309861564e-16 
 1005       1.418699792845e-10       5.628974351805e-12      -4.111936403224e-12       1.233656636898e-14       5.651347246419e-15       6.320743344896e-16       2.571590841266e-16 
 1006       1.416694573770e-10       5.617161431270e-12      -4.284611378899e-12       1.233430834762e-14       5.629841105644e-15       6.189539078742e-16       2.563513764389e-16 
 1007       1.414860364073e-10       5.604614979104e-12      -4.456036960072e-12       1.233218621465e-14       5.608435326582e-15       6.059097293462e-16       2.555089467184e-16 
 1008       1.413195084671e-10       5.591342527520e-12      -4.626158284305e-12       1.233019988889e-14       5.587129468449e-15       5.929422449168e-16       2.546328883680e-16 
 1009       1.411696633558e-10       5.577351692758e-12      -4.794920113810e-12       1.232834928203e-14       5.565923080721e-15       5.800519001253e-16       2.537243045942e-16 
 1010       1.410362885746e-10       5.562650175310e-12      -4.962266834570e-12       1.232663429865e-14       5.544815703102e-15       5.672391400343e-16       2.527843084315e-16 
 1011       1.409191693203e-10       5.547245760150e-12      -5.128142455470e-12       1.232505483612e-14       5.523806865495e-15       5.545044092242e-16       2.518140227684e-16 
 1012       1.408180884790e-10       5.531146316961e-12      -5.292490607418e-12       1.232361078466e-14       5.502896087974e-15       5.418481517887e-16       2.508145803718e-16 
 1013       1.407328266198e-10       5.514359800359e-12      -5.455254542477e-12       1.232230202725e-14       5.482082880745e-15       5.292708113294e-16       2.497871239128e-16 
 1014       1.406631619889e-10       5.496894250125e-12      -5.616377132983e-12       1.232112843964e-14       5.461366744124e-15       5.167728309508e-16       2.487328059915e-16 
 1015       1.406088705027e-10       5.478757791429e-12      -5.775800870680e-12       1.232008989031e-14       5.440747168504e-15       5.043546532554e-16       2.476527891620e-16 
 1016       1.405697257423e-10       5.459958635058e-12      -5.933467865839e-12       1.231918624046e-14       5.420223634322e-15       4.920167203387e-16       2.465482459583e-16 
 1017       1.405454989470e-10       5.440505077646e-12      -6.089319846386e-12       1.231841734398e-14       5.399795612031e-15       4.797594737838e-16       2.454203589187e-16 
 1018       1.405359590078e-10       5.420405501897e-12      -6.243298157029e-12       1.231778304743e-14       5.379462562068e-15       4.675833546568e-16       2.442703206112e-16 
 1019       1.405408724615e-10       5.399668376814e-12      -6.395343758385e-12       1.231728318999e-14       5.359223934824e-15       4.554888035016e-16       2.430993336588e-16 
 1020       1.405600034847e-10       5.378302257929e-12      -6.545397226103e-12       1.231691760349e-14       5.339079170614e-15       4.434762603345e-16       2.419086107649e-16 
 1021       1.405931138867e-10       5.356315787526e-12      -6.693398749990e-12       1.231668611233e-14       5.319027699646e-15       4.315461646398e-16       2.406993747376e-16 
 1022       1.406399631042e-10       5.333717694871e-12      -6.839288133141e-12       1.231658853347e-14       5.299068941989e-15       4.196989553644e-16       2.394728585159e-16 
 1023       1.407003081947e-10       5.310516796439e-12      -6.983004791061e-12       1.231662467644e-14       5.279202307547e-15       4.079350709127e-16       2.382303051941e-16 
 1024       1.407739038301e-10       5.286721996141e-12      -7.124487750792e-12       1.231679434329e-14       5.259427196021e-15       3.962549491418e-16       2.369729680476e-16 
 1025       1.408605022908e-10       5.262342285551e-12      -7.263675650041e-12       1.231709732854e-14       5.239742996885e-15       3.846590273561e-16       2.357021105573e-16 
 1026       1.409598534591e-10       5.237386744133e-12      -7.400506736302e-12       1.231753341922e-14       5.220149089354e-15       3.731477423027e-16       2.344190064355e-16 
 1027       1.410717048135e-10       5.211864539471e-12      -7.534918865985e-12       1.231810239477e-14       5.200644842351e-15       3.617215301660e-16       2.331249396508e-16 
 1028       1.411958014219e-10       5.185784927493e-12      -7.666849503542e-12       1.231880402708e-14       5.181229614478e-15       3.503808265630e-16       2.318212044531e-16 
 1029       1.413318859357e-10       5.159157252700e-12      -7.796235720593e-12       1.231963808045e-14       5.161902753986e-15       3.391260665377e-16       2.305091053989e-16 
 1030       1.414796985836e-10       5.131990948392e-12      -7.923014195048e-12       1.232060431152e-14       5.142663598743e-15       3.279576845569e-16       2.291899573766e-16 
 1031       1.416389771653e-10       5.104295536897e-12      -8.047121210240e-12       1.232170246933e-14       5.123511476206e-15       3.168761145041e-16       2.278650856314e-16 
 1032       1.418094570449e-10       5.076080629797e-12      -8.168492654045e-12       1.232293229521e-14       5.104445703387e-15       3.058817896756e-16       2.265358257907e-16 
 1033       1.419908711456e-10       5.047355928159e-12      -8.287064018010e-12       1.232429352281e-14       5.085465586825e-15       2.949751427746e-16       2.252035238891e-16 
 1034       1.421829507427e-10       5.018131662092e-12      -8.402779800467e-12       1.232578557721e-14       5.066570498752e-15       2.841569774338e-16       2.238692651712e-16 
 1035       1.423854278721e-10       4.988419915792e-12      -8.515621863136e-12       1.232740666770e-14       5.047760106834e-15       2.734295885412e-16       2.225330562517e-16 
 1036       1.425980329438e-10       4.958233321675e-12      -8.625581473419e-12       1.232915468214e-14       5.029034147612e-15       2.627956577326e-16       2.211946314507e-16 
 1037       1.428204939387e-10       4.927584623009e-12      -8.732649936917e-12       1.233102748658e-14       5.010392350585e-15       2.522578833361e-16       2.198537229626e-16 
 1038       1.430525364027e-10       4.896486674196e-12      -8.836818597610e-12       1.233302292519e-14       4.991834438179e-15       2.418189804087e-16       2.185100608519e-16 
 1039       1.432938834399e-10       4.864952441044e-12      -8.938078838042e-12       1.233513882027e-14       4.973360125731e-15       2.314816807730e-16       2.171633730469e-16 
 1040       1.435442557073e-10       4.832995001049e-12      -9.036422079495e-12       1.233737297208e-14       4.954969121464e-15       2.212487330535e-16       2.158133853351e-16 
 1041       1.438033714080e-10       4.800627543665e-12      -9.131839782177e-12       1.233972315889e-14       4.936661126468e-15       2.111229027137e-16       2.144598213579e-16 
 1042       1.440709462853e-10       4.767863370585e-12      -9.224323445394e-12       1.234218713687e-14       4.918435834673e-15       2.011069720922e-16       2.131024026052e-16 
 1043       1.443466936166e-10       4.734715896017e-12      -9.313864607738e-12       1.234476264001e-14       4.900292932833e-15       1.912037404399e-16       2.117408484101e-16 
 1044       1.446303242073e-10       4.701198646960e-12      -9.400454847262e-12       1.234744738013e-14       4.882232100499e-15       1.814160239560e-16       2.103748759437e-16 
 1045       1.449215463845e-10       4.667325263480e-12      -9.484085781664e-12       1.235023904676e-14       4.864253010001e-15       1.717466558252e-16       2.090042002102e-16 
 1046       1.452200659909e-10       4.633109498987e-12      -9.564749068467e-12       1.235313530711e-14       4.846355326420e-15       1.621984862538e-16       2.076285340412e-16 
 1047       1.455255863790e-10       4.598565220514e-12      -9.642436405195e-12       1.235613380602e-14       4.828538707575e-15       1.527743825068e-16       2.062475880904e-16 
 1048       1.458378084043e-10       4.563706408989e-12      -9.717139529560e-12       1.235923216587e-14       4.810802803993e-15       1.434772289440e-16       2.048610708291e-16 
 1049       1.461564304198e-10       4.528547159515e-12      -9.788850219639e-12       1.236242798655e-14       4.793147258889e-15       1.343099270572e-16       2.034686885399e-16 
 1050       1.464811482694e-10       4.493101681645e-12      -9.857560294055e-12       1.236571884540e-14       4.775571708148e-15       1.252753955063e-16       2.020701453124e-16 
 1051       1.468116552821e-10       4.457384299661e-12      -9.923261612156e-12       1.236910229716e-14       4.758075780298e-15       1.163765701563e-16       2.006651430373e-16 
 1052       1.471476422656e-10       4.421409452846e-12      -9.985946074197e-12       1.237257587386e-14       4.740659096488e-15       1.076164041135e-16       1.992533814015e-16 
 1053       1.474887975005e-10       4.385191695765e-12      -1.004560562152e-11       1.237613708484e-14       4.723321270473e-15       9.899786776276e-17       1.978345578827e-16 
 1054       1.478348067338e-10       4.348745698540e-12      -1.010223223674e-11       1.237978341664e-14       4.706061908581e-15       9.052394880336e-17       1.964083677442e-16 
 1055       1.481853531728e-10       4.312086247127e-12      -1.015581794392e-11       1.238351233295e-14       4.688880609700e-15       8.219765228621e-17       1.949745040299e-16 
 1056       1.485401174792e-10       4.275228243590e-12      -1.020635480873e-11       1.238732127457e-14       4.671776965254e-15       7.402200065019e-17       1.935326575586e-16 
 1057       1.488987777629e-10       4.238186706381e-12      -1.025383493868e-11       1.239120765932e-14       4.654750559176e-15       6.600003375883e-17       1.920825169190e-16 
 1058       1.492610095757e-10       4.200976770617e-12      -1.029825048325e-11       1.239516888203e-14       4.637800967893e-15       5.813480893693e-17       1.906237684644e-16 
 1059       1.496264859051e-10       4.163613688352e-12      -1.033959363410e-11       1.239920231443e-14       4.620927760300e-15       5.042940100720e-17       1.891560963077e-16 
 1060       1.499948771687e-10       4.126112828857e-12      -1.037785662523e-11       1.240330530514e-14       4.604130497736e-15       4.288690232682e-17       1.876791823157e-16 
 1061       1.503658512073e-10       4.088489678898e-12      -1.041303173318e-11       1.240747517957e-14       4.587408733970e-15       3.551042282412e-17       1.861927061042e-16 
 1062       1.507390732793e-10       4.050759843008e-12      -1.044511127721e-11       1.241170923990e-14       4.570762015168e-15       2.830309003517e-17       1.846963450329e-16 
 1063       1.511142060545e-10       4.012939043769e-12      -1.047408761944e-11       1.241600476498e-14       4.554189879882e-15       2.126804914039e-17       1.831897741994e-16 
 1064       1.514909096077e-10       3.975043122083e-12      -1.049995316509e-11       1.242035901032e-14       4.537691859017e-15       1.440846300121e-17       1.816726664350e-16 
 1065       1.518688414127e-10       3.937088037453e-12      -1.052270036262e-11       1.242476920800e-14       4.521267475821e-15       7.727512196622e-18       1.801446922986e-16 
 1066       1.522476563365e-10       3.899089868258e-12      -1.054232170394e-11       1.242923256660e-14       4.504916245850e-15       1.228395059873e-18       1.786055200718e-16 
 1067       1.526270066324e-10       3.861064812030e-12      -1.055880972455e-11       1.243374627120e-14       4.488637676958e-15      -5.085672284970e-18       1.770548157539e-16 
 1068       1.530065419346e-10       3.823029185728e-12      -1.057215700375e-11       1.243830748327e-14       4.472431269268e-15      -1.121145588638e-17       1.754922430561e-16 
 1069       1.533859092518e-10       3.784999426018e-12      -1.058235616484e-11       1.244291334061e-14       4.456296515149e-15      -1.714570392876e-17       1.739174633966e-16 
 1070       1.537647529609e-10       3.746992089550e-12      -1.058939987523e-11       1.244756095733e-14       4.440232899200e-15      -2.288514669581e-17       1.723301358955e-16 
 1071       1.541427148010e-10       3.709023853229e-12      -1.059328084671e-11       1.245224742376e-14       4.424239898222e-15      -2.842649653391e-17       1.707299173691e-16 
 1072       1.545194338674e-10       3.671111514500e-12      -1.059399183555e-11       1.245696980642e-14       4.408316981202e-15      -3.376644781553e-17       1.691164623252e-16 
 1073       1.548945760526e-10       3.633270946796e-12      -1.059153223455e-11       1.246172519375e-14       4.392463663982e-15      -3.890279198483e-17       1.674895306534e-16 
 1074       1.552679228227e-10       3.595513949776e-12      -1.058592794692e-11       1.246651083419e-14       4.376679674160e-15      -4.383777939538e-17       1.658493123140e-16 
 1075       1.556392836378e-10       3.557851356749e-12      -1.057721178334e-11       1.247132399990e-14       4.360964788391e-15      -4.857480317711e-17       1.641961070603e-16 
 1076       1.560084666109e-10       3.520294075775e-12      -1.056541689558e-11       1.247616194100e-14       4.345318777884e-15      -5.311728838463e-17       1.625302171491e-16 
 1077       1.563752785052e-10       3.482853089832e-12      -1.055057677737e-11       1.248102188560e-14       4.329741408377e-15      -5.746869207672e-17       1.608519473469e-16 
 1078       1.567395247311e-10       3.445539456982e-12      -1.053272526523e-11       1.248590103968e-14       4.314232440127e-15      -6.163250339583e-17       1.591616049358e-16 
 1079       1.571010093426e-10       3.408364310543e-12      -1.051189653937e-11       1.249079658706e-14       4.298791627891e-15      -6.561224364757e-17       1.574594997195e-16 
 1080       1.574595350346e-10       3.371338859252e-12      -1.048812512455e-11       1.249570568935e-14       4.283418720910e-15      -6.941146638021e-17       1.557459440291e-16 
 1081       1.578149031398e-10       3.334474387436e-12      -1.046144589093e-11       1.250062548591e-14       4.268113462893e-15      -7.303375746417e-17       1.540212527293e-16 
 1082       1.581669136257e-10       3.297782255179e-12      -1.043189405496e-11       1.250555309375e-14       4.252875591999e-15      -7.648273517152e-17       1.522857432243e-16 
 1083       1.585153650911e-10       3.261273898490e-12      -1.039950518024e-11       1.251048560753e-14       4.237704840825e-15      -7.976205025546e-17       1.505397354637e-16 
 1084       1.588600547637e-10       3.224960829469e-12      -1.036431517838e-11       1.251542009949e-14       4.222600936383e-15      -8.287538602985e-17       1.487835519486e-16 
 1085       1.592007784965e-10       3.188854636476e-12      -1.032636030987e-11       1.252035361937e-14       4.207563600092e-15      -8.582645844866e-17       1.470175177373e-16 
 1086       1.595373307649e-10       3.152966984302e-12      -1.028567718495e-11       1.252528319440e-14       4.192592547752e-15      -8.861901618550e-17       1.452419604517e-16 
 1087       1.598695046637e-10       3.117309614331e-12      -1.024230276447e-11       1.253020582922e-14       4.177687489538e-15      -9.125684071311e-17       1.434572102829e-16 
 1088       1.601970919038e-10       3.081894344710e-12      -1.019627436076e-11       1.253511850583e-14       4.162848129976e-15      -9.374374638283e-17       1.416635999972e-16 
 1089       1.605198828095e-10       3.046733070520e-12      -1.014762963852e-11       1.254001818355e-14       4.148074167927e-15      -9.608358050412e-17       1.398614649424e-16 
 1090       1.608376663152e-10       3.011837763939e-12      -1.009640661563e-11       1.254490179893e-14       4.133365296578e-15      -9.828022342405e-17       1.380511430534e-16 
 1091       1.611502299620e-10       2.977220474413e-12      -1.004264366407e-11       1.254976626577e-14       4.118721203416e-15      -1.003375886068e-16       1.362329748582e-16 
 1092       1.614573598955e-10       2.942893328823e-12      -9.986379510777e-12       1.255460847498e-14       4.104141570219e-15      -1.022596227131e-16       1.344073034843e-16 
 1093       1.617588408618e-10       2.908868531650e-12      -9.927653238493e-12       1.255942529459e-14       4.089626073036e-15      -1.040503056799e-16       1.325744746640e-16 
 1094       1.620544562050e-10       2.875158365148e-12      -9.866504286643e-12       1.256421356966e-14       4.075174382170e-15      -1.057136507996e-16       1.307348367410e-16 
 1095       1.623439878639e-10       2.841775189509e-12      -9.802972452204e-12       1.256897012227e-14       4.060786162167e-15      -1.072537047998e-16       1.288887406758e-16 
 1096       1.626272163690e-10       2.808731443030e-12      -9.737097890568e-12       1.257369175141e-14       4.046461071792e-15      -1.086745479225e-16       1.270365400523e-16 
 1097       1.629039208394e-10       2.776039642280e-12      -9.668921116410e-12       1.257837523297e-14       4.032198764019e-15      -1.099802940039e-16       1.251785910831e-16 
 1098       1.631738789799e-10       2.743712382273e-12      -9.598483004556e-12       1.258301731968e-14       4.017998886013e-15      -1.111750905539e-16       1.233152526160e-16 
 1099       1.634368670774e-10       2.711762336629e-12      -9.525824790847e-12       1.258761474103e-14       4.003861079110e-15      -1.122631188351e-16       1.214468861398e-16 
 1100       1.636926599986e-10       2.680202257748e-12      -9.450988073009e-12       1.259216420326e-14       3.989784978806e-15      -1.132485939432e-16       1.195738557901e-16 
 1101       1.639410311864e-10       2.649044976972e-12      -9.374014811517e-12       1.259666238927e-14       3.975770214738e-15      -1.141357648853e-16       1.176965283555e-16 
 1102       1.641817526567e-10       2.618303404757e-12      -9.294947330467e-12       1.260110595858e-14       3.961816410667e-15      -1.149289146606e-16       1.158152732833e-16 
 1103       1.644145949960e-10       2.587990530839e-12      -9.213828318435e-12       1.260549154730e-14       3.947923184465e-15      -1.156323603391e-16       1.139304626861e-16 
 1104       1.646393273575e-10       2.558119424403e-12      -9.130700829350e-12       1.260981576803e-14       3.934090148094e-15      -1.162504531412e-16       1.120424713467e-16 
 1105       1.648557174589e-10       2.528703234249e-12      -9.045608283358e-12       1.261407520984e-14       3.920316907593e-15      -1.167875785178e-16       1.101516767253e-16 
 1106       1.650635315784e-10       2.499755188961e-12      -8.958594467692e-12       1.261826643822e-14       3.906603063061e-15      -1.172481562288e-16       1.082584589643e-16 
 1107       1.652625345525e-10       2.471288597075e-12      -8.869703537534e-12       1.262238599501e-14       3.892948208640e-15      -1.176366404235e-16       1.063632008954e-16 
 1108       1.654524897721e-10       2.443316847245e-12      -8.778980016886e-12       1.262643039835e-14       3.879351932499e-15      -1.179575197194e-16       1.044662880444e-16 
 1109       1.656331591803e-10       2.415853408415e-12      -8.686468799434e-12       1.263039614263e-14       3.865813816819e-15      -1.182153172824e-16       1.025681086383e-16 
 1110       1.658043032686e-10       2.388911829979e-12      -8.592215149418e-12       1.263427969844e-14       3.852333437773e-15      -1.184145909056e-16       1.006690536105e-16 
 1111       1.659656810742e-10       2.362505741960e-12      -8.496264702495e-12       1.263807751252e-14       3.838910365516e-15      -1.185599330892e-16       9.876951660697e-17 
 1112       1.661170875571e-10       2.336647045462e-12      -8.398663994387e-12       1.264178633964e-14       3.825544208637e-15      -1.186553185598e-16       9.686987830822e-17 
 1113       1.662584662761e-10       2.311340457696e-12      -8.299462052666e-12       1.264540424310e-14       3.812234748222e-15      -1.187021372794e-16       9.497045915720e-17 
 1114       1.663897981873e-10       2.286588895610e-12      -8.198708827609e-12       1.264892960731e-14       3.798981805522e-15      -1.187011357462e-16       9.307156602197e-17 
 1115       1.665110643990e-10       2.262395279082e-12      -8.096454667231e-12       1.265236080696e-14       3.785785197629e-15      -1.186530672269e-16       9.117350782797e-17 
 1116       1.666222461717e-10       2.238762530914e-12      -7.992750318206e-12       1.265569620704e-14       3.772644737460e-15      -1.185586917724e-16       8.927659556242e-17 
 1117       1.667233249191e-10       2.215693576825e-12      -7.887646926784e-12       1.265893416277e-14       3.759560233749e-15      -1.184187762348e-16       8.738114227879e-17 
 1118       1.668142822084e-10       2.193191345443e-12      -7.781196039708e-12       1.266207301967e-14       3.746531491029e-15      -1.182340942829e-16       8.548746310125e-17 
 1119       1.668950997611e-10       2.171258768294e-12      -7.673449605132e-12       1.266511111343e-14       3.733558309628e-15      -1.180054264189e-16       8.359587522912e-17 
 1120       1.669657594533e-10       2.149898779800e-12      -7.564459973543e-12       1.266804676997e-14       3.720640485650e-15      -1.177335599944e-16       8.170669794133e-17 
 1121       1.670262433163e-10       2.129114317266e-12      -7.454279898674e-12       1.267087830539e-14       3.707777810966e-15      -1.174192892267e-16       7.982025260084e-17 
 1122       1.670765335372e-10       2.108908320878e-12      -7.342962538423e-12       1.267360402594e-14       3.694970073203e-15      -1.170634152149e-16       7.793686265913e-17 
 1123       1.671166124596e-10       2.089283733689e-12      -7.230561455775e-12       1.267622222801e-14       3.682217055730e-15      -1.166667459564e-16       7.605685366059e-17 
 1124       1.671464625840e-10       2.070243501616e-12      -7.117130619714e-12       1.267873119813e-14       3.669518537645e-15      -1.162300963630e-16       7.418055324704e-17 
 1125       1.671660665682e-10       2.051790573430e-12      -7.002724406146e-12       1.268112921289e-14       3.656874293767e-15      -1.157542882769e-16       7.230829116214e-17 
 1126       1.671754072281e-10       2.033927900749e-12      -6.887397598814e-12       1.268341453900e-14       3.644284094622e-15      -1.152401504872e-16       7.044039925583e-17 
 1127       1.671744675382e-10       2.016658438031e-12      -6.771205390219e-12       1.268558543318e-14       3.631747706428e-15      -1.146885187460e-16       6.857721148881e-17 
 1128       1.671632306322e-10       1.999985142567e-12      -6.654203382533e-12       1.268764014224e-14       3.619264891088e-15      -1.141002357848e-16       6.671906393697e-17 
 1129       1.671416798032e-10       1.983910974468e-12      -6.536447588524e-12       1.268957690295e-14       3.606835406175e-15      -1.134761513303e-16       6.486629479584e-17 
 1130       1.671097985047e-10       1.968438896666e-12      -6.417994432467e-12       1.269139394210e-14       3.594459004921e-15      -1.128171221212e-16       6.301924438503e-17 
 1131       1.670675703512e-10       1.953571874898e-12      -6.298900751067e-12       1.269308947647e-14       3.582135436203e-15      -1.121240119239e-16       6.117825515273e-17 
 1132       1.670149791181e-10       1.939312877704e-12      -6.179223794375e-12       1.269466171275e-14       3.569864444534e-15      -1.113976915492e-16       5.934367168009e-17 
 1133       1.669520087429e-10       1.925664876417e-12      -6.059021226705e-12       1.269610884761e-14       3.557645770050e-15      -1.106390388680e-16       5.751584068570e-17 
 1134       1.668786433256e-10       1.912630845155e-12      -5.938351127556e-12       1.269742906758e-14       3.545479148496e-15      -1.098489388281e-16       5.569511103007e-17 
 1135       1.667948671291e-10       1.900213760816e-12      -5.817271992525e-12       1.269862054913e-14       3.533364311218e-15      -1.090282834698e-16       5.388183372001e-17 
 1136       1.667006645798e-10       1.888416603066e-12      -5.695842734228e-12       1.269968145856e-14       3.521300985147e-15      -1.081779719427e-16       5.207636191315e-17 
 1137       1.665960202684e-10       1.877242354333e-12      -5.574122683217e-12       1.270060995203e-14       3.509288892788e-15      -1.072989105217e-16       5.027905092236e-17 
 1138       1.664809189499e-10       1.866693999804e-12      -5.452171588901e-12       1.270140417554e-14       3.497327752209e-15      -1.063920126230e-16       4.849025822018e-17 
 1139       1.663553455448e-10       1.856774527408e-12      -5.330049620458e-12       1.270206226489e-14       3.485417277031e-15      -1.054581988206e-16       4.671034344329e-17 
 1140       1.662192851393e-10       1.847486927819e-12      -5.207817367758e-12       1.270258234565e-14       3.473557176409e-15      -1.044983968627e-16       4.493966839696e-17 
 1141       1.660727229858e-10       1.838834194438e-12      -5.085535842279e-12       1.270296253317e-14       3.461747155029e-15      -1.035135416872e-16       4.317859705952e-17 
 1142       1.659156445036e-10       1.830819323393e-12      -4.963266478028e-12       1.270320093256e-14       3.449986913088e-15      -1.025045754388e-16       4.142749558675e-17 
 1143       1.657480352794e-10       1.823445313528e-12      -4.841071132452e-12       1.270329563861e-14       3.438276146288e-15      -1.014724474848e-16       3.968673231639e-17 
 1144       1.655698810680e-10       1.816715166397e-12      -4.719012087366e-12       1.270324473585e-14       3.426614545821e-15      -1.004181144310e-16       3.795667777256e-17 
 1145       1.653811677924e-10       1.810631886253e-12      -4.597152049860e-12       1.270304629848e-14       3.415001798356e-15      -9.934254013872e-17       3.623770467020e-17 
 1146       1.651818815451e-10       1.805198480043e-12      -4.475554153227e-12       1.270269839036e-14       3.403437586031e-15      -9.824669574029e-17       3.453018791956e-17 
 1147       1.649720085878e-10       1.800417957403e-12      -4.354281957875e-12       1.270219906499e-14       3.391921586437e-15      -9.713155965566e-17       3.283450463060e-17 
 1148       1.647515353526e-10       1.796293330642e-12      -4.233399452247e-12       1.270154636549e-14       3.380453472606e-15      -9.599811760851e-17       3.115103411747e-17 
 1149       1.645204484423e-10       1.792827614744e-12      -4.112971053738e-12       1.270073832457e-14       3.369032913004e-15      -9.484736264252e-17       2.948015790297e-17 
 1150       1.642787346311e-10       1.790023827354e-12      -3.993061609614e-12       1.269977296455e-14       3.357659571513e-15      -9.368029513753e-17       2.782225972296e-17 
 1151       1.640264046658e-10       1.787883508453e-12      -3.873731408098e-12       1.269864869282e-14       3.346333141291e-15      -9.249729011613e-17       2.617763601834e-17 
 1152       1.637635650017e-10       1.786402258816e-12      -3.755021140418e-12       1.269736549412e-14       3.335053446840e-15      -9.129619033544e-17       2.454622615768e-17 
 1153       1.634903469785e-10       1.785574144891e-12      -3.636966749643e-12       1.269592375337e-14       3.323820343207e-15      -9.007418901501e-17       2.292787879798e-17 
 1154       1.632068831054e-10       1.785393173836e-12      -3.519604403662e-12       1.269432386155e-14       3.312633682228e-15      -8.882846030950e-17       2.132244108286e-17 
 1155       1.629133070632e-10       1.785853293378e-12      -3.402970495651e-12       1.269256621568e-14       3.301493312518e-15      -8.755615926767e-17       1.972975863891e-17 
 1156       1.626097537072e-10       1.786948391673e-12      -3.287101644537e-12       1.269065121888e-14       3.290399079460e-15      -8.625442179131e-17       1.814967557200e-17 
 1157       1.622963590699e-10       1.788672297161e-12      -3.172034695468e-12       1.268857928032e-14       3.279350825197e-15      -8.492036459422e-17       1.658203446367e-17 
 1158       1.619732603638e-10       1.791018778429e-12      -3.057806720280e-12       1.268635081530e-14       3.268348388625e-15      -8.355108516120e-17       1.502667636747e-17 
 1159       1.616405959839e-10       1.793981544065e-12      -2.944455017958e-12       1.268396624522e-14       3.257391605380e-15      -8.214366170697e-17       1.348344080529e-17 
 1160       1.612985055105e-10       1.797554242519e-12      -2.832017115108e-12       1.268142599761e-14       3.246480307835e-15      -8.069515313516e-17       1.195216576373e-17 
 1161       1.609471297122e-10       1.801730461960e-12      -2.720530766420e-12       1.267873050616e-14       3.235614325084e-15      -7.920259899726e-17       1.043268769044e-17 
 1162       1.605866105479e-10       1.806503730137e-12      -2.610033955139e-12       1.267588021071e-14       3.224793482940e-15      -7.766301945160e-17       8.924841490456e-18 
 1163       1.602170911703e-10       1.811867514231e-12      -2.500564893523e-12       1.267287555727e-14       3.214017603919e-15      -7.607341522229e-17       7.428460522582e-18 
 1164       1.598387159281e-10       1.817815220721e-12      -2.392162023320e-12       1.266971699805e-14       3.203286507237e-15      -7.443076755821e-17       5.943376595700e-18 
 1165       1.594516303689e-10       1.824340195237e-12      -2.284864016226e-12       1.266640499146e-14       3.192600008800e-15      -7.273203819196e-17       4.469419965142e-18 
 1166       1.590559812417e-10       1.831435722424e-12      -2.178709774354e-12       1.266294000214e-14       3.181957921191e-15      -7.097416929882e-17       3.006419329032e-18 
 1167       1.586519165001e-10       1.839095025791e-12      -2.073738430704e-12       1.265932250097e-14       3.171360053666e-15      -6.915408345573e-17       1.554201824632e-18 
 1168       1.582395853043e-10       1.847311267579e-12      -1.969989349624e-12       1.265555296506e-14       3.160806212141e-15      -6.726868360022e-17       1.125930246974e-19 
 1169       1.578191380244e-10       1.856077548614e-12      -1.867502127280e-12       1.265163187779e-14       3.150296199188e-15      -6.531485298942e-17      -1.318583066183e-18 
 1170       1.573907262429e-10       1.865386908167e-12      -1.766316592121e-12       1.264755972884e-14       3.139829814021e-15      -6.328945515898e-17      -2.739504015232e-18 
 1171       1.569545027573e-10       1.875232323812e-12      -1.666472805345e-12       1.264333701418e-14       3.129406852488e-15      -6.118933388206e-17      -4.150348965139e-18 
 1172       1.565106215829e-10       1.885606711285e-12      -1.568011061368e-12       1.263896423606e-14       3.119027107066e-15      -5.901131312830e-17      -5.551298637709e-18 
 1173       1.560592379556e-10       1.896502924341e-12      -1.470971888287e-12       1.263444190310e-14       3.108690366848e-15      -5.675219702275e-17      -6.942535337517e-18 
 1174       1.556005083345e-10       1.907913754612e-12      -1.375396048349e-12       1.262977053023e-14       3.098396417535e-15      -5.440876980487e-17      -8.324242955558e-18 
 1175       1.551345904044e-10       1.919831931469e-12      -1.281324538416e-12       1.262495063876e-14       3.088145041428e-15      -5.197779578746e-17      -9.696606972898e-18 
 1176       1.546616430791e-10       1.932250121877e-12      -1.188798590433e-12       1.261998275634e-14       3.077936017418e-15      -4.945601931566e-17      -1.105981446433e-17 
 1177       1.541818265034e-10       1.945160930253e-12      -1.097859671892e-12       1.261486741704e-14       3.067769120976e-15      -4.684016472589e-17      -1.241405410201e-17 
 1178       1.536953020564e-10       1.958556898326e-12      -1.008549486301e-12       1.260960516130e-14       3.057644124150e-15      -4.412693630481e-17      -1.375951615913e-17 
 1179       1.532022323538e-10       1.972430504997e-12      -9.209099736481e-13       1.260419653599e-14       3.047560795546e-15      -4.131301824829e-17      -1.509639251356e-17 
 1180       1.527027812507e-10       1.986774166191e-12      -8.349833108709e-13       1.259864209442e-14       3.037518900329e-15      -3.839507462040e-17      -1.642487665150e-17 
 1181       1.521971138444e-10       2.001580234724e-12      -7.508119123199e-13       1.259294239633e-14       3.027518200207e-15      -3.536974931233e-17      -1.774516367112e-17 
 1182       1.516853964773e-10       2.016841000155e-12      -6.684384302265e-13       1.258709800793e-14       3.017558453428e-15      -3.223366600136e-17      -1.905745028624e-17 
 1183       1.511677967390e-10       2.032548688645e-12      -5.879057551693e-13       1.258110950189e-14       3.007639414763e-15      -2.898342810988e-17      -2.036193482995e-17 
 1184       1.506444834697e-10       2.048695462820e-12      -5.092570165402e-13       1.257497745740e-14       2.997760835506e-15      -2.561561876426e-17      -2.165881725827e-17 
 1185       1.501156267624e-10       2.065273421622e-12      -4.325355830114e-13       1.256870246012e-14       2.987922463459e-15      -2.212680075390e-17      -2.294829915383e-17 
 1186       1.495813979658e-10       2.082274600174e-12      -3.577850630011e-13       1.256228510227e-14       2.978124042926e-15      -1.851351649014e-17      -2.423058372947e-17 
 1187       1.490419696870e-10       2.099690969636e-12      -2.850493051408e-13       1.255572598257e-14       2.968365314702e-15      -1.477228796525e-17      -2.550587583195e-17 
 1188       1.484975157944e-10       2.117514437062e-12      -2.143723987409e-13       1.254902570631e-14       2.958646016066e-15      -1.089961671139e-17      -2.677438194555e-17 
 1189       1.479482114199e-10       2.135736845259e-12      -1.457986742576e-13       1.254218488534e-14       2.948965880771e-15      -6.891983759549e-18      -2.803631019574e-17 
 1190       1.473942330283e-10       2.154349621764e-12      -7.936575072092e-14       1.253520436187e-14       2.939324663978e-15      -2.747475240817e-18      -2.929181419872e-17 
 1191       1.468357586185e-10       2.173342721328e-12      -1.508358359878e-14       1.252808588288e-14       2.929722217418e-15       1.529318870482e-18      -3.054082384763e-17 
 1192       1.462729675301e-10       2.192705670163e-12       4.704483948635e-14       1.252083143400e-14       2.920158415133e-15       5.932143412295e-18      -3.178321245520e-17 
 1193       1.457060403798e-10       2.212427915471e-12       1.070165691834e-13       1.251344301654e-14       2.910633128615e-15       1.045469812304e-17      -3.301885271826e-17 
 1194       1.451351590645e-10       2.232498825275e-12       1.648286945350e-13       1.250592264755e-14       2.901146226795e-15       1.509063754501e-17      -3.424761671665e-17 
 1195       1.445605067638e-10       2.252907688247e-12       2.204783430996e-13       1.249827235980e-14       2.891697576039e-15       1.983357092775e-17      -3.546937591209e-17 
 1196       1.439822679426e-10       2.273643713539e-12       2.739626810740e-13       1.249049420184e-14       2.882287040141e-15       2.467706213148e-17      -3.668400114711e-17 
 1197       1.434006283541e-10       2.294696030605e-12       3.252789134153e-13       1.248259023805e-14       2.872914480311e-15       2.961462953047e-17      -3.789136264392e-17 
 1198       1.428157750425e-10       2.316053689039e-12       3.744242839633e-13       1.247456254866e-14       2.863579755178e-15       3.463974591645e-17      -3.909133000331e-17 
 1199       1.422278963452e-10       2.337705658396e-12       4.213960755629e-13       1.246641322977e-14       2.854282720773e-15       3.974583840198e-17      -4.028377220358e-17 
 1200       1.416371818963e-10       2.359640828025e-12       4.661916101861e-13       1.245814439340e-14       2.845023230529e-15       4.492628832387e-17      -4.146855759938e-17 
 1201       1.410438226286e-10       2.381848006894e-12       5.088082490544e-13       1.244975816751e-14       2.835801135270e-15       5.017443114657e-17      -4.264555392066e-17 
 1202       1.404480107770e-10       2.404315923423e-12       5.492433927611e-13       1.244125669607e-14       2.826616283208e-15       5.548355636557e-17      -4.381462827154e-17 
 1203       1.398499398803e-10       2.427033225310e-12       5.874944813936e-13       1.243264213905e-14       2.817468519934e-15       6.084690741078e-17      -4.497564712920e-17 
 1204       1.392498047850e-10       2.449988479360e-12       6.235589946554e-13       1.242391667248e-14       2.808357688410e-15       6.625768154994e-17      -4.612847634281e-17 
 1205       1.386478016470e-10       2.473170171311e-12       6.574344519887e-13       1.241508248847e-14       2.799283628964e-15       7.170902979199e-17      -4.727298113240e-17 
 1206       1.380441279352e-10       2.496566705671e-12       6.891184126964e-13       1.240614179524e-14       2.790246179284e-15       7.719405679051e-17      -4.840902608775e-17 
 1207       1.374389824334e-10       2.520166405535e-12       7.186084760646e-13       1.239709681719e-14       2.781245174407e-15       8.270582074708e-17      -4.953647516732e-17 
 1208       1.368325652435e-10       2.543957512424e-12       7.459022814846e-13       1.238794979488e-14       2.772280446718e-15       8.823733331469e-17      -5.065519169711e-17 
 1209       1.362250777884e-10       2.567928186106e-12       7.709975085753e-13       1.237870298512e-14       2.763351825939e-15       9.378155950113e-17      -5.176503836960e-17 
 1210       1.356167228140e-10       2.592066504432e-12       7.938918773055e-13       1.236935866096e-14       2.754459139123e-15       9.933141757238e-17      -5.286587724258e-17 
 1211       1.350077043925e-10       2.616360463156e-12       8.145831481162e-13       1.235991911173e-14       2.745602210647e-15       1.048797789560e-16      -5.395756973813e-17 
 1212       1.343982279251e-10       2.640797975771e-12       8.330691220427e-13       1.235038664311e-14       2.736780862209e-15       1.104194681446e-16      -5.503997664146e-17 
 1213       1.337885001443e-10       2.665366873335e-12       8.493476408369e-13       1.234076357711e-14       2.727994912813e-15       1.159432625991e-16      -5.611295809982e-17 
 1214       1.331787291171e-10       2.690054904297e-12       8.634165870897e-13       1.233105225215e-14       2.719244178770e-15       1.214438926523e-16      -5.717637362139e-17 
 1215       1.325691242473e-10       2.714849734332e-12       8.752738843531e-13       1.232125502306e-14       2.710528473689e-15       1.269140414119e-16      -5.823008207422e-17 
 1216       1.319598962785e-10       2.739738946163e-12       8.849174972625e-13       1.231137426116e-14       2.701847608466e-15       1.323463446646e-16      -5.927394168505e-17 
 1217       1.313512572966e-10       2.764710039392e-12       8.923454316591e-13       1.230141235422e-14       2.693201391285e-15       1.377333907787e-16      -6.030781003829e-17 
 1218       1.307434207328e-10       2.789750430332e-12       8.975557347121e-13       1.229137170657e-14       2.684589627602e-15       1.430677206081e-16      -6.133154407485e-17 
 1219       1.301366013659e-10       2.814847451830e-12       9.005464950408e-13       1.228125473909e-14       2.676012120146e-15       1.483418273953e-16      -6.234500009109e-17 
 1220       1.295310153254e-10       2.839988353100e-12       9.013158428369e-13       1.227106388926e-14       2.667468668909e-15       1.535481566750e-16      -6.334803373766e-17 
 1221       1.289268800941e-10       2.865160299549e-12       8.998619499871e-13       1.226080161118e-14       2.658959071138e-15       1.586791061774e-16      -6.434050001846e-17 
 1222       1.283244145106e-10       2.890350372607e-12       8.961830301950e-13       1.225047037561e-14       2.650483121329e-15       1.637270257318e-16      -6.532225328949e-17 
 1223       1.277238387723e-10       2.915545569555e-12       8.902773391033e-13       1.224007267004e-14       2.642040611223e-15       1.686842171696e-16      -6.629314725777e-17 
 1224       1.271253744379e-10       2.940732803356e-12       8.821431744165e-13       1.222961099864e-14       2.633631329794e-15       1.735429342283e-16      -6.725303498021e-17 
 1225       1.265292444303e-10       2.965898902478e-12       8.717788760228e-13       1.221908788239e-14       2.625255063246e-15       1.782953824540e-16      -6.820176886257e-17 
 1226       1.259356730392e-10       2.991030610730e-12       8.591828261164e-13       1.220850585904e-14       2.616911595005e-15       1.829337191058e-16      -6.913920065826e-17 
 1227       1.253448859237e-10       3.016114587084e-12       8.443534493198e-13       1.219786748318e-14       2.608600705713e-15       1.874500530586e-16      -7.006518146734e-17 
 1228       1.247571101154e-10       3.041137405509e-12       8.272892128062e-13       1.218717532628e-14       2.600322173219e-15       1.918364447063e-16      -7.097956173533e-17 
 1229       1.241725547543e-10       3.066086409654e-12       8.079933850198e-13       1.217643191965e-14       2.592075794352e-15       1.960871642232e-16      -7.188220291473e-17 
 1230       1.235913530415e-10       3.090952288391e-12       7.864883735436e-13       1.216563958261e-14       2.583861450523e-15       2.002054959391e-16      -7.277301260338e-17 
 1231       1.230136196019e-10       3.115726530566e-12       7.628015580110e-13       1.215480059235e-14       2.575679042890e-15       2.041970147035e-16      -7.365190982180e-17 
 1232       1.224394696888e-10       3.140400572819e-12       7.369605474762e-13       1.214391724084e-14       2.567528470644e-15       2.080673349529e-16      -7.451881338842e-17 
 1233       1.218690191851e-10       3.164965799476e-12       7.089931809145e-13       1.213299183484e-14       2.559409631005e-15       2.118221107927e-16      -7.537364191934e-17 
 1234       1.213023846046e-10       3.189413542448e-12       6.789275277223e-13       1.212202669594e-14       2.551322419217e-15       2.154670360805e-16      -7.621631382821e-17 
 1235       1.207396830932e-10       3.213735081128e-12       6.467918882168e-13       1.211102416058e-14       2.543266728543e-15       2.190078445083e-16      -7.704674732600e-17 
 1236       1.201810324298e-10       3.237921642286e-12       6.126147941365e-13       1.209998658009e-14       2.535242450259e-15       2.224503096856e-16      -7.786486042085e-17 
 1237       1.196265510278e-10       3.261964399967e-12       5.764250091406e-13       1.208891632073e-14       2.527249473650e-15       2.258002452217e-16      -7.867057091792e-17 
 1238       1.190763579363e-10       3.285854475386e-12       5.382515293096e-13       1.207781576367e-14       2.519287686004e-15       2.290635048085e-16      -7.946379641916e-17 
 1239       1.185305728409e-10       3.309582936825e-12       4.981235836450e-13       1.206668730509e-14       2.511356972608e-15       2.322459823033e-16      -8.024445432315e-17 
 1240       1.179893160654e-10       3.333140799530e-12       4.560706345693e-13       1.205553335615e-14       2.503457216740e-15       2.353536118113e-16      -8.101246182494e-17 
 1241       1.174527085726e-10       3.356519025608e-12       4.121223784262e-13       1.204435634306e-14       2.495588299669e-15       2.383923677683e-16      -8.176773591588e-17 
 1242       1.169208719655e-10       3.379708523922e-12       3.663087459803e-13       1.203315870707e-14       2.487750100645e-15       2.413682650234e-16      -8.251019338339e-17 
 1243       1.163939284887e-10       3.402700149988e-12       3.186599029176e-13       1.202194290455e-14       2.479942496897e-15       2.442873589218e-16      -8.323975081085e-17 
 1244       1.158720010296e-10       3.425484705871e-12       2.692062503449e-13       1.201071140696e-14       2.472165363626e-15       2.471557453870e-16      -8.395632457737e-17 
 1245       1.153552131193e-10       3.448052940085e-12       2.179784252904e-13       1.199946670094e-14       2.464418574002e-15       2.499795610042e-16      -8.465983085764e-17 
 1246       1.148436889338e-10       3.470395547483e-12       1.650073012033e-13       1.198821128829e-14       2.456701999155e-15       2.527649831023e-16      -8.535018562175e-17 
 1247       1.143375532956e-10       3.492503169161e-12       1.103239884538e-13       1.197694768602e-14       2.449015508174e-15       2.555182298370e-16      -8.602730463501e-17 
 1248       1.138369316745e-10       3.514366392348e-12       5.395983483365e-14       1.196567842640e-14       2.441358968102e-15       2.582455602732e-16      -8.669110345776e-17 
 1249       1.133419501888e-10       3.535975750307e-12      -4.053573944572e-15       1.195440605694e-14       2.433732243927e-15       2.609532744678e-16      -8.734149744522e-17 
 1250       1.128527356067e-10       3.557321722228e-12      -6.368441374693e-14       1.194313314047e-14       2.426135198579e-15       2.636477135523e-16      -8.797840174729e-17 
 1251       1.123694153472e-10       3.578394733127e-12      -1.249006215183e-13       1.193186225512e-14       2.418567692926e-15       2.663352598158e-16      -8.860173130839e-17 
 1252       1.118921174815e-10       3.599185153744e-12      -1.876698947825e-13       1.192059599442e-14       2.411029585769e-15       2.690223367871e-16      -8.921140086726e-17 
 1253       1.114209707342e-10       3.619683300433e-12      -2.519596911419e-13       1.190933696723e-14       2.403520733833e-15       2.717154093176e-16      -8.980732495681e-17 
 1254       1.109561044844e-10       3.639879435067e-12      -3.177372277778e-13       1.189808779788e-14       2.396040991767e-15       2.744209836643e-16      -9.038941790391e-17 
 1255       1.104976487666e-10       3.659763764927e-12      -3.849694809501e-13       1.188685112611e-14       2.388590212137e-15       2.771456075720e-16      -9.095759382926e-17 
 1256       1.100457342726e-10       3.679326442605e-12      -4.536231854977e-13       1.187562960714e-14       2.381168245419e-15       2.798958703562e-16      -9.151176664716e-17 
 1257       1.096004923518e-10       3.698557565893e-12      -5.236648343380e-13       1.186442591169e-14       2.373774939996e-15       2.826784029859e-16      -9.205185006537e-17 
 1258       1.091620550133e-10       3.717447177689e-12      -5.950606779672e-13       1.185324272604e-14       2.366410142151e-15       2.854998781657e-16      -9.257775758491e-17 
 1259       1.087305549262e-10       3.735985265884e-12      -6.677767239601e-13       1.184208275200e-14       2.359073696067e-15       2.883670104194e-16      -9.308940249991e-17 
 1260       1.083061254214e-10       3.754161763265e-12      -7.417787364705e-13       1.183094870698e-14       2.351765443815e-15       2.912865561717e-16      -9.358669789740e-17 
 1261       1.078889004926e-10       3.771966547409e-12      -8.170322357306e-13       1.181984332403e-14       2.344485225352e-15       2.942653138316e-16      -9.406955665717e-17 
 1262       1.074790147973e-10       3.789389440580e-12      -8.935024975513e-13       1.180876935182e-14       2.337232878516e-15       2.973101238746e-16      -9.453789145155e-17 
 1263       1.070766036583e-10       3.806420209624e-12      -9.711545528223e-13       1.179772955472e-14       2.330008239024e-15       3.004278689255e-16      -9.499161474526e-17 
 1264       1.066818030647e-10       3.823048565869e-12      -1.049953187012e-12       1.178672671281e-14       2.322811140460e-15       3.036254738415e-16      -9.543063879523e-17 
 1265       1.062947496731e-10       3.839264165018e-12      -1.129862939667e-12       1.177576362189e-14       2.315641414274e-15       3.069099057940e-16      -9.585487565043e-17 
 1266       1.059155808087e-10       3.855056607046e-12      -1.210848103913e-12       1.176484309356e-14       2.308498889778e-15       3.102881743521e-16      -9.626423715167e-17 
 1267       1.055444344667e-10       3.870415436100e-12      -1.292872725954e-12       1.175396795519e-14       2.301383394140e-15       3.137673315647e-16      -9.665863493145e-17 
 1268       1.051814249912e-10       3.885331584206e-12      -1.375900374625e-12       1.174314077826e-14       2.294294768332e-15       3.173523118054e-16      -9.703800478893e-17 
 1269       1.048265698029e-10       3.899801720835e-12      -1.459893448140e-12       1.173236305985e-14       2.287232915207e-15       3.210394238809e-16      -9.740238012300e-17 
 1270       1.044798618291e-10       3.913823953280e-12      -1.544813858360e-12       1.172163603173e-14       2.280197751964e-15       3.248227840547e-16      -9.775181934551e-17 
 1271       1.041412937483e-10       3.927396387396e-12      -1.630623259492e-12       1.171096093129e-14       2.273189194248e-15       3.286964693994e-16      -9.808638158452e-17 
 1272       1.038108579900e-10       3.940517127605e-12      -1.717283047578e-12       1.170033900152e-14       2.266207156136e-15       3.326545177192e-16      -9.840612668601e-17 
 1273       1.034885467335e-10       3.953184276897e-12      -1.804754359974e-12       1.168977149106e-14       2.259251550142e-15       3.366909274707e-16      -9.871111521544e-17 
 1274       1.031743519076e-10       3.965395936839e-12      -1.892998074837e-12       1.167925965414e-14       2.252322287207e-15       3.407996576848e-16      -9.900140845945e-17 
 1275       1.028682651903e-10       3.977150207573e-12      -1.981974810603e-12       1.166880475065e-14       2.245419276697e-15       3.449746278884e-16      -9.927706842743e-17 
 1276       1.025702780072e-10       3.988445187826e-12      -2.071644925472e-12       1.165840804612e-14       2.238542426400e-15       3.492097180258e-16      -9.953815785327e-17 
 1277       1.022803815319e-10       3.999278974911e-12      -2.161968516892e-12       1.164807081174e-14       2.231691642519e-15       3.534987683800e-16      -9.978474019688e-17 
 1278       1.019985666849e-10       4.009649664731e-12      -2.252905421039e-12       1.163779432435e-14       2.224866829675e-15       3.578355794949e-16      -1.000168796459e-16 
 1279       1.017248241328e-10       4.019555351786e-12      -2.344415212305e-12       1.162757986649e-14       2.218067890893e-15       3.622139120963e-16      -1.002346411174e-16 
 1280       1.014591442881e-10       4.028994129173e-12      -2.436457202775e-12       1.161742872637e-14       2.211294727608e-15       3.666274870138e-16      -1.004380902593e-16 
 1281       1.012015173082e-10       4.037964088594e-12      -2.528990441711e-12       1.160734219788e-14       2.204547239653e-15       3.710699851021e-16      -1.006272934523e-16 
 1282       1.009519330949e-10       4.046463320357e-12      -2.621973715038e-12       1.159732158064e-14       2.197825325261e-15       3.755350471629e-16      -1.008023178114e-16 
 1283       1.007103812939e-10       4.054489913385e-12      -2.715365544826e-12       1.158736817995e-14       2.191128881059e-15       3.800162738662e-16      -1.009632311873e-16 
 1284       1.004768512940e-10       4.062041955213e-12      -2.809124188770e-12       1.157748330686e-14       2.184457802062e-15       3.845072256718e-16      -1.011101021684e-16 
 1285       1.002513322265e-10       4.069117531998e-12      -2.903207639675e-12       1.156766827813e-14       2.177811981673e-15       3.890014227513e-16      -1.012430000825e-16 
 1286       1.000338129646e-10       4.075714728522e-12      -2.997573624937e-12       1.155792441625e-14       2.171191311674e-15       3.934923449091e-16      -1.013619949978e-16 
 1287       9.982428212276e-11       4.081831628195e-12      -3.092179606031e-12       1.154825304949e-14       2.164595682230e-15       3.979734315044e-16      -1.014671577255e-16 
 1288       9.962272805605e-11       4.087466313059e-12      -3.186982777988e-12       1.153865551185e-14       2.158024981875e-15       4.024380813727e-16      -1.015585598204e-16 
 1289       9.942913885956e-11       4.092616863793e-12      -3.281940068878e-12       1.152913314310e-14       2.151479097517e-15       4.068796527470e-16      -1.016362735835e-16 
 1290       9.924350236774e-11       4.097281359718e-12      -3.377008139299e-12       1.151968728878e-14       2.144957914428e-15       4.112914631799e-16      -1.017003720630e-16 
 1291       9.906580615378e-11       4.101457878799e-12      -3.472143381852e-12       1.151031930024e-14       2.138461316245e-15       4.156667894649e-16      -1.017509290561e-16 
 1292       9.889603752896e-11       4.105144497652e-12      -3.567301920629e-12       1.150103053459e-14       2.131989184961e-15       4.199988675578e-16      -1.017880191108e-16 
 1293       9.873418354204e-11       4.108339291545e-12      -3.662439610696e-12       1.149182235477e-14       2.125541400925e-15       4.242808924987e-16      -1.018117175274e-16 
 1294       9.858023097861e-11       4.111040334404e-12      -3.757512037570e-12       1.148269612951e-14       2.119117842837e-15       4.285060183331e-16      -1.018221003602e-16 
 1295       9.843416636048e-11       4.113245698818e-12      -3.852474516711e-12       1.147365323338e-14       2.112718387744e-15       4.326673580337e-16      -1.018192444189e-16 
 1296       9.829597594504e-11       4.114953456041e-12      -3.947282092997e-12       1.146469504675e-14       2.106342911033e-15       4.367579834221e-16      -1.018032272708e-16 
 1297       9.816564572463e-11       4.116161675998e-12      -4.041889540209e-12       1.145582295587e-14       2.099991286435e-15       4.407709250902e-16      -1.017741272418e-16 
 1298       9.804316142589e-11       4.116868427288e-12      -4.136251360516e-12       1.144703835281e-14       2.093663386011e-15       4.446991723215e-16      -1.017320234184e-16 
 1299       9.792850850916e-11       4.117071777189e-12      -4.230321783957e-12       1.143834263550e-14       2.087359080157e-15       4.485356730134e-16      -1.016769956494e-16 
 1300       9.782167216783e-11       4.116769791661e-12      -4.324054767921e-12       1.142973720774e-14       2.081078237595e-15       4.522733335979e-16      -1.016091245472e-16 
 1301       9.772263732772e-11       4.115960535354e-12      -4.417403996635e-12       1.142122347921e-14       2.074820725370e-15       4.559050189639e-16      -1.015284914899e-16 
 1302       9.763138864644e-11       4.114642071605e-12      -4.510322880640e-12       1.141280286547e-14       2.068586408846e-15       4.594235523782e-16      -1.014351786224e-16 
 1303       9.754791051275e-11       4.112812462448e-12      -4.602764556283e-12       1.140447678798e-14       2.062375151704e-15       4.628217154076e-16      -1.013292688586e-16 
 1304       9.747218704596e-11       4.110469768619e-12      -4.694681885189e-12       1.139624667409e-14       2.056186815935e-15       4.660922478398e-16      -1.012108458827e-16 
 1305       9.740420209527e-11       4.107612049554e-12      -4.786027453753e-12       1.138811395708e-14       2.050021261839e-15       4.692278476058e-16      -1.010799941507e-16 
 1306       9.734393923914e-11       4.104237363400e-12      -4.876753572619e-12       1.138008007613e-14       2.043878348020e-15       4.722211707006e-16      -1.009367988926e-16 
 1307       9.729136696581e-11       4.100344923432e-12      -4.966816063343e-12       1.137214617172e-14       2.037757944336e-15       4.750668539605e-16      -1.007813513770e-16 
 1308       9.724639403468e-11       4.095938581478e-12      -5.056185665788e-12       1.136431216795e-14       2.031659970925e-15       4.777676083134e-16      -1.006137647675e-16 
 1309       9.720891361430e-11       4.091023383469e-12      -5.144836757310e-12       1.135657767994e-14       2.025584359610e-15       4.803281935340e-16      -1.004341584475e-16 
 1310       9.717881805428e-11       4.085604416647e-12      -5.232743576904e-12       1.134894231758e-14       2.019531040977e-15       4.827534016368e-16      -1.002426527741e-16 
 1311       9.715599888363e-11       4.079686809646e-12      -5.319880224951e-12       1.134140568545e-14       2.013499944376e-15       4.850480569395e-16      -1.000393690805e-16 
 1312       9.714034680908e-11       4.073275732580e-12      -5.406220662968e-12       1.133396738287e-14       2.007490997917e-15       4.872170161260e-16      -9.982442967820e-17 
 1313       9.713175171339e-11       4.066376397125e-12      -5.491738713357e-12       1.132662700387e-14       2.001504128463e-15       4.892651683106e-16      -9.959795785848e-17 
 1314       9.713010265372e-11       4.058994056609e-12      -5.576408059153e-12       1.131938413714e-14       1.995539261635e-15       4.911974351013e-16      -9.936007789484e-17 
 1315       9.713528785990e-11       4.051134006094e-12      -5.660202243771e-12       1.131223836607e-14       1.989596321799e-15       4.930187706635e-16      -9.911091504483e-17 
 1316       9.714719473283e-11       4.042801582463e-12      -5.743094670758e-12       1.130518926873e-14       1.983675232072e-15       4.947341617831e-16      -9.885059555210e-17 
 1317       9.716570984275e-11       4.034002164502e-12      -5.825058603539e-12       1.129823641781e-14       1.977775914315e-15       4.963486279307e-16      -9.857924664843e-17 
 1318       9.719071892760e-11       4.024741172992e-12      -5.906067165169e-12       1.129137938066e-14       1.971898289126e-15       4.978672213248e-16      -9.829699655568e-17 
 1319       9.722210689133e-11       4.015024070787e-12      -5.986093338076e-12       1.128461771926e-14       1.966042275848e-15       4.992950269953e-16      -9.800397448787e-17 
 1320       9.725975780224e-11       4.004856362904e-12      -6.065109963814e-12       1.127795099022e-14       1.960207792553e-15       5.006371628472e-16      -9.770031065315e-17 
 1321       9.730355489131e-11       3.994243596608e-12      -6.143089742813e-12       1.127137874472e-14       1.954394756048e-15       5.018987797242e-16      -9.738613625581e-17 
 1322       9.735338055053e-11       3.983191361494e-12      -6.220005234123e-12       1.126490052856e-14       1.948603081870e-15       5.030850614722e-16      -9.706158349830e-17 
 1323       9.740911633122e-11       3.971705289577e-12      -6.295828855166e-12       1.125851588213e-14       1.942832684281e-15       5.042012250028e-16      -9.672678558326e-17 
 1324       9.747064294236e-11       3.959791055375e-12      -6.370532881484e-12       1.125222434035e-14       1.937083476266e-15       5.052525203568e-16      -9.638187671548e-17 
 1325       9.753784024892e-11       3.947454375992e-12      -6.444089446485e-12       1.124602543274e-14       1.931355369530e-15       5.062442307681e-16      -9.602699210394e-17 
 1326       9.761058727021e-11       3.934701011209e-12      -6.516470541198e-12       1.123991868333e-14       1.925648274497e-15       5.071816727268e-16      -9.566226796385e-17 
 1327       9.768876217817e-11       3.921536763564e-12      -6.587648014015e-12       1.123390361071e-14       1.919962100302e-15       5.080701960431e-16      -9.528784151860e-17 
 1328       9.777224229571e-11       3.907967478441e-12      -6.657593570443e-12       1.122797972795e-14       1.914296754794e-15       5.089151839108e-16      -9.490385100181e-17 
 1329       9.786090409508e-11       3.893999044152e-12      -6.726278772854e-12       1.122214654267e-14       1.908652144530e-15       5.097220529705e-16      -9.451043565931e-17 
 1330       9.795462319613e-11       3.879637392027e-12      -6.793675040228e-12       1.121640355697e-14       1.903028174771e-15       5.104962533738e-16      -9.410773575121e-17 
 1331       9.805327436470e-11       3.864888496493e-12      -6.859753647909e-12       1.121075026742e-14       1.897424749479e-15       5.112432688464e-16      -9.369589255384e-17 
 1332       9.815673151091e-11       3.849758375167e-12      -6.924485727349e-12       1.120518616507e-14       1.891841771319e-15       5.119686167517e-16      -9.327504836178e-17 
 1333       9.826486768750e-11       3.834253088934e-12      -6.987842265857e-12       1.119971073544e-14       1.886279141648e-15       5.126778481545e-16      -9.284534648991e-17 
 1334       9.837755508818e-11       3.818378742037e-12      -7.049794106349e-12       1.119432345847e-14       1.880736760520e-15       5.133765478845e-16      -9.240693127537e-17 
 1335       9.849466504592e-11       3.802141482161e-12      -7.110311947097e-12       1.118902380856e-14       1.875214526675e-15       5.140703345998e-16      -9.195994807959e-17 
 1336       9.861606803131e-11       3.785547500518e-12      -7.169366341475e-12       1.118381125452e-14       1.869712337544e-15       5.147648608504e-16      -9.150454329032e-17 
 1337       9.874163365086e-11       3.768603031933e-12      -7.226927697712e-12       1.117868525957e-14       1.864230089239e-15       5.154658131422e-16      -9.104086432358e-17 
 1338       9.887123064536e-11       3.751314354929e-12      -7.282966278637e-12       1.117364528131e-14       1.858767676556e-15       5.161789119999e-16      -9.056905962576e-17 
 1339       9.900472688820e-11       3.733687791812e-12      -7.337452201428e-12       1.116869077177e-14       1.853324992968e-15       5.169099120310e-16      -9.008927867553e-17 
 1340       9.914198938368e-11       3.715729708759e-12      -7.390355437363e-12       1.116382117730e-14       1.847901930621e-15       5.176646019893e-16      -8.960167198594e-17 
 1341       9.928288426536e-11       3.697446515897e-12      -7.441645811566e-12       1.115903593865e-14       1.842498380337e-15       5.184488048383e-16      -8.910639110638e-17 
 1342       9.942727679438e-11       3.678844667396e-12      -7.491293002758e-12       1.115433449090e-14       1.837114231604e-15       5.192683778149e-16      -8.860358862459e-17 
 1343       9.957503135779e-11       3.659930661549e-12      -7.539266543003e-12       1.114971626346e-14       1.831749372578e-15       5.201292124929e-16      -8.809341816868e-17 
 1344       9.972601146687e-11       3.640711040861e-12      -7.585535817461e-12       1.114518068009e-14       1.826403690077e-15       5.210372348466e-16      -8.757603440916e-17 
 1345       9.988007975548e-11       3.621192392130e-12      -7.630070064132e-12       1.114072715883e-14       1.821077069579e-15       5.219984053143e-16      -8.705159306091e-17 
 1346       1.000370993778e-10       3.601381609234e-12      -7.672843491450e-12       1.113635495265e-14       1.815769405448e-15       5.230170979653e-16      -8.652024111991e-17 
 1347       1.001969382215e-10       3.581286684433e-12      -7.713850692410e-12       1.113206266937e-14       1.810480631728e-15       5.240912186061e-16      -8.598208745315e-17 
 1348       1.003594647373e-10       3.560915925830e-12      -7.753091397387e-12       1.112784874647e-14       1.805210691675e-15       5.252170337666e-16      -8.543723189323e-17 
 1349       1.005245465413e-10       3.540277695558e-12      -7.790565371577e-12       1.112371160999e-14       1.799959527560e-15       5.263907867419e-16      -8.488577497603e-17 
 1350       1.006920504145e-10       3.519380409882e-12      -7.826272415085e-12       1.111964967452e-14       1.794727080666e-15       5.276086975480e-16      -8.432781794207e-17 
 1351       1.008618423004e-10       3.498232539301e-12      -7.860212363007e-12       1.111566134317e-14       1.789513291284e-15       5.288669628787e-16      -8.376346273788e-17 
 1352       1.010337873035e-10       3.476842608655e-12      -7.892385085523e-12       1.111174500754e-14       1.784318098712e-15       5.301617560612e-16      -8.319281201737e-17 
 1353       1.012077496884e-10       3.455219197220e-12      -7.922790487981e-12       1.110789904771e-14       1.779141441252e-15       5.314892270131e-16      -8.261596914318e-17 
 1354       1.013835928772e-10       3.433370938817e-12      -7.951428510985e-12       1.110412183220e-14       1.773983256209e-15       5.328455021981e-16      -8.203303818807e-17 
 1355       1.015611794488e-10       3.411306521915e-12      -7.978299130486e-12       1.110041171796e-14       1.768843479887e-15       5.342266845825e-16      -8.144412393624e-17 
 1356       1.017403711368e-10       3.389034689728e-12      -8.003402357862e-12       1.109676705035e-14       1.763722047588e-15       5.356288535915e-16      -8.084933188474e-17 
 1357       1.019210288281e-10       3.366564240324e-12      -8.026738240012e-12       1.109318616311e-14       1.758618893610e-15       5.370480650654e-16      -8.024876824481e-17 
 1358       1.021030125613e-10       3.343904026723e-12      -8.048306859442e-12       1.108966737834e-14       1.753533951242e-15       5.384803512161e-16      -7.964253994324e-17 
 1359       1.022861815253e-10       3.321062957004e-12      -8.068108334349e-12       1.108620900647e-14       1.748467152765e-15       5.399217205829e-16      -7.903075462374e-17 
 1360       1.024703940574e-10       3.298049994403e-12      -8.086142818712e-12       1.108280934624e-14       1.743418429446e-15       5.413681579893e-16      -7.841352064832e-17 
 1361       1.026555076418e-10       3.274874157422e-12      -8.102410502381e-12       1.107946668469e-14       1.738387711541e-15       5.428156244990e-16      -7.779094709862e-17 
 1362       1.028413789082e-10       3.251544519924e-12      -8.116911611157e-12       1.107617929712e-14       1.733374928286e-15       5.442600573722e-16      -7.716314377730e-17 
 1363       1.030278636303e-10       3.228070211242e-12      -8.129646406888e-12       1.107294544709e-14       1.728380007902e-15       5.456973700220e-16      -7.653022120940e-17 
 1364       1.032148167236e-10       3.204460416279e-12      -8.140615187551e-12       1.106976338637e-14       1.723402877586e-15       5.471234519704e-16      -7.589229064369e-17 
 1365       1.034020922446e-10       3.180724375613e-12      -8.149818287340e-12       1.106663135493e-14       1.718443463513e-15       5.485341688050e-16      -7.524946405406e-17 
 1366       1.035895433888e-10       3.156871385594e-12      -8.157256076756e-12       1.106354758091e-14       1.713501690830e-15       5.499253621347e-16      -7.460185414084e-17 
 1367       1.037770224891e-10       3.132910798456e-12      -8.162928962694e-12       1.106051028061e-14       1.708577483660e-15       5.512928495467e-16      -7.394957433222e-17 
 1368       1.039643810146e-10       3.108852022409e-12      -8.166837388525e-12       1.105751765848e-14       1.703670765091e-15       5.526324245622e-16      -7.329273878557e-17 
 1369       1.041514695684e-10       3.084704521752e-12      -8.168981834192e-12       1.105456790704e-14       1.698781457181e-15       5.539398565928e-16      -7.263146238882e-17 
 1370       1.043381378866e-10       3.060477816967e-12      -8.169362816289e-12       1.105165920693e-14       1.693909480952e-15       5.552108908971e-16      -7.196586076183e-17 
 1371       1.045242348364e-10       3.036181484829e-12      -8.167980888157e-12       1.104878972682e-14       1.689054756390e-15       5.564412485364e-16      -7.129605025773e-17 
 1372       1.047096084146e-10       3.011825158504e-12      -8.164836639963e-12       1.104595762346e-14       1.684217202438e-15       5.576266263315e-16      -7.062214796431e-17 
 1373       1.048941057460e-10       2.987418527654e-12      -8.159930698793e-12       1.104316104159e-14       1.679396737001e-15       5.587626968188e-16      -6.994427170538e-17 
 1374       1.050775730820e-10       2.962971338536e-12      -8.153263728737e-12       1.104039811394e-14       1.674593276936e-15       5.598451082064e-16      -6.926254004212e-17 
 1375       1.052598557987e-10       2.938493394112e-12      -8.144836430978e-12       1.103766696123e-14       1.669806738056e-15       5.608694843308e-16      -6.857707227445e-17 
 1376       1.054407983956e-10       2.913994554144e-12      -8.134649543876e-12       1.103496569211e-14       1.665037035123e-15       5.618314246125e-16      -6.788798844240e-17 
 1377       1.056202444940e-10       2.889484735302e-12      -8.122703843062e-12       1.103229240318e-14       1.660284081848e-15       5.627265040132e-16      -6.719540932746e-17 
 1378       1.057980368350e-10       2.864973911265e-12      -8.109000141517e-12       1.102964517892e-14       1.655547790890e-15       5.635502729911e-16      -6.649945645396e-17 
 1379       1.059740172786e-10       2.840472112822e-12      -8.093539289667e-12       1.102702209169e-14       1.650828073850e-15       5.642982574580e-16      -6.580025209043e-17 
 1380       1.061480268017e-10       2.815989427979e-12      -8.076322175464e-12       1.102442120174e-14       1.646124841271e-15       5.649659587349e-16      -6.509791925096e-17 
 1381       1.063199054966e-10       2.791536002055e-12      -8.057349724480e-12       1.102184055711e-14       1.641438002636e-15       5.655488535088e-16      -6.439258169654e-17 
 1382       1.064894925692e-10       2.767122037794e-12      -8.036622899987e-12       1.101927819369e-14       1.636767466365e-15       5.660423937888e-16      -6.368436393649e-17 
 1383       1.066566263381e-10       2.742757795459e-12      -8.014142703053e-12       1.101673213513e-14       1.632113139812e-15       5.664420068622e-16      -6.297339122974e-17 
 1384       1.068211442320e-10       2.718453592939e-12      -7.989910172620e-12       1.101420039287e-14       1.627474929262e-15       5.667430952511e-16      -6.225978958626e-17 
 1385       1.069828970647e-10       2.694219141737e-12      -7.963929822917e-12       1.101168102472e-14       1.622852748205e-15       5.669421722006e-16      -6.154367754420e-17 
 1386       1.071417920243e-10       2.670061547063e-12      -7.936219995204e-12       1.100917231146e-14       1.618246542237e-15       5.670402813503e-16      -6.082514140364e-17 
 1387       1.072977501340e-10       2.645987286824e-12      -7.906802615498e-12       1.100667258210e-14       1.613656264411e-15       5.670396130822e-16      -6.010425973410e-17 
 1388       1.074506920179e-10       2.622002873895e-12      -7.875699767472e-12       1.100418015534e-14       1.609081866995e-15       5.669423722914e-16      -5.938111157578e-17 
 1389       1.076005378992e-10       2.598114856169e-12      -7.842933692758e-12       1.100169333958e-14       1.604523301462e-15       5.667507784138e-16      -5.865577644049e-17 
 1390       1.077472076004e-10       2.574329816627e-12      -7.808526791247e-12       1.099921043290e-14       1.599980518494e-15       5.664670654529e-16      -5.792833431244e-17 
 1391       1.078906205423e-10       2.550654373395e-12      -7.772501621396e-12       1.099672972302e-14       1.595453467977e-15       5.660934820076e-16      -5.719886564913e-17 
 1392       1.080306957431e-10       2.527095179804e-12      -7.734880900526e-12       1.099424948731e-14       1.590942099000e-15       5.656322912988e-16      -5.646745138217e-17 
 1393       1.081673518180e-10       2.503658924455e-12      -7.695687505127e-12       1.099176799276e-14       1.586446359853e-15       5.650857711972e-16      -5.573417291815e-17 
 1394       1.083005069786e-10       2.480352331278e-12      -7.654944471156e-12       1.098928349595e-14       1.581966198028e-15       5.644562142504e-16      -5.499911213948e-17 
 1395       1.084300790318e-10       2.457182159593e-12      -7.612674994347e-12       1.098679424304e-14       1.577501560212e-15       5.637459277102e-16      -5.426235140525e-17 
 1396       1.085559853795e-10       2.434155204171e-12      -7.568902430506e-12       1.098429846976e-14       1.573052392289e-15       5.629572335595e-16      -5.352397355205e-17 
 1397       1.086781430177e-10       2.411278295299e-12      -7.523650295816e-12       1.098179440136e-14       1.568618639337e-15       5.620924685402e-16      -5.278406189486e-17 
 1398       1.087964685359e-10       2.388558298836e-12      -7.476942267139e-12       1.097928025262e-14       1.564200245627e-15       5.611539841801e-16      -5.204270022788e-17 
 1399       1.089108781165e-10       2.366002116275e-12      -7.428802182321e-12       1.097675422784e-14       1.559797154619e-15       5.601441468198e-16      -5.129997282537e-17 
 1400       1.090212875339e-10       2.343616684809e-12      -7.379254040488e-12       1.097421452079e-14       1.555409308962e-15       5.590653376409e-16      -5.055596444252e-17 
 1401       1.091276121539e-10       2.321408977387e-12      -7.328322002356e-12       1.097165931469e-14       1.551036650494e-15       5.579199526924e-16      -4.981076031628e-17 
 1402       1.092297669332e-10       2.299386002776e-12      -7.276030390526e-12       1.096908678223e-14       1.546679120236e-15       5.567104029183e-16      -4.906444616623e-17 
 1403       1.093276664185e-10       2.277554805627e-12      -7.222403689793e-12       1.096649508552e-14       1.542336658393e-15       5.554391141848e-16      -4.831710819542e-17 
 1404       1.094212247456e-10       2.255922466528e-12      -7.167466547442e-12       1.096388237606e-14       1.538009204351e-15       5.541085273079e-16      -4.756883309121e-17 
 1405       1.095103556394e-10       2.234496102074e-12      -7.111243773554e-12       1.096124679475e-14       1.533696696676e-15       5.527210980799e-16      -4.681970802612e-17 
 1406       1.095949724125e-10       2.213282864922e-12      -7.053760341310e-12       1.095858647187e-14       1.529399073112e-15       5.512792972975e-16      -4.606982065872e-17 
 1407       1.096749879650e-10       2.192289943853e-12      -6.995041387286e-12       1.095589952703e-14       1.525116270578e-15       5.497856107886e-16      -4.531925913441e-17 
 1408       1.097503147834e-10       2.171524563837e-12      -6.935112211765e-12       1.095318406918e-14       1.520848225170e-15       5.482425394395e-16      -4.456811208633e-17 
 1409       1.098208649404e-10       2.150993986090e-12      -6.873998279032e-12       1.095043819659e-14       1.516594872152e-15       5.466525992224e-16      -4.381646863619e-17 
 1410       1.098865500938e-10       2.130705508137e-12      -6.811725217679e-12       1.094765999680e-14       1.512356145963e-15       5.450183212228e-16      -4.306441839510e-17 
 1411       1.099472814860e-10       2.110666463875e-12      -6.748318820906e-12       1.094484754664e-14       1.508131980208e-15       5.433422516662e-16      -4.231205146445e-17 
 1412       1.100029699431e-10       2.090884223631e-12      -6.683805046825e-12       1.094199891219e-14       1.503922307660e-15       5.416269519459e-16      -4.155945843673e-17 
 1413       1.100535258748e-10       2.071366194223e-12      -6.618210018763e-12       1.093911214876e-14       1.499727060257e-15       5.398749986500e-16      -4.080673039642e-17 
 1414       1.100988592730e-10       2.052119819025e-12      -6.551560025561e-12       1.093618530089e-14       1.495546169100e-15       5.380889835886e-16      -4.005395892080e-17 
 1415       1.101388797114e-10       2.033152578026e-12      -6.483881521878e-12       1.093321640230e-14       1.491379564453e-15       5.362715138216e-16      -3.930123608081e-17 
 1416       1.101734963449e-10       2.014471987891e-12      -6.415201128494e-12       1.093020347589e-14       1.487227175739e-15       5.344252116850e-16      -3.854865444192e-17 
 1417       1.102026179090e-10       1.996085602021e-12      -6.345545632612e-12       1.092714453374e-14       1.483088931537e-15       5.325527148192e-16      -3.779630706495e-17 
 1418       1.102261527188e-10       1.978001010619e-12      -6.274941988160e-12       1.092403757704e-14       1.478964759586e-15       5.306566761954e-16      -3.704428750694e-17 
 1419       1.102440086684e-10       1.960225840743e-12      -6.203417316091e-12       1.092088059611e-14       1.474854586775e-15       5.287397641436e-16      -3.629268982200e-17 
 1420       1.102560932305e-10       1.942767756378e-12      -6.130998904690e-12       1.091767157038e-14       1.470758339149e-15       5.268046623791e-16      -3.554160856214e-17 
 1421       1.102623134553e-10       1.925634458486e-12      -6.057714209873e-12       1.091440846835e-14       1.466675941903e-15       5.248540700305e-16      -3.479113877814e-17 
 1422       1.102625759702e-10       1.908833685077e-12      -5.983590855491e-12       1.091108924759e-14       1.462607319378e-15       5.228907016664e-16      -3.404137602039e-17 
 1423       1.102567869788e-10       1.892373211263e-12      -5.908656633628e-12       1.090771185472e-14       1.458552395066e-15       5.209172873231e-16      -3.329241633975e-17 
 1424       1.102448694652e-10       1.876259750066e-12      -5.832939617327e-12       1.090427444062e-14       1.454511098316e-15       5.189361962343e-16      -3.254435032532e-17 
 1425       1.102268150011e-10       1.860495642353e-12      -5.756468499387e-12       1.090077600860e-14       1.450483384549e-15       5.169483037392e-16      -3.179724514901e-17 
 1426       1.102026324691e-10       1.845082133028e-12      -5.679272257647e-12       1.089721577286e-14       1.446469215249e-15       5.149541127918e-16      -3.105116233829e-17 
 1427       1.101723309071e-10       1.830020467200e-12      -5.601380043188e-12       1.089359294386e-14       1.442468551266e-15       5.129541292074e-16      -3.030616372297e-17 
 1428       1.101359195079e-10       1.815311890177e-12      -5.522821180643e-12       1.088990672826e-14       1.438481352816e-15       5.109488616675e-16      -2.956231143575e-17 
 1429       1.100934076203e-10       1.800957647469e-12      -5.443625168507e-12       1.088615632898e-14       1.434507579478e-15       5.089388217248e-16      -2.881966791266e-17 
 1430       1.100448047488e-10       1.786958984776e-12      -5.363821679449e-12       1.088234094514e-14       1.430547190195e-15       5.069245238083e-16      -2.807829589359e-17 
 1431       1.099901205541e-10       1.773317147990e-12      -5.283440560613e-12       1.087845977209e-14       1.426600143269e-15       5.049064852283e-16      -2.733825842280e-17 
 1432       1.099293648537e-10       1.760033383187e-12      -5.202511833935e-12       1.087451200138e-14       1.422666396365e-15       5.028852261811e-16      -2.659961884939e-17 
 1433       1.098625476220e-10       1.747108936628e-12      -5.121065696448e-12       1.087049682076e-14       1.418745906501e-15       5.008612697546e-16      -2.586244082779e-17 
 1434       1.097896789906e-10       1.734545054752e-12      -5.039132520591e-12       1.086641341419e-14       1.414838630058e-15       4.988351419327e-16      -2.512678831830e-17 
 1435       1.097107692487e-10       1.722342984172e-12      -4.956742854518e-12       1.086226096180e-14       1.410944522767e-15       4.968073716008e-16      -2.439272558755e-17 
 1436       1.096258288434e-10       1.710503971672e-12      -4.873927422410e-12       1.085803863992e-14       1.407063539715e-15       4.947784905504e-16      -2.366031720901e-17 
 1437       1.095348683802e-10       1.699029264205e-12      -4.790717124778e-12       1.085374562104e-14       1.403195635344e-15       4.927490334846e-16      -2.292962806347e-17 
 1438       1.094378986231e-10       1.687920108885e-12      -4.707143038778e-12       1.084938107385e-14       1.399340763443e-15       4.907195380223e-16      -2.220072333958e-17 
 1439       1.093349304950e-10       1.677177752988e-12      -4.623236418515e-12       1.084494416316e-14       1.395498877154e-15       4.886905447043e-16      -2.147366853429e-17 
 1440       1.092259750780e-10       1.666803443944e-12      -4.539028695356e-12       1.084043404999e-14       1.391669928965e-15       4.866625969974e-16      -2.074852945339e-17 
 1441       1.091110436139e-10       1.656798429338e-12      -4.454551478236e-12       1.083584989146e-14       1.387853870713e-15       4.846362412998e-16      -2.002537221199e-17 
 1442       1.089901475045e-10       1.647163956900e-12      -4.369836553969e-12       1.083119084086e-14       1.384050653579e-15       4.826120269461e-16      -1.930426323503e-17 
 1443       1.088632983115e-10       1.637901274507e-12      -4.284915887555e-12       1.082645604763e-14       1.380260228089e-15       4.805905062121e-16      -1.858526925775e-17 
 1444       1.087305077576e-10       1.629011630176e-12      -4.199821622490e-12       1.082164465733e-14       1.376482544110e-15       4.785722343203e-16      -1.786845732621e-17 
 1445       1.085917877261e-10       1.620496272061e-12      -4.114586081074e-12       1.081675581162e-14       1.372717550854e-15       4.765577694443e-16      -1.715389479779e-17 
 1446       1.084471502617e-10       1.612356448450e-12      -4.029241764724e-12       1.081178864833e-14       1.368965196868e-15       4.745476727141e-16      -1.644164934167e-17 
 1447       1.082966075706e-10       1.604593407759e-12      -3.943821354276e-12       1.080674230137e-14       1.365225430042e-15       4.725425082213e-16      -1.573178893933e-17 
 1448       1.081401720209e-10       1.597208398531e-12      -3.858357710299e-12       1.080161590075e-14       1.361498197599e-15       4.705428430236e-16      -1.502438188506e-17 
 1449       1.079778561431e-10       1.590202669431e-12      -3.772883873403e-12       1.079640857261e-14       1.357783446102e-15       4.685492471505e-16      -1.431949678644e-17 
 1450       1.078096726299e-10       1.583577469241e-12      -3.687433064547e-12       1.079111943915e-14       1.354081121444e-15       4.665622936076e-16      -1.361720256487e-17 
 1451       1.076356343373e-10       1.577334046858e-12      -3.602038685348e-12       1.078574761870e-14       1.350391168853e-15       4.645825583821e-16      -1.291756845601e-17 
 1452       1.074557542843e-10       1.571473651291e-12      -3.516734318391e-12       1.078029222562e-14       1.346713532888e-15       4.626106204476e-16      -1.222066401032e-17 
 1453       1.072700456535e-10       1.565997531653e-12      -3.431553727538e-12       1.077475237038e-14       1.343048157439e-15       4.606470617691e-16      -1.152655909357e-17 
 1454       1.070785217914e-10       1.560906937161e-12      -3.346530858234e-12       1.076912715951e-14       1.339394985722e-15       4.586924673083e-16      -1.083532388729e-17 
 1455       1.068811962088e-10       1.556203117134e-12      -3.261699837819e-12       1.076341569559e-14       1.335753960284e-15       4.567474250281e-16      -1.014702888930e-17 
 1456       1.066780825808e-10       1.551887320982e-12      -3.177094975838e-12       1.075761707728e-14       1.332125022993e-15       4.548125258979e-16      -9.461744914183e-18 
 1457       1.064691947477e-10       1.547960798210e-12      -3.092750764346e-12       1.075173039927e-14       1.328508115046e-15       4.528883638988e-16      -8.779543093824e-18 
 1458       1.062545467149e-10       1.544424798410e-12      -3.008701878218e-12       1.074575475229e-14       1.324903176960e-15       4.509755360283e-16      -8.100494877861e-18 
 1459       1.060341526532e-10       1.541280571257e-12      -2.924983175462e-12       1.073968922312e-14       1.321310148573e-15       4.490746423054e-16      -7.424672034207e-18 
 1460       1.058080268995e-10       1.538529366507e-12      -2.841629697521e-12       1.073353289456e-14       1.317728969047e-15       4.471862857756e-16      -6.752146649540e-18 
 1461       1.055761839567e-10       1.536172433994e-12      -2.758676669589e-12       1.072728484544e-14       1.314159576858e-15       4.453110725159e-16      -6.082991129802e-18 
 1462       1.053386384945e-10       1.534211023623e-12      -2.676159500916e-12       1.072094415060e-14       1.310601909802e-15       4.434496116399e-16      -5.417278200696e-18 
 1463       1.050954158761e-10       1.532645515036e-12      -2.594111026814e-12       1.071451011075e-14       1.307055910264e-15       4.416021457706e-16      -4.755073037194e-18 
 1464       1.048465838547e-10       1.531472797092e-12      -2.512553203899e-12       1.070798294461e-14       1.303521541099e-15       4.397674384072e-16      -4.096409564998e-18 
 1465       1.045922211947e-10       1.530688862182e-12      -2.431505332443e-12       1.070136310366e-14       1.299998769908e-15       4.379438754453e-16      -3.441313923156e-18 
 1466       1.043324071747e-10       1.530289674131e-12      -2.350986807297e-12       1.069465104292e-14       1.296487563776e-15       4.361298336838e-16      -2.789812313605e-18 
 1467       1.040672215882e-10       1.530271168147e-12      -2.271017118043e-12       1.068784722100e-14       1.292987889271e-15       4.343236808095e-16      -2.141931001227e-18 
 1468       1.037967447445e-10       1.530629250766e-12      -2.191615849150e-12       1.068095210005e-14       1.289499712448e-15       4.325237753815e-16      -1.497696313907e-18 
 1469       1.035210574700e-10       1.531359799801e-12      -2.112802680128e-12       1.067396614580e-14       1.286022998839e-15       4.307284668150e-16      -8.571346425842e-19 
 1470       1.032402411086e-10       1.532458664289e-12      -2.034597385684e-12       1.066688982755e-14       1.282557713460e-15       4.289360953661e-16      -2.202724413151e-19 
 1471       1.029543775230e-10       1.533921664439e-12      -1.957019835875e-12       1.065972361819e-14       1.279103820804e-15       4.271449921161e-16       4.128637726761e-19 
 1472       1.026635490956e-10       1.535744591580e-12      -1.880089996261e-12       1.065246799420e-14       1.275661284844e-15       4.253534789552e-16       1.042247418939e-18 
 1473       1.023678387290e-10       1.537923208106e-12      -1.803827928061e-12       1.064512343566e-14       1.272230069030e-15       4.235598685677e-16       1.667851853742e-18 
 1474       1.020673298476e-10       1.540453247426e-12      -1.728253788309e-12       1.063769042625e-14       1.268810136288e-15       4.217624644155e-16       2.289650370015e-18 
 1475       1.017621063980e-10       1.543330413911e-12      -1.653387830005e-12       1.063016945325e-14       1.265401449020e-15       4.199595607230e-16       2.907616197296e-18 
 1476       1.014522528499e-10       1.546550382839e-12      -1.579250402271e-12       1.062256100757e-14       1.262003969099e-15       4.181494424609e-16       3.521722501670e-18 
 1477       1.011378541976e-10       1.550108800347e-12      -1.505861950506e-12       1.061486558373e-14       1.258617657874e-15       4.163303853311e-16       4.131942385720e-18 
 1478       1.008189959602e-10       1.554001283373e-12      -1.433243016539e-12       1.060708367990e-14       1.255242476164e-15       4.145006557504e-16       4.738248888464e-18 
 1479       1.004957641829e-10       1.558223419610e-12      -1.361414238787e-12       1.059921579786e-14       1.251878384259e-15       4.126585108352e-16       5.340614985303e-18 
 1480       1.001682454379e-10       1.562770767445e-12      -1.290396352402e-12       1.059126244306e-14       1.248525341918e-15       4.108021983856e-16       5.939013587966e-18 
 1481       9.983652682542e-11       1.567638855916e-12      -1.220210189434e-12       1.058322412456e-14       1.245183308370e-15       4.089299568699e-16       6.533417544449e-18 
 1482       9.950069597427e-11       1.572823184652e-12      -1.150876678979e-12       1.057510135512e-14       1.241852242309e-15       4.070400154087e-16       7.123799638965e-18 
 1483       9.916084104310e-11       1.578319223823e-12      -1.082416847336e-12       1.056689465113e-14       1.238532101897e-15       4.051305937594e-16       7.710132591882e-18 
 1484       9.881705072119e-11       1.584122414089e-12      -1.014851818163e-12       1.055860453265e-14       1.235222844759e-15       4.031999023002e-16       8.292389059673e-18 
 1485       9.846941422939e-11       1.590228166545e-12      -9.482028126269e-13       1.055023152344e-14       1.231924427986e-15       4.012461420149e-16       8.870541634853e-18 
 1486       9.811802132104e-11       1.596631862671e-12      -8.824911495626e-13       1.054177615091e-14       1.228636808130e-15       3.992675044767e-16       9.444562845932e-18 
 1487       9.776296228289e-11       1.603328854276e-12      -8.177382456242e-13       1.053323894617e-14       1.225359941205e-15       3.972621718327e-16       1.001442515735e-17 
 1488       9.740432793601e-11       1.610314463448e-12      -7.539656154409e-13       1.052462044404e-14       1.222093782687e-15       3.952283167885e-16       1.058010096943e-17 
 1489       9.704220963676e-11       1.617583982502e-12      -6.911948717712e-13       1.051592118302e-14       1.218838287510e-15       3.931641025919e-16       1.114156261830e-17 
 1490       9.667669927764e-11       1.625132673925e-12      -6.294477256566e-13       1.050714170531e-14       1.215593410065e-15       3.910676830178e-16       1.169878237588e-17 
 1491       9.630788928826e-11       1.632955770327e-12      -5.687459865770e-13       1.049828255685e-14       1.212359104204e-15       3.889372023521e-16       1.225173244978e-17 
 1492       9.593587263625e-11       1.641048474382e-12      -5.091115626043e-13       1.048934428728e-14       1.209135323231e-15       3.867707953762e-16       1.280038498327e-17 
 1493       9.556074282816e-11       1.649405958785e-12      -4.505664605571e-13       1.048032744997e-14       1.205922019908e-15       3.845665873512e-16       1.334471205522e-17 
 1494       9.518259391043e-11       1.658023366190e-12      -3.931327861552e-13       1.047123260204e-14       1.202719146448e-15       3.823226940024e-16       1.388468568004e-17 
 1495       9.480152047025e-11       1.666895809164e-12      -3.368327441738e-13       1.046206030432e-14       1.199526654520e-15       3.800372215033e-16       1.442027780762e-17 
 1496       9.441761763652e-11       1.676018370130e-12      -2.816886385980e-13       1.045281112141e-14       1.196344495242e-15       3.777082664602e-16       1.495146032328e-17 
 1497       9.403098108077e-11       1.685386101320e-12      -2.277228727770e-13       1.044348562165e-14       1.193172619182e-15       3.753339158963e-16       1.547820504773e-17 
 1498       9.364170701807e-11       1.694994024715e-12      -1.749579495788e-13       1.043408437714e-14       1.190010976361e-15       3.729122472361e-16       1.600048373698e-17 
 1499       9.324989220795e-11       1.704837131999e-12      -1.234164715444e-13       1.042460796375e-14       1.186859516244e-15       3.704413282898e-16       1.651826808231e-17 
 1500       9.285563395532e-11       1.714910384503e-12      -7.312114104217e-14       1.041505696113e-14       1.183718187746e-15       3.679192172374e-16       1.703152971019e-17 
 1501       9.245903011141e-11       1.725208713155e-12      -2.409476042245e-14       1.040543195269e-14       1.180586939227e-15       3.653439626131e-16       1.754024018227e-17 
 1502       9.206017830225e-11       1.735726824829e-12       2.364348341813e-14       1.039573364016e-14       1.177465722806e-15       3.627143643594e-16       1.804437287395e-17 
 1503       9.165917360415e-11       1.746458619455e-12       7.008920523155e-14       1.038596318841e-14       1.174354507354e-15       3.600322651285e-16       1.854390863047e-17 
 1504       9.125611084744e-11       1.757397767133e-12       1.152417438490e-13       1.037612188400e-14       1.171253265626e-15       3.573002812625e-16       1.903883016582e-17 
 1505       9.085108538767e-11       1.768537901142e-12       1.591004565192e-13       1.036621102096e-14       1.168161969955e-15       3.545210437736e-16       1.952912018909e-17 
 1506       9.044419310656e-11       1.779872617888e-12       2.016647189518e-13       1.035623190080e-14       1.165080592254e-15       3.516971983684e-16       2.001476140453e-17 
 1507       9.003553041279e-11       1.791395476831e-12       2.429339253604e-13       1.034618583253e-14       1.162009104014e-15       3.488314054732e-16       2.049573651156e-17 
 1508       8.962519424297e-11       1.803100000428e-12       2.829074885054e-13       1.033607413267e-14       1.158947476304e-15       3.459263402581e-16       2.097202820484e-17 
 1509       8.921328206246e-11       1.814979674071e-12       3.215848397374e-13       1.032589812527e-14       1.155895679769e-15       3.429846926624e-16       2.144361917432e-17 
 1510       8.879989186626e-11       1.827027946018e-12       3.589654290403e-13       1.031565914192e-14       1.152853684626e-15       3.400091674190e-16       2.191049210526e-17 
 1511       8.838512217991e-11       1.839238227337e-12       3.950487250744e-13       1.030535852174e-14       1.149821460671e-15       3.370024840791e-16       2.237262967830e-17 
 1512       8.796907206036e-11       1.851603891838e-12       4.298342152192e-13       1.029499761142e-14       1.146798977272e-15       3.339673770372e-16       2.283001456947e-17 
 1513       8.755184109684e-11       1.864118276015e-12       4.633214056172e-13       1.028457776523e-14       1.143786203368e-15       3.309065955559e-16       2.328262945028e-17 
 1514       8.713352941174e-11       1.876774678977e-12       4.955098212160e-13       1.027410034502e-14       1.140783107472e-15       3.278229037903e-16       2.373045698770e-17 
 1515       8.671423766153e-11       1.889566362392e-12       5.263990058127e-13       1.026356672024e-14       1.137789657666e-15       3.247190808130e-16       2.417347984429e-17 
 1516       8.629406703756e-11       1.902486550420e-12       5.559885220957e-13       1.025297826795e-14       1.134805821603e-15       3.215979206390e-16       2.461168067815e-17 
 1517       8.587311926704e-11       1.915528429650e-12       5.842779516888e-13       1.024233637284e-14       1.131831566507e-15       3.184622322502e-16       2.504504214303e-17 
 1518       8.545149661382e-11       1.928685149039e-12       6.112668951938e-13       1.023164242723e-14       1.128866859165e-15       3.153148396203e-16       2.547354688836e-17 
 1519       8.502930187934e-11       1.941949819849e-12       6.369549722338e-13       1.022089783109e-14       1.125911665938e-15       3.121585817394e-16       2.589717755927e-17 
 1520       8.460663840350e-11       1.955315515581e-12       6.613418214962e-13       1.021010399204e-14       1.122965952747e-15       3.089963126391e-16       2.631591679667e-17 
 1521       8.418361006551e-11       1.968775271918e-12       6.844271007761e-13       1.019926232541e-14       1.120029685084e-15       3.058309014170e-16       2.672974723725e-17 
 1522       8.376032128479e-11       1.982322086657e-12       7.062104870189e-13       1.018837425418e-14       1.117102828002e-15       3.026652322613e-16       2.713865151356e-17 
 1523       8.333687702184e-11       1.995948919649e-12       7.266916763639e-13       1.017744120905e-14       1.114185346119e-15       2.995022044760e-16       2.754261225406e-17 
 1524       8.291338277914e-11       2.009648692734e-12       7.458703841872e-13       1.016646462842e-14       1.111277203617e-15       2.963447325054e-16       2.794161208311e-17 
 1525       8.248994460202e-11       2.023414289680e-12       7.637463451447e-13       1.015544595841e-14       1.108378364237e-15       2.931957459588e-16       2.833563362108e-17 
 1526       8.206666907953e-11       2.037238556119e-12       7.803193132156e-13       1.014438665291e-14       1.105488791286e-15       2.900581896354e-16       2.872465948435e-17 
 1527       8.164366334532e-11       2.051114299487e-12       7.955890617451e-13       1.013328817352e-14       1.102608447625e-15       2.869350235491e-16       2.910867228537e-17 
 1528       8.122103507854e-11       2.065034288955e-12       8.095553834876e-13       1.012215198962e-14       1.099737295681e-15       2.838292229531e-16       2.948765463270e-17 
 1529       8.079889250470e-11       2.078991255374e-12       8.222180906501e-13       1.011097957837e-14       1.096875297433e-15       2.807437783646e-16       2.986158913106e-17 
 1530       8.037734439657e-11       2.092977891206e-12       8.335770149349e-13       1.009977242471e-14       1.094022414423e-15       2.776816955900e-16       3.023045838136e-17 
 1531       7.995650007502e-11       2.106986850463e-12       8.436320075831e-13       1.008853202138e-14       1.091178607747e-15       2.746459957491e-16       3.059424498076e-17 
 1532       7.953646940995e-11       2.121010748646e-12       8.523829394175e-13       1.007725986893e-14       1.088343838056e-15       2.716397153003e-16       3.095293152271e-17 
 1533       7.911736282114e-11       2.135042162680e-12       8.598297008855e-13       1.006595747574e-14       1.085518065558e-15       2.686659060651e-16       3.130650059697e-17 
 1534       7.869929127913e-11       2.149073630852e-12       8.659722021029e-13       1.005462635803e-14       1.082701250015e-15       2.657276352530e-16       3.165493478970e-17 
 1535       7.828236630613e-11       2.163097652747e-12       8.708103728961e-13       1.004326803987e-14       1.079893350739e-15       2.628279854860e-16       3.199821668346e-17 
 1536       7.786669997685e-11       2.177106689187e-12       8.743441628460e-13       1.003188405319e-14       1.077094326599e-15       2.599700548238e-16       3.233632885728e-17 
 1537       7.745240491942e-11       2.191093162169e-12       8.765735413307e-13       1.002047593778e-14       1.074304136011e-15       2.571569567884e-16       3.266925388671e-17 
 1538       7.703959431625e-11       2.205049454799e-12       8.774984975687e-13       1.000904524135e-14       1.071522736945e-15       2.543918203884e-16       3.299697434381e-17 
 1539       7.662838190493e-11       2.218967911229e-12       8.771190406621e-13       9.997593519495e-15       1.068750086917e-15       2.516777901446e-16       3.331947279727e-17 
 1540       7.621888197908e-11       2.232840836598e-12       8.754351996396e-13       9.986122335715e-15       1.065986142995e-15       2.490180261141e-16       3.363673181240e-17 
 1541       7.581119988837e-11       2.246660986950e-12       8.724495366992e-13       9.974633215191e-15       1.063230865297e-15       2.464148325148e-16       3.394873733375e-17 
 1542       7.540540343810e-11       2.260423044202e-12       8.681747129450e-13       9.963127505541e-15       1.060484227534e-15       2.438670345020e-16       3.425548886792e-17 
 1543       7.500155121989e-11       2.274122155051e-12       8.626259945527e-13       9.951606514758e-15       1.057746206569e-15       2.413725765406e-16       3.455698939749e-17 
 1544       7.459970208831e-11       2.287753442224e-12       8.558187462578e-13       9.940071557353e-15       1.055016778918e-15       2.389293915265e-16       3.485324200744e-17 
 1545       7.419991516128e-11       2.301312004444e-12       8.477684315249e-13       9.928523954367e-15       1.052295920751e-15       2.365354007673e-16       3.514424988540e-17 
 1546       7.380224982047e-11       2.314792916382e-12       8.384906127183e-13       9.916965033383e-15       1.049583607892e-15       2.341885139635e-16       3.543001632182e-17 
 1547       7.340676571173e-11       2.328191228632e-12       8.280009512719e-13       9.905396128531e-15       1.046879815817e-15       2.318866291884e-16       3.571054471023e-17 
 1548       7.301352274544e-11       2.341501967660e-12       8.163152078590e-13       9.893818580505e-15       1.044184519651e-15       2.296276328699e-16       3.598583854742e-17 
 1549       7.262258109695e-11       2.354720135776e-12       8.034492425626e-13       9.882233736567e-15       1.041497694175e-15       2.274093997704e-16       3.625590143366e-17 
 1550       7.223400120697e-11       2.367840711091e-12       7.894190150452e-13       9.870642950561e-15       1.038819313816e-15       2.252297929678e-16       3.652073707294e-17 
 1551       7.184784378195e-11       2.380858647478e-12       7.742405847192e-13       9.859047582922e-15       1.036149352652e-15       2.230866638366e-16       3.678034927315e-17 
 1552       7.146416979452e-11       2.393768874538e-12       7.579301109164e-13       9.847449000687e-15       1.033487784411e-15       2.209778520283e-16       3.703474194631e-17 
 1553       7.108304048385e-11       2.406566297559e-12       7.405038530585e-13       9.835848577503e-15       1.030834582467e-15       2.189011854520e-16       3.728391910880e-17 
 1554       7.070451735607e-11       2.419245797478e-12       7.219781708269e-13       9.824247693642e-15       1.028189719843e-15       2.168544802558e-16       3.752788488154e-17 
 1555       7.032866218466e-11       2.431802230843e-12       7.023695243328e-13       9.812647736005e-15       1.025553169208e-15       2.148355408069e-16       3.776664349024e-17 
 1556       6.995553701088e-11       2.444230429778e-12       6.816944742872e-13       9.801050098137e-15       1.022924902877e-15       2.128421596726e-16       3.800019926561e-17 
 1557       6.958520414412e-11       2.456525201938e-12       6.599696821709e-13       9.789456180235e-15       1.020304892810e-15       2.108721176011e-16       3.822855664352e-17 
 1558       6.921772616235e-11       2.468681330478e-12       6.372119104046e-13       9.777867389160e-15       1.017693110613e-15       2.089231835022e-16       3.845172016531e-17 
 1559       6.885316591249e-11       2.480693574013e-12       6.134380225190e-13       9.766285138446e-15       1.015089527533e-15       2.069931144283e-16       3.866969447791e-17 
 1560       6.849158651081e-11       2.492556666577e-12       5.886649833246e-13       9.754710848308e-15       1.012494114465e-15       2.050796555545e-16       3.888248433414e-17 
 1561       6.813305134335e-11       2.504265317587e-12       5.629098590819e-13       9.743145945658e-15       1.009906841940e-15       2.031805401601e-16       3.909009459285e-17 
 1562       6.777762406630e-11       2.515814211806e-12       5.361898176714e-13       9.731591864110e-15       1.007327680137e-15       2.012934896090e-16       3.929253021917e-17 
 1563       6.742536860641e-11       2.527198009302e-12       5.085221287637e-13       9.720050043991e-15       1.004756598871e-15       1.994162133304e-16       3.948979628473e-17 
 1564       6.707634916140e-11       2.538411345414e-12       4.799241639893e-13       9.708521932356e-15       1.002193567601e-15       1.975464087997e-16       3.968189796788e-17 
 1565       6.673063020032e-11       2.549448830709e-12       4.504133971089e-13       9.697008982990e-15       9.996385554232e-16       1.956817615191e-16       3.986884055386e-17 
 1566       6.638827646401e-11       2.560305050949e-12       4.200074041834e-13       9.685512656427e-15       9.970915310738e-16       1.938199449987e-16       4.005062943507e-17 
 1567       6.604935296546e-11       2.570974567048e-12       3.887238637437e-13       9.674034419954e-15       9.945524629268e-16       1.919586207368e-16       4.022727011126e-17 
 1568       6.571392499022e-11       2.581451915038e-12       3.565805569609e-13       9.662575747622e-15       9.920213189939e-16       1.900954382009e-16       4.039876818972e-17 
 1569       6.538205809677e-11       2.591731606029e-12       3.235953678164e-13       9.651138120261e-15       9.894980669234e-16       1.882280348084e-16       4.056512938555e-17 
 1570       6.505381811701e-11       2.601808126170e-12       2.897862832717e-13       9.639723025484e-15       9.869826739997e-16       1.863540359076e-16       4.072635952182e-17 
 1571       6.472927115653e-11       2.611675936612e-12       2.551713934388e-13       9.628331957700e-15       9.844751071424e-16       1.844710547580e-16       4.088246452984e-17 
 1572       6.440848359514e-11       2.621329473472e-12       2.197688917498e-13       9.616966418127e-15       9.819753329059e-16       1.825766925114e-16       4.103345044930e-17 
 1573       6.409152208718e-11       2.630763147790e-12       1.835970751272e-13       9.605627914797e-15       9.794833174785e-16       1.806685381923e-16       4.117932342857e-17 
 1574       6.377845356194e-11       2.639971345497e-12       1.466743441539e-13       9.594317962569e-15       9.769990266816e-16       1.787441686794e-16       4.132008972485e-17 
 1575       6.346934522410e-11       2.648948427370e-12       1.090192032432e-13       9.583038083141e-15       9.745224259692e-16       1.768011486853e-16       4.145575570440e-17 
 1576       6.316426455408e-11       2.657688729001e-12       7.065026080864e-14       9.571789805055e-15       9.720534804269e-16       1.748370307383e-16       4.158632784280e-17 
 1577       6.286327930847e-11       2.666186560752e-12       3.158622943453e-14       9.560574663713e-15       9.695921547715e-16       1.728493551622e-16       4.171181272508e-17 
 1578       6.256645752041e-11       2.674436207724e-12      -8.154073954516e-15       9.549394201384e-15       9.671384133503e-16       1.708356500580e-16       4.183221704601e-17 
 1579       6.227386750001e-11       2.682431929713e-12      -4.855172792334e-14       9.538249967214e-15       9.646922201400e-16       1.687934312837e-16       4.194754761028e-17 
 1580       6.198556616662e-11       2.690168769042e-12      -8.958752476908e-14       9.527143360792e-15       9.622535416218e-16       1.667208684180e-16       4.205781378477e-17 
 1581       6.170156392671e-11       2.697644982307e-12      -1.312414237509e-13       9.516075161222e-15       9.598223554361e-16       1.646187894313e-16       4.216303487972e-17 
 1582       6.142185947159e-11       2.704859631070e-12      -1.734930924593e-13       9.505045993713e-15       9.573986418065e-16       1.624886945366e-16       4.226323283636e-17 
 1583       6.114645141590e-11       2.711811776032e-12      -2.163220877656e-13       9.494056485625e-15       9.549823806710e-16       1.603320919045e-16       4.235842978133e-17 
 1584       6.087533829740e-11       2.718500477041e-12      -2.597078556428e-13       9.483107266479e-15       9.525735516812e-16       1.581504976759e-16       4.244864802706e-17 
 1585       6.060851857683e-11       2.724924793086e-12      -3.036297309868e-13       9.472198967956e-15       9.501721342020e-16       1.559454359752e-16       4.253391007208e-17 
 1586       6.034599063777e-11       2.731083782301e-12      -3.480669374381e-13       9.461332223902e-15       9.477781073110e-16       1.537184389224e-16       4.261423860137e-17 
 1587       6.008775278644e-11       2.736976501965e-12      -3.929985872025e-13       9.450507670328e-15       9.453914497978e-16       1.514710466463e-16       4.268965648667e-17 
 1588       5.983380325157e-11       2.742602008503e-12      -4.384036808729e-13       9.439725945414e-15       9.430121401635e-16       1.492048072970e-16       4.276018678683e-17 
 1589       5.958414018424e-11       2.747959357485e-12      -4.842611072499e-13       9.428987689514e-15       9.406401566202e-16       1.469212770587e-16       4.282585274813e-17 
 1590       5.933876165769e-11       2.753047603629e-12      -5.305496431637e-13       9.418293545155e-15       9.382754770903e-16       1.446220201627e-16       4.288667780464e-17 
 1591       5.909766566719e-11       2.757865800801e-12      -5.772479532948e-13       9.407644157041e-15       9.359180792059e-16       1.423086088998e-16       4.294268557851e-17 
 1592       5.886085012987e-11       2.762413002016e-12      -6.243345899956e-13       9.397040172057e-15       9.335679403084e-16       1.399826236332e-16       4.299389988033e-17 
 1593       5.862831288456e-11       2.766688259437e-12      -6.717879931116e-13       9.386482239271e-15       9.312250374480e-16       1.376456528112e-16       4.304034470946e-17 
 1594       5.840005169161e-11       2.770690624379e-12      -7.195864898025e-13       9.375971009935e-15       9.288893473825e-16       1.352992929800e-16       4.308204425435e-17 
 1595       5.817606423278e-11       2.774419147305e-12      -7.677082943634e-13       9.365507137492e-15       9.265608465777e-16       1.329451487966e-16       4.311902289291e-17 
 1596       5.795634811102e-11       2.777872877831e-12      -8.161315080463e-13       9.355091277573e-15       9.242395112060e-16       1.305848330412e-16       4.315130519277e-17 
 1597       5.774090085035e-11       2.781050864725e-12      -8.648341188814e-13       9.344724088004e-15       9.219253171462e-16       1.282199666301e-16       4.317891591169e-17 
 1598       5.752971989569e-11       2.783952155909e-12      -9.137940014977e-13       9.334406228809e-15       9.196182399831e-16       1.258521786287e-16       4.320187999785e-17 
 1599       5.732280261268e-11       2.786575798457e-12      -9.629889169451e-13       9.324138362208e-15       9.173182550063e-16       1.234831062637e-16       4.322022259019e-17 
 1600       5.712014628755e-11       2.788920838597e-12      -1.012396512515e-12       9.313921152626e-15       9.150253372104e-16       1.211143949365e-16       4.323396901874e-17 
 1601       5.692174812694e-11       2.790986321713e-12      -1.061994321562e-12       9.303755266691e-15       9.127394612938e-16       1.187476982354e-16       4.324314480495e-17 
 1602       5.672760525775e-11       2.792771292346e-12      -1.111759763325e-12       9.293641373238e-15       9.104606016586e-16       1.163846779488e-16       4.324777566206e-17 
 1603       5.653771472697e-11       2.794274794190e-12      -1.161670142749e-12       9.283580143312e-15       9.081887324096e-16       1.140270040773e-16       4.324788749536e-17 
 1604       5.635207350154e-11       2.795495870099e-12      -1.211702650303e-12       9.273572250173e-15       9.059238273542e-16       1.116763548474e-16       4.324350640260e-17 
 1605       5.617067846814e-11       2.796433562085e-12      -1.261834361808e-12       9.263618369295e-15       9.036658600012e-16       1.093344167234e-16       4.323465867425e-17 
 1606       5.599352643309e-11       2.797086911317e-12      -1.312042238250e-12       9.253719178369e-15       9.014148035610e-16       1.070028844204e-16       4.322137079390e-17 
 1607       5.582061412217e-11       2.797454958124e-12      -1.362303125610e-12       9.243875357310e-15       8.991706309444e-16       1.046834609173e-16       4.320366943854e-17 
 1608       5.565193818043e-11       2.797536741996e-12      -1.412593754677e-12       9.234087588253e-15       8.969333147623e-16       1.023778574694e-16       4.318158147893e-17 
 1609       5.548749517207e-11       2.797331301582e-12      -1.462890740875e-12       9.224356555563e-15       8.947028273249e-16       1.000877936208e-16       4.315513397990e-17 
 1610       5.532728158025e-11       2.796837674694e-12      -1.513170584081e-12       9.214682945832e-15       8.924791406417e-16       9.781499721784e-17       4.312435420071e-17 
 1611       5.517129380695e-11       2.796054898306e-12      -1.563409668449e-12       9.205067447884e-15       8.902622264203e-16       9.556120442117e-17       4.308926959537e-17 
 1612       5.501952817281e-11       2.794982008554e-12      -1.613584262228e-12       9.195510752779e-15       8.880520560659e-16       9.332815971895e-17       4.304990781296e-17 
 1613       5.487198091694e-11       2.793618040738e-12      -1.663670517585e-12       9.186013553812e-15       8.858486006812e-16       9.111761593938e-17       4.300629669798e-17 
 1614       5.472864819680e-11       2.791962029324e-12      -1.713644470428e-12       9.176576546522e-15       8.836518310654e-16       8.893133426354e-17       4.295846429070e-17 
 1615       5.458952608801e-11       2.790013007942e-12      -1.763482040224e-12       9.167200428686e-15       8.814617177137e-16       8.677108423809e-17       4.290643882743e-17 
 1616       5.445461058419e-11       2.787770009385e-12      -1.813159029822e-12       9.157885900329e-15       8.792782308168e-16       8.463864378804e-17       4.285024874094e-17 
 1617       5.432389759684e-11       2.785232065618e-12      -1.862651125273e-12       9.148633663726e-15       8.771013402603e-16       8.253579922950e-17       4.278992266071e-17 
 1618       5.419738295513e-11       2.782398207770e-12      -1.911933895655e-12       9.139444423399e-15       8.749310156242e-16       8.046434528240e-17       4.272548941330e-17 
 1619       5.407505509904e-11       2.779268109992e-12      -1.960984638966e-12       9.130318722161e-15       8.727672285533e-16       7.842575447226e-17       4.265697853435e-17 
 1620       5.395687308687e-11       2.775844027390e-12      -2.009787938429e-12       9.121256447595e-15       8.706099598939e-16       7.642018204248e-17       4.258442180888e-17 
 1621       5.384278838866e-11       2.772128875603e-12      -2.058330156040e-12       9.112257321118e-15       8.684591926204e-16       7.444745207561e-17       4.250785174554e-17 
 1622       5.373275217443e-11       2.768125588573e-12      -2.106597590957e-12       9.103321061537e-15       8.663149094698e-16       7.250738728594e-17       4.242730106660e-17 
 1623       5.362671531365e-11       2.763837118571e-12      -2.154576479402e-12       9.094447385046e-15       8.641770929413e-16       7.059980901708e-17       4.234280270830e-17 
 1624       5.352462837473e-11       2.759266436228e-12      -2.202252994569e-12       9.085636005218e-15       8.620457252953e-16       6.872453723963e-17       4.225438982120e-17 
 1625       5.342644162458e-11       2.754416530568e-12      -2.249613246529e-12       9.076886633000e-15       8.599207885536e-16       6.688139054877e-17       4.216209577053e-17 
 1626       5.333210502805e-11       2.749290409035e-12      -2.296643282134e-12       9.068198976715e-15       8.578022644984e-16       6.507018616190e-17       4.206595413654e-17 
 1627       5.324156824749e-11       2.743891097523e-12      -2.343329084927e-12       9.059572742047e-15       8.556901346723e-16       6.329073991623e-17       4.196599871491e-17 
 1628       5.315478064223e-11       2.738221640410e-12      -2.389656575044e-12       9.051007632044e-15       8.535843803776e-16       6.154286626646e-17       4.186226351702e-17 
 1629       5.307169126808e-11       2.732285100583e-12      -2.435611609119e-12       9.042503347112e-15       8.514849826756e-16       5.982637828234e-17       4.175478277038e-17 
 1630       5.299224887685e-11       2.726084559472e-12      -2.481179980193e-12       9.034059585006e-15       8.493919223866e-16       5.814108764633e-17       4.164359091895e-17 
 1631       5.291640191584e-11       2.719623117080e-12      -2.526347417620e-12       9.025676040830e-15       8.473051800892e-16       5.648680465122e-17       4.152872262349e-17 
 1632       5.284409852737e-11       2.712903892010e-12      -2.571099586967e-12       9.017352407030e-15       8.452247361199e-16       5.486333819771e-17       4.141021276193e-17 
 1633       5.277528654825e-11       2.705930021499e-12      -2.615422089927e-12       9.009088373389e-15       8.431505705723e-16       5.327049579210e-17       4.128809642975e-17 
 1634       5.270991350933e-11       2.698704661445e-12      -2.659300464219e-12       9.000883627024e-15       8.410826632973e-16       5.170808354386e-17       4.116240894027e-17 
 1635       5.264792663495e-11       2.691230986441e-12      -2.702720183498e-12       8.992737852378e-15       8.390209939021e-16       5.017590616327e-17       4.103318582509e-17 
 1636       5.258927284251e-11       2.683512189800e-12      -2.745666657257e-12       8.984650731221e-15       8.369655417498e-16       4.867376695903e-17       4.090046283435e-17 
 1637       5.253389874190e-11       2.675551483590e-12      -2.788125230736e-12       8.976621942637e-15       8.349162859593e-16       4.720146783591e-17       4.076427593719e-17 
 1638       5.248175063509e-11       2.667352098661e-12      -2.830081184824e-12       8.968651163026e-15       8.328732054043e-16       4.575880929233e-17       4.062466132202e-17 
 1639       5.243277451555e-11       2.658917284677e-12      -2.871519735969e-12       8.960738066098e-15       8.308362787132e-16       4.434559041801e-17       4.048165539691e-17 
 1640       5.238691606783e-11       2.650250310146e-12      -2.912426036081e-12       8.952882322865e-15       8.288054842688e-16       4.296160889162e-17       4.033529478996e-17 
 1641       5.234412066702e-11       2.641354462448e-12      -2.952785172438e-12       8.945083601639e-15       8.267808002071e-16       4.160666097831e-17       4.018561634963e-17 
 1642       5.230433337826e-11       2.632233047870e-12      -2.992582167591e-12       8.937341568028e-15       8.247622044177e-16       4.028054152744e-17       4.003265714511e-17 
 1643       5.226749895626e-11       2.622889391630e-12      -3.031801979273e-12       8.929655884928e-15       8.227496745428e-16       3.898304397011e-17       3.987645446667e-17 
 1644       5.223356184481e-11       2.613326837912e-12      -3.070429500300e-12       8.922026212521e-15       8.207431879769e-16       3.771396031687e-17       3.971704582603e-17 
 1645       5.220246617624e-11       2.603548749893e-12      -3.108449558482e-12       8.914452208269e-15       8.187427218664e-16       3.647308115525e-17       3.955446895669e-17 
 1646       5.217415577100e-11       2.593558509776e-12      -3.145846916522e-12       8.906933526910e-15       8.167482531090e-16       3.526019564745e-17       3.938876181430e-17 
 1647       5.214857413710e-11       2.583359518818e-12      -3.182606271929e-12       8.899469820453e-15       8.147597583532e-16       3.407509152794e-17       3.921996257702e-17 
 1648       5.212566446964e-11       2.572955197362e-12      -3.218712256919e-12       8.892060738170e-15       8.127772139983e-16       3.291755510106e-17       3.904810964588e-17 
 1649       5.210536965031e-11       2.562348984865e-12      -3.254149438320e-12       8.884705926599e-15       8.108005961930e-16       3.178737123870e-17       3.887324164512e-17 
 1650       5.208763224693e-11       2.551544339930e-12      -3.288902317484e-12       8.877405029530e-15       8.088298808361e-16       3.068432337783e-17       3.869539742255e-17 
 1651       5.207239451289e-11       2.540544740335e-12      -3.322955330185e-12       8.870157688008e-15       8.068650435750e-16       2.960819351823e-17       3.851461604991e-17 
 1652       5.205959838671e-11       2.529353683064e-12      -3.356292846528e-12       8.862963540323e-15       8.049060598060e-16       2.855876222001e-17       3.833093682323e-17 
 1653       5.204918549152e-11       2.517974684337e-12      -3.388899170857e-12       8.855822222007e-15       8.029529046732e-16       2.753580860132e-17       3.814439926319e-17 
 1654       5.204109713457e-11       2.506411279639e-12      -3.420758541656e-12       8.848733365830e-15       8.010055530686e-16       2.653911033590e-17       3.795504311544e-17 
 1655       5.203527430675e-11       2.494667023753e-12      -3.451855131460e-12       8.841696601795e-15       7.990639796314e-16       2.556844365075e-17       3.776290835100e-17 
 1656       5.203165768207e-11       2.482745490787e-12      -3.482173046756e-12       8.834711557131e-15       7.971281587473e-16       2.462358332372e-17       3.756803516661e-17 
 1657       5.203018761717e-11       2.470650274207e-12      -3.511696327890e-12       8.827777856292e-15       7.951980645485e-16       2.370430268115e-17       3.737046398505e-17 
 1658       5.203080421425e-11       2.458385145090e-12      -3.540411474496e-12       8.820895039588e-15       7.932736728839e-16       2.281036915622e-17       3.717023394229e-17 
 1659       5.203344751136e-11       2.445954528362e-12      -3.568315046336e-12       8.814062318320e-15       7.913549672512e-16       2.194153092580e-17       3.696737833347e-17 
 1660       5.203805729280e-11       2.433363030826e-12      -3.595406129341e-12       8.807278817472e-15       7.894419329165e-16       2.109753015098e-17       3.676192912742e-17 
 1661       5.204457302535e-11       2.420615283352e-12      -3.621683816193e-12       8.800543656877e-15       7.875345549472e-16       2.027810740299e-17       3.655391847657e-17 
 1662       5.205293385781e-11       2.407715940913e-12      -3.647147206343e-12       8.793855951199e-15       7.856328182123e-16       1.948300166068e-17       3.634337871722e-17 
 1663       5.206307862048e-11       2.394669682627e-12      -3.671795406025e-12       8.787214809931e-15       7.837367073813e-16       1.871195030795e-17       3.613034236982e-17 
 1664       5.207494582470e-11       2.381481211788e-12      -3.695627528274e-12       8.780619337384e-15       7.818462069242e-16       1.796468913116e-17       3.591484213930e-17 
 1665       5.208847366234e-11       2.368155255907e-12      -3.718642692939e-12       8.774068632678e-15       7.799613011114e-16       1.724095231655e-17       3.569691091532e-17 
 1666       5.210360000529e-11       2.354696566750e-12      -3.740840026701e-12       8.767561789736e-15       7.780819740125e-16       1.654047244771e-17       3.547658177259e-17 
 1667       5.212026240500e-11       2.341109920369e-12      -3.762218663088e-12       8.761097897276e-15       7.762082094970e-16       1.586298050295e-17       3.525388797112e-17 
 1668       5.213839809197e-11       2.327400117148e-12      -3.782777742492e-12       8.754676038798e-15       7.743399912327e-16       1.520820585277e-17       3.502886295656e-17 
 1669       5.215794397527e-11       2.313571981832e-12      -3.802516412182e-12       8.748295292581e-15       7.724773026866e-16       1.457587625730e-17       3.480154036045e-17 
 1670       5.217883664204e-11       2.299630363568e-12      -3.821433826325e-12       8.741954731672e-15       7.706201271235e-16       1.396571786366e-17       3.457195400054e-17 
 1671       5.220101235699e-11       2.285580135943e-12      -3.839529145996e-12       8.735653423879e-15       7.687684476061e-16       1.337745520346e-17       3.434013788103e-17 
 1672       5.222440706193e-11       2.271426197017e-12      -3.856801539198e-12       8.729390431761e-15       7.669222469946e-16       1.281081119020e-17       3.410612619294e-17 
 1673       5.224895637525e-11       2.257173469366e-12      -3.873250180876e-12       8.723164812621e-15       7.650815079461e-16       1.226550711670e-17       3.386995331433e-17 
 1674       5.227459559146e-11       2.242826900113e-12      -3.888874252935e-12       8.716975618496e-15       7.632462129147e-16       1.174126265252e-17       3.363165381060e-17 
 1675       5.230125968066e-11       2.228391460968e-12      -3.903672944253e-12       8.710821896152e-15       7.614163441503e-16       1.123779584138e-17       3.339126243482e-17 
 1676       5.232888328810e-11       2.213872148266e-12      -3.917645450699e-12       8.704702687072e-15       7.595918836993e-16       1.075482309864e-17       3.314881412798e-17 
 1677       5.235740073363e-11       2.199273983003e-12      -3.930790975146e-12       8.698617027450e-15       7.577728134033e-16       1.029205920865e-17       3.290434401931e-17 
 1678       5.238674601124e-11       2.184602010872e-12      -3.943108727493e-12       8.692563948183e-15       7.559591148990e-16       9.849217322249e-18       3.265788742651e-17 
 1679       5.241685278859e-11       2.169861302302e-12      -3.954597924673e-12       8.686542474860e-15       7.541507696182e-16       9.426008954152e-18       3.240947985614e-17 
 1680       5.244765440645e-11       2.155056952494e-12      -3.965257790675e-12       8.680551627755e-15       7.523477587868e-16       9.022143980386e-18       3.215915700382e-17 
 1681       5.247908387829e-11       2.140194081458e-12      -3.975087556558e-12       8.674590421821e-15       7.505500634250e-16       8.637330635727e-18       3.190695475454e-17 
 1682       5.251107388972e-11       2.125277834051e-12      -3.984086460465e-12       8.668657866678e-15       7.487576643465e-16       8.271275511119e-18       3.165290918300e-17 
 1683       5.254355679804e-11       2.110313380012e-12      -3.992253747642e-12       8.662752966607e-15       7.469705421584e-16       7.923683551104e-18       3.139705655384e-17 
 1684       5.257646463173e-11       2.095305914003e-12      -3.999588670452e-12       8.656874720540e-15       7.451886772604e-16       7.594258051255e-18       3.113943332195e-17 
 1685       5.260972908996e-11       2.080260655642e-12      -4.006090488390e-12       8.651022122055e-15       7.434120498452e-16       7.282700655598e-18       3.088007613278e-17 
 1686       5.264328154212e-11       2.065182849541e-12      -4.011758468102e-12       8.645194159362e-15       7.416406398972e-16       6.988711354043e-18       3.061902182258e-17 
 1687       5.267705302727e-11       2.050077765345e-12      -4.016591883398e-12       8.639389815302e-15       7.398744271929e-16       6.711988479812e-18       3.035630741875e-17 
 1688       5.271097425372e-11       2.034950697767e-12      -4.020590015269e-12       8.633608067332e-15       7.381133913000e-16       6.452228706865e-18       3.009197014010e-17 
 1689       5.274497559849e-11       2.019806966628e-12      -4.023752151903e-12       8.627847887519e-15       7.363575115773e-16       6.209127047331e-18       2.982604739712e-17 
 1690       5.277898710684e-11       2.004651916889e-12      -4.026077588701e-12       8.622108242534e-15       7.346067671741e-16       5.982376848935e-18       2.955857679231e-17 
 1691       5.281293849177e-11       1.989490918693e-12      -4.027565628292e-12       8.616388093641e-15       7.328611370303e-16       5.771669792426e-18       2.928959612046e-17 
 1692       5.284675913353e-11       1.974329367401e-12      -4.028215580550e-12       8.610686396689e-15       7.311205998752e-16       5.576695889002e-18       2.901914336890e-17 
 1693       5.288037807911e-11       1.959172683625e-12      -4.028026762609e-12       8.605002102104e-15       7.293851342281e-16       5.397143477745e-18       2.874725671784e-17 
 1694       5.291372404180e-11       1.944026313271e-12      -4.026998498880e-12       8.599334154881e-15       7.276547183970e-16       5.232699223042e-18       2.847397454065e-17 
 1695       5.294672540062e-11       1.928895727574e-12      -4.025130121065e-12       8.593681494577e-15       7.259293304788e-16       5.083048112018e-18       2.819933540412e-17 
 1696       5.297931019992e-11       1.913786423131e-12      -4.022420968176e-12       8.588043055298e-15       7.242089483589e-16       4.947873451961e-18       2.792337806878e-17 
 1697       5.301141202784e-11       1.898703594499e-12      -4.018872139986e-12       8.582417797587e-15       7.224935513580e-16       4.826854312788e-18       2.764614024433e-17 
 1698       5.304298770851e-11       1.883651148794e-12      -4.014491773907e-12       8.576804804391e-15       7.207831251898e-16       4.719657835490e-18       2.736765484364e-17 
 1699       5.307399976143e-11       1.868632682666e-12      -4.009289813641e-12       8.571203185902e-15       7.190776570454e-16       4.625946852251e-18       2.708795369704e-17 
 1700       5.310441053605e-11       1.853651808999e-12      -4.003276259961e-12       8.565612047733e-15       7.173771339493e-16       4.545382432715e-18       2.680706879445e-17 
 1701       5.313418221154e-11       1.838712156932e-12      -3.996461170800e-12       8.560030490916e-15       7.156815427595e-16       4.477623881305e-18       2.652503228565e-17 
 1702       5.316327679650e-11       1.823817371884e-12      -3.988854661336e-12       8.554457611889e-15       7.139908701668e-16       4.422328734551e-18       2.624187648049e-17 
 1703       5.319165612875e-11       1.808971115579e-12      -3.980466904088e-12       8.548892502494e-15       7.123051026946e-16       4.379152758403e-18       2.595763384915e-17 
 1704       5.321928187506e-11       1.794177066064e-12      -3.971308128999e-12       8.543334249965e-15       7.106242266988e-16       4.347749945561e-18       2.567233702236e-17 
 1705       5.324611553091e-11       1.779438917739e-12      -3.961388623527e-12       8.537781936928e-15       7.089482283670e-16       4.327772512793e-18       2.538601879165e-17 
 1706       5.327211842025e-11       1.764760381377e-12      -3.950718732734e-12       8.532234641384e-15       7.072770937188e-16       4.318870898254e-18       2.509871210957e-17 
 1707       5.329725169526e-11       1.750145184146e-12      -3.939308859373e-12       8.526691436714e-15       7.056108086050e-16       4.320693758814e-18       2.481045008998e-17 
 1708       5.332147633606e-11       1.735597069636e-12      -3.927169463982e-12       8.521151391660e-15       7.039493587076e-16       4.332887967372e-18       2.452126600821e-17 
 1709       5.334475315052e-11       1.721119797882e-12      -3.914311064965e-12       8.515613570328e-15       7.022927295392e-16       4.355098610187e-18       2.423119330136e-17 
 1710       5.336704277397e-11       1.706717145383e-12      -3.900744238690e-12       8.510077032175e-15       7.006409064430e-16       4.386968984189e-18       2.394026556851e-17 
 1711       5.338830566898e-11       1.692392905131e-12      -3.886479619571e-12       8.504540832003e-15       6.989938745924e-16       4.428140594310e-18       2.364851657095e-17 
 1712       5.340850212509e-11       1.678150886632e-12      -3.871527900157e-12       8.499004019955e-15       6.973516189905e-16       4.478253150800e-18       2.335598023247e-17 
 1713       5.342759225860e-11       1.663994915930e-12      -3.855899831228e-12       8.493465641504e-15       6.957141244700e-16       4.536944566550e-18       2.306269063952e-17 
 1714       5.344553601226e-11       1.649928835628e-12      -3.839606221876e-12       8.487924737447e-15       6.940813756929e-16       4.603850954417e-18       2.276868204150e-17 
 1715       5.346229315509e-11       1.635956504915e-12      -3.822657939596e-12       8.482380343902e-15       6.924533571500e-16       4.678606624539e-18       2.247398885101e-17 
 1716       5.347782328209e-11       1.622081799588e-12      -3.805065910379e-12       8.476831492295e-15       6.908300531608e-16       4.760844081663e-18       2.217864564402e-17 
 1717       5.349208581402e-11       1.608308612075e-12      -3.786841118794e-12       8.471277209356e-15       6.892114478729e-16       4.850194022463e-18       2.188268716020e-17 
 1718       5.350503999712e-11       1.594640851459e-12      -3.767994608085e-12       8.465716517114e-15       6.875975252622e-16       4.946285332863e-18       2.158614830307e-17 
 1719       5.351664490291e-11       1.581082443500e-12      -3.748537480252e-12       8.460148432884e-15       6.859882691320e-16       5.048745085359e-18       2.128906414030e-17 
 1720       5.352685942788e-11       1.567637330663e-12      -3.728480896145e-12       8.454571969268e-15       6.843836631132e-16       5.157198536339e-18       2.099146990391e-17 
 1721       5.353564229330e-11       1.554309472133e-12      -3.707836075551e-12       8.448986134140e-15       6.827836906636e-16       5.271269123406e-18       2.069340099056e-17 
 1722       5.354295204496e-11       1.541102843849e-12      -3.686614297284e-12       8.443389930646e-15       6.811883350677e-16       5.390578462701e-18       2.039489296170e-17 
 1723       5.354874705289e-11       1.528021438519e-12      -3.664826899272e-12       8.437782357192e-15       6.795975794367e-16       5.514746346222e-18       2.009598154390e-17 
 1724       5.355298551116e-11       1.515069265646e-12      -3.642485278648e-12       8.432162407439e-15       6.780114067077e-16       5.643390739145e-18       1.979670262903e-17 
 1725       5.355562543760e-11       1.502250351554e-12      -3.619600891838e-12       8.426529070295e-15       6.764297996438e-16       5.776127777151e-18       1.949709227453e-17 
 1726       5.355662467355e-11       1.489568739408e-12      -3.596185254651e-12       8.420881329912e-15       6.748527408333e-16       5.912571763741e-18       1.919718670361e-17 
 1727       5.355594088365e-11       1.477028489238e-12      -3.572249942364e-12       8.415218165672e-15       6.732802126901e-16       6.052335167563e-18       1.889702230553e-17 
 1728       5.355353155555e-11       1.464633677966e-12      -3.547806589816e-12       8.409538552186e-15       6.717121974529e-16       6.195028619730e-18       1.859663563582e-17 
 1729       5.354935399970e-11       1.452388399425e-12      -3.522866891495e-12       8.403841459284e-15       6.701486771847e-16       6.340260911144e-18       1.829606341652e-17 
 1730       5.354336534906e-11       1.440296764382e-12      -3.497442601625e-12       8.398125852009e-15       6.685896337730e-16       6.487638989817e-18       1.799534253640e-17 
 1731       5.353552255891e-11       1.428362900569e-12      -3.471545534258e-12       8.392390690610e-15       6.670350489295e-16       6.636767958190e-18       1.769451005123e-17 
 1732       5.352578240653e-11       1.416590952695e-12      -3.445187563360e-12       8.386634930535e-15       6.654849041890e-16       6.787251070461e-18       1.739360318399e-17 
 1733       5.351410149104e-11       1.404985082479e-12      -3.418380622903e-12       8.380857522424e-15       6.639391809102e-16       6.938689729899e-18       1.709265932513e-17 
 1734       5.350043623306e-11       1.393549468670e-12      -3.391136706951e-12       8.375057412100e-15       6.623978602746e-16       7.090683486173e-18       1.679171603280e-17 
 1735       5.348474287454e-11       1.382288307069e-12      -3.363467869750e-12       8.369233540567e-15       6.608609232863e-16       7.242830032667e-18       1.649081103307e-17 
 1736       5.346698488202e-11       1.371205242245e-12      -3.335386411397e-12       8.363384954874e-15       6.593283521618e-16       7.394826246624e-18       1.618997953482e-17 
 1737       5.344715522516e-11       1.360301657398e-12      -3.306905436376e-12       8.357511141768e-15       6.578001345112e-16       7.546772246185e-18       1.588924614903e-17 
 1738       5.342525428555e-11       1.349578370127e-12      -3.278038299907e-12       8.351611696842e-15       6.562762591913e-16       7.698869890794e-18       1.558863290184e-17 
 1739       5.340128247016e-11       1.339036199433e-12      -3.248798422887e-12       8.345686213910e-15       6.547567149191e-16       7.851321972340e-18       1.528816191390e-17 
 1740       5.337524021146e-11       1.328675965721e-12      -3.219199291992e-12       8.339734285005e-15       6.532414902711e-16       8.004332216500e-18       1.498785540044e-17 
 1741       5.334712796745e-11       1.318498490799e-12      -3.189254459766e-12       8.333755500378e-15       6.517305736834e-16       8.158105284081e-18       1.468773567147e-17 
 1742       5.331694622168e-11       1.308504597877e-12      -3.158977544724e-12       8.327749448493e-15       6.502239534515e-16       8.312846772361e-18       1.438782513187e-17 
 1743       5.328469548334e-11       1.298695111574e-12      -3.128382231445e-12       8.321715716026e-15       6.487216177297e-16       8.468763216437e-18       1.408814628154e-17 
 1744       5.325037628728e-11       1.289070857912e-12      -3.097482270669e-12       8.315653887862e-15       6.472235545309e-16       8.626062090561e-18       1.378872171551e-17 
 1745       5.321398919406e-11       1.279632664322e-12      -3.066291479393e-12       8.309563547090e-15       6.457297517268e-16       8.784951809489e-18       1.348957412410e-17 
 1746       5.317553479001e-11       1.270381359642e-12      -3.034823740966e-12       8.303444275007e-15       6.442401970470e-16       8.945641729818e-18       1.319072629303e-17 
 1747       5.313501368727e-11       1.261317774117e-12      -3.003093005189e-12       8.297295651106e-15       6.427548780795e-16       9.108342151334e-18       1.289220110355e-17 
 1748       5.309242652382e-11       1.252442739403e-12      -2.971113288409e-12       8.291117253083e-15       6.412737822695e-16       9.273264318349e-18       1.259402153258e-17 
 1749       5.304777396358e-11       1.243757088566e-12      -2.938898673612e-12       8.284908656827e-15       6.397968969199e-16       9.440620421051e-18       1.229621065286e-17 
 1750       5.300105669639e-11       1.235261656083e-12      -2.906463310527e-12       8.278669436421e-15       6.383242091910e-16       9.610623596838e-18       1.199879163303e-17 
 1751       5.295227543810e-11       1.226957277842e-12      -2.873821415715e-12       8.272399164140e-15       6.368557060997e-16       9.783487931668e-18       1.170178773781e-17 
 1752       5.290143093061e-11       1.218844791144e-12      -2.840987272669e-12       8.266097410446e-15       6.353913745198e-16       9.959428461399e-18       1.140522232811e-17 
 1753       5.284852394192e-11       1.210925034704e-12      -2.807975231911e-12       8.259763743987e-15       6.339312011816e-16       1.013866117313e-17       1.110911886116e-17 
 1754       5.279355526617e-11       1.203198848651e-12      -2.774799711083e-12       8.253397731593e-15       6.324751726714e-16       1.032140300654e-17       1.081350089065e-17 
 1755       5.273652572368e-11       1.195667074529e-12      -2.741475195052e-12       8.246998938276e-15       6.310232754315e-16       1.050787185526e-17       1.051839206684e-17 
 1756       5.267743616101e-11       1.188330555297e-12      -2.708016235998e-12       8.240566927225e-15       6.295754957600e-16       1.069828656815e-17       1.022381613673e-17 
 1757       5.261628745103e-11       1.181190135333e-12      -2.674437453514e-12       8.234101259804e-15       6.281318198103e-16       1.089286695072e-17       9.929796944161e-18 
 1758       5.255308049291e-11       1.174246660430e-12      -2.640753534703e-12       8.227601495549e-15       6.266922335911e-16       1.109183376643e-17       9.636358429945e-18 
 1759       5.248781621222e-11       1.167500977802e-12      -2.606979234273e-12       8.221067192169e-15       6.252567229659e-16       1.129540873801e-17       9.343524632012e-18 
 1760       5.242049556096e-11       1.160953936081e-12      -2.573129374635e-12       8.214497905538e-15       6.238252736529e-16       1.150381454888e-17       9.051319685532e-18 
 1761       5.235111951758e-11       1.154606385319e-12      -2.539218845994e-12       8.207893189694e-15       6.223978712247e-16       1.171727484439e-17       8.759767823048e-18 
 1762       5.227968908708e-11       1.148459176988e-12      -2.505262606452e-12       8.201252596841e-15       6.209745011082e-16       1.193601423327e-17       8.468893374605e-18 
 1763       5.220620530103e-11       1.142513163984e-12      -2.471275682102e-12       8.194575677339e-15       6.195551485840e-16       1.216025828888e-17       8.178720767886e-18 
 1764       5.213066921760e-11       1.136769200624e-12      -2.437273167123e-12       8.187861979706e-15       6.181397987865e-16       1.239023355060e-17       7.889274528338e-18 
 1765       5.205308192164e-11       1.131228142650e-12      -2.403270223876e-12       8.181111050617e-15       6.167284367035e-16       1.262616752519e-17       7.600579279306e-18 
 1766       5.197344452471e-11       1.125890847224e-12      -2.369282083002e-12       8.174322434897e-15       6.153210471757e-16       1.286828868807e-17       7.312659742165e-18 
 1767       5.189175816513e-11       1.120758172939e-12      -2.335324043519e-12       8.167495675519e-15       6.139176148971e-16       1.311682648472e-17       7.025540736447e-18 
 1768       5.180802400803e-11       1.115830979810e-12      -2.301411472915e-12       8.160630313606e-15       6.125181244140e-16       1.337201133202e-17       6.739247179975e-18 
 1769       5.172224324540e-11       1.111110129279e-12      -2.267559807247e-12       8.153725888423e-15       6.111225601252e-16       1.363407461954e-17       6.453804088996e-18 
 1770       5.163441709613e-11       1.106596484217e-12      -2.233784551237e-12       8.146781937377e-15       6.097309062817e-16       1.390324871094e-17       6.169236578308e-18 
 1771       5.154454680605e-11       1.102290908922e-12      -2.200101278367e-12       8.139797996016e-15       6.083431469863e-16       1.417976694529e-17       5.885569861394e-18 
 1772       5.145263364800e-11       1.098194269123e-12      -2.166525630978e-12       8.132773598020e-15       6.069592661935e-16       1.446386363841e-17       5.602829250552e-18 
 1773       5.135867892187e-11       1.094307431977e-12      -2.133073320361e-12       8.125708275208e-15       6.055792477089e-16       1.475577408422e-17       5.321040157024e-18 
 1774       5.126268395464e-11       1.090631266072e-12      -2.099760126861e-12       8.118601557527e-15       6.042030751896e-16       1.505573455607e-17       5.040228091135e-18 
 1775       5.116465479237e-11       1.087166178295e-12      -2.066600718800e-12       8.111453090313e-15       6.028307333457e-16       1.536391937093e-17       4.760416923527e-18 
 1776       5.106461631831e-11       1.083910720259e-12      -2.033605098436e-12       8.104262987112e-15       6.014622115582e-16       1.568025151192e-17       4.481623652972e-18 
 1777       5.096259825131e-11       1.080862970384e-12      -2.000782126903e-12       8.097031479764e-15       6.000975002907e-16       1.600459044721e-17       4.203863595690e-18 
 1778       5.085863046461e-11       1.078020995980e-12      -1.968140702764e-12       8.089758801406e-15       5.987365898894e-16       1.633679492451e-17       3.927152120389e-18 
 1779       5.075274298608e-11       1.075382853222e-12      -1.935689762062e-12       8.082445186474e-15       5.973794705831e-16       1.667672296992e-17       3.651504648325e-18 
 1780       5.064496599849e-11       1.072946587138e-12      -1.903438278376e-12       8.075090870706e-15       5.960261324827e-16       1.702423188698e-17       3.376936653373e-18 
 1781       5.053532983967e-11       1.070710231592e-12      -1.871395262868e-12       8.067696091146e-15       5.946765655813e-16       1.737917825552e-17       3.103463662088e-18 
 1782       5.042386500279e-11       1.068671809265e-12      -1.839569764337e-12       8.060261086140e-15       5.933307597537e-16       1.774141793067e-17       2.831101253768e-18 
 1783       5.031060213656e-11       1.066829331638e-12      -1.807970869270e-12       8.052786095344e-15       5.919887047566e-16       1.811080604178e-17       2.559865060526e-18 
 1784       5.019557204545e-11       1.065180798979e-12      -1.776607701890e-12       8.045271359724e-15       5.906503902277e-16       1.848719699140e-17       2.289770767346e-18 
 1785       5.007880568995e-11       1.063724200323e-12      -1.745489424211e-12       8.037717121555e-15       5.893158056863e-16       1.887044445416e-17       2.020834112155e-18 
 1786       4.996033418676e-11       1.062457513454e-12      -1.714625236090e-12       8.030123624427e-15       5.879849405326e-16       1.926040137579e-17       1.753070885886e-18 
 1787       4.984018880902e-11       1.061378704893e-12      -1.684024375275e-12       8.022491113244e-15       5.866577840476e-16       1.965691997202e-17       1.486496932541e-18 
 1788       4.971840098657e-11       1.060485729877e-12      -1.653696117457e-12       8.014819834227e-15       5.853343253928e-16       2.005985172755e-17       1.221128149257e-18 
 1789       4.959500230613e-11       1.059776532342e-12      -1.623649776325e-12       8.007110034916e-15       5.840145536102e-16       2.046904739498e-17       9.569804863729e-19 
 1790       4.947002451157e-11       1.059249044911e-12      -1.593894703612e-12       7.999361964173e-15       5.826984576219e-16       2.088435699378e-17       6.940699474904e-19 
 1791       4.934349950409e-11       1.058901188870e-12      -1.564440289150e-12       7.991575872180e-15       5.813860262301e-16       2.130562980921e-17       4.324125895430e-19 
 1792       4.921545934249e-11       1.058730874158e-12      -1.535295960921e-12       7.983752010446e-15       5.800772481167e-16       2.173271439129e-17       1.720245228588e-19 
 1793       4.908593624338e-11       1.058735999347e-12      -1.506471185107e-12       7.975890631804e-15       5.787721118432e-16       2.216545855373e-17      -8.707808877444e-20 
 1794       4.895496258138e-11       1.058914451624e-12      -1.477975466140e-12       7.967991990416e-15       5.774706058502e-16       2.260370937288e-17      -3.448790280438e-19 
 1795       4.882257088938e-11       1.059264106777e-12      -1.449818346760e-12       7.960056341776e-15       5.761727184578e-16       2.304731318669e-17      -6.013620240467e-19 
 1796       4.868879385877e-11       1.059782829176e-12      -1.422009408056e-12       7.952083942707e-15       5.748784378648e-16       2.349611559364e-17      -8.565107522257e-19 
 1797       4.855366433964e-11       1.060468471757e-12      -1.394558269527e-12       7.944075051367e-15       5.735877521488e-16       2.394996145171e-17      -1.110308834304e-18 
 1798       4.841721534101e-11       1.061318876008e-12      -1.367474589128e-12       7.936029927251e-15       5.723006492659e-16       2.440869487728e-17      -1.362739838219e-18 
 1799       4.827948003107e-11       1.062331871945e-12      -1.340768063321e-12       7.927948831189e-15       5.710171170506e-16       2.487215924414e-17      -1.613787278061e-18 
 1800       4.814049173741e-11       1.063505278102e-12      -1.314448427132e-12       7.919832025354e-15       5.697371432153e-16       2.534019718239e-17      -1.863434614004e-18 
 1801       4.800028394723e-11       1.064836901513e-12      -1.288525454193e-12       7.911679773256e-15       5.684607153504e-16       2.581265057740e-17      -2.111665252242e-18 
 1802       4.785889030755e-11       1.066324537693e-12      -1.263008956804e-12       7.903492339752e-15       5.671878209241e-16       2.628936056877e-17      -2.358462544926e-18 
 1803       4.771634462550e-11       1.067965970621e-12      -1.237908785974e-12       7.895269991042e-15       5.659184472819e-16       2.677016754926e-17      -2.603809790098e-18 
 1804       4.757268086847e-11       1.069758972726e-12      -1.213234831481e-12       7.887012994673e-15       5.646525816466e-16       2.725491116374e-17      -2.847690231624e-18 
 1805       4.742793316439e-11       1.071701304869e-12      -1.188997021917e-12       7.878721619543e-15       5.633902111182e-16       2.774343030814e-17      -3.090087059132e-18 
 1806       4.728213580194e-11       1.073790716325e-12      -1.165205324745e-12       7.870396135898e-15       5.621313226734e-16       2.823556312840e-17      -3.330983407946e-18 
 1807       4.713532323074e-11       1.076024944766e-12      -1.141869746343e-12       7.862036815338e-15       5.608759031655e-16       2.873114701941e-17      -3.570362359022e-18 
 1808       4.698753006165e-11       1.078401716248e-12      -1.119000332064e-12       7.853643930818e-15       5.596239393244e-16       2.923001862397e-17      -3.808206938879e-18 
 1809       4.683879106694e-11       1.080918745190e-12      -1.096607166279e-12       7.845217756648e-15       5.583754177562e-16       2.973201383171e-17      -4.044500119540e-18 
 1810       4.668914118052e-11       1.083573734357e-12      -1.074700372436e-12       7.836758568498e-15       5.571303249429e-16       3.023696777807e-17      -4.279224818463e-18 
 1811       4.653861549819e-11       1.086364374848e-12      -1.053290113105e-12       7.828266643395e-15       5.558886472424e-16       3.074471484323e-17      -4.512363898477e-18 
 1812       4.638724927786e-11       1.089288346074e-12      -1.032386590033e-12       7.819742259732e-15       5.546503708882e-16       3.125508865105e-17      -4.743900167718e-18 
 1813       4.623507793976e-11       1.092343315744e-12      -1.012000044194e-12       7.811185697264e-15       5.534154819891e-16       3.176792206802e-17      -4.973816379563e-18 
 1814       4.608213711984e-11       1.095526809536e-12      -9.921391020713e-13       7.802597296134e-15       5.521839674811e-16       3.228307836106e-17      -5.202096297300e-18 
 1815       4.592846282999e-11       1.098835819003e-12      -9.728057998140e-13       7.793977634464e-15       5.509558179908e-16       3.280054494774e-17      -5.428727897650e-18 
 1816       4.577409129957e-11       1.102267190468e-12      -9.540005190432e-13       7.785327352202e-15       5.497310249946e-16       3.332034040022e-17      -5.653700192963e-18 
 1817       4.561905892257e-11       1.105817755031e-12      -9.357236369676e-13       7.776647092231e-15       5.485095798687e-16       3.384248335517e-17      -5.877002168795e-18 
 1818       4.546340225787e-11       1.109484328547e-12      -9.179755263752e-13       7.767937500374e-15       5.472914738887e-16       3.436699251383e-17      -6.098622783885e-18 
 1819       4.530715802943e-11       1.113263711601e-12      -9.007565556241e-13       7.759199225400e-15       5.460766982299e-16       3.489388664214e-17      -6.318550970133e-18 
 1820       4.515036312656e-11       1.117152689489e-12      -8.840670886336e-13       7.750432919025e-15       5.448652439669e-16       3.542318457076e-17      -6.536775632567e-18 
 1821       4.499305460412e-11       1.121148032198e-12      -8.679074848755e-13       7.741639235917e-15       5.436571020732e-16       3.595490519519e-17      -6.753285649323e-18 
 1822       4.483526968274e-11       1.125246494380e-12      -8.522780993648e-13       7.732818833702e-15       5.424522634213e-16       3.648906747585e-17      -6.968069871613e-18 
 1823       4.467704574908e-11       1.129444815334e-12      -8.371792826509e-13       7.723972372965e-15       5.412507187827e-16       3.702569043814e-17      -7.181117123704e-18 
 1824       4.451842035604e-11       1.133739718984e-12      -8.226113808087e-13       7.715100517255e-15       5.400524588271e-16       3.756479317257e-17      -7.392416202890e-18 
 1825       4.435943122297e-11       1.138127913856e-12      -8.085747354297e-13       7.706203933090e-15       5.388574741229e-16       3.810639483480e-17      -7.601955879464e-18 
 1826       4.420011623595e-11       1.142606093058e-12      -7.950696836130e-13       7.697283289963e-15       5.376657551366e-16       3.865051464571e-17      -7.809724896697e-18 
 1827       4.404051344796e-11       1.147170934257e-12      -7.820965579562e-13       7.688339260339e-15       5.364772922327e-16       3.919717189154e-17      -8.015711970803e-18 
 1828       4.388066107914e-11       1.151819099659e-12      -7.696556865467e-13       7.679372519666e-15       5.352920756738e-16       3.974638592393e-17      -8.219905790924e-18 
 1829       4.372059751701e-11       1.156547235985e-12      -7.577473929528e-13       7.670383746377e-15       5.341100956200e-16       4.029817616002e-17      -8.422295019094e-18 
 1830       4.356036131670e-11       1.161351974454e-12      -7.463719962142e-13       7.661373621894e-15       5.329313421292e-16       4.085256208250e-17      -8.622868290220e-18 
 1831       4.339999120119e-11       1.166229930757e-12      -7.355298108340e-13       7.652342830628e-15       5.317558051564e-16       4.140956323975e-17      -8.821614212051e-18 
 1832       4.323952606150e-11       1.171177705035e-12      -7.252211467690e-13       7.643292059992e-15       5.305834745539e-16       4.196919924587e-17      -9.018521365154e-18 
 1833       4.307900495697e-11       1.176191881863e-12      -7.154463094209e-13       7.634222000395e-15       5.294143400711e-16       4.253148978079e-17      -9.213578302889e-18 
 1834       4.291846711545e-11       1.181269030223e-12      -7.062055996275e-13       7.625133345254e-15       5.282483913541e-16       4.309645459035e-17      -9.406773551381e-18 
 1835       4.275795193353e-11       1.186405703484e-12      -6.974993136539e-13       7.616026790993e-15       5.270856179459e-16       4.366411348637e-17      -9.598095609493e-18 
 1836       4.259749897680e-11       1.191598439383e-12      -6.893277431831e-13       7.606903037049e-15       5.259260092857e-16       4.423448634674e-17      -9.787532948804e-18 
 1837       4.243714798005e-11       1.196843759997e-12      -6.816911753076e-13       7.597762785877e-15       5.247695547094e-16       4.480759311551e-17      -9.975074013577e-18 
 1838       4.227693884748e-11       1.202138171731e-12      -6.745898925199e-13       7.588606742950e-15       5.236162434486e-16       4.538345380297e-17      -1.016070722074e-17 
 1839       4.211691165298e-11       1.207478165288e-12      -6.680241727040e-13       7.579435616771e-15       5.224660646314e-16       4.596208848572e-17      -1.034442095985e-17 
 1840       4.195710664033e-11       1.212860215650e-12      -6.619942891264e-13       7.570250118866e-15       5.213190072812e-16       4.654351730676e-17      -1.052620359308e-17 
 1841       4.179756422342e-11       1.218280782059e-12      -6.565005104269e-13       7.561050963797e-15       5.201750603175e-16       4.712776047558e-17      -1.070604345518e-17 
 1842       4.163832498648e-11       1.223736307992e-12      -6.515431006097e-13       7.551838869164e-15       5.190342125549e-16       4.771483826823e-17      -1.088392885345e-17 
 1843       4.147942968432e-11       1.229223221143e-12      -6.471223190350e-13       7.542614555606e-15       5.178964527035e-16       4.830477102742e-17      -1.105984806775e-17 
 1844       4.132091924256e-11       1.234737933396e-12      -6.432384204092e-13       7.533378746808e-15       5.167617693684e-16       4.889757916258e-17      -1.123378935041e-17 
 1845       4.116283475786e-11       1.240276840811e-12      -6.398916547766e-13       7.524132169503e-15       5.156301510497e-16       4.949328314996e-17      -1.140574092625e-17 
 1846       4.100521749810e-11       1.245836323594e-12      -6.370822675101e-13       7.514875553478e-15       5.145015861424e-16       5.009190353270e-17      -1.157569099255e-17 
 1847       4.084810890269e-11       1.251412746084e-12      -6.348104993027e-13       7.505609631578e-15       5.133760629358e-16       5.069346092093e-17      -1.174362771900e-17 
 1848       4.069155058273e-11       1.257002456723e-12      -6.330765861580e-13       7.496335139707e-15       5.122535696138e-16       5.129797599184e-17      -1.190953924770e-17 
 1849       4.053558432128e-11       1.262601788042e-12      -6.318807593816e-13       7.487052816836e-15       5.111340942546e-16       5.190546948975e-17      -1.207341369314e-17 
 1850       4.038025207355e-11       1.268207056634e-12      -6.312232455721e-13       7.477763405004e-15       5.100176248304e-16       5.251596222622e-17      -1.223523914212e-17 
 1851       4.022559596717e-11       1.273814563137e-12      -6.311042666120e-13       7.468467649324e-15       5.089041492073e-16       5.312947508012e-17      -1.239500365379e-17 
 1852       4.007165830239e-11       1.279420592206e-12      -6.315240396592e-13       7.459166297986e-15       5.077936551451e-16       5.374602899771e-17      -1.255269525959e-17 
 1853       3.991847796018e-11       1.285021624352e-12      -6.324816262666e-13       7.449860081626e-15       5.066861311540e-16       5.436560716242e-17      -1.270830237607e-17 
 1854       3.976607959502e-11       1.290614973305e-12      -6.339714698232e-13       7.440549651242e-15       5.055815690718e-16       5.498804117733e-17      -1.286181504704e-17 
 1855       3.961448435722e-11       1.296198153640e-12      -6.359868307499e-13       7.431235639796e-15       5.044799615068e-16       5.561312398400e-17      -1.301322371115e-17 
 1856       3.946371347741e-11       1.301768669362e-12      -6.385209348382e-13       7.421918682808e-15       5.033813009824e-16       5.624064760987e-17      -1.316251879000e-17 
 1857       3.931378826664e-11       1.307324013898e-12      -6.415669732016e-13       7.412599418357e-15       5.022855799372e-16       5.687040316710e-17      -1.330969068805e-17 
 1858       3.916473011644e-11       1.312861670078e-12      -6.451181022261e-13       7.403278487089e-15       5.011927907247e-16       5.750218085126e-17      -1.345472979266e-17 
 1859       3.901656049902e-11       1.318379110122e-12      -6.491674435215e-13       7.393956532217e-15       5.001029256134e-16       5.813576994014e-17      -1.359762647405e-17 
 1860       3.886930096727e-11       1.323873795627e-12      -6.537080838718e-13       7.384634199526e-15       4.990159767865e-16       5.877095879247e-17      -1.373837108531e-17 
 1861       3.872297315493e-11       1.329343177553e-12      -6.587330751863e-13       7.375312137372e-15       4.979319363414e-16       5.940753484673e-17      -1.387695396237e-17 
 1862       3.857759877666e-11       1.334784696208e-12      -6.642354344504e-13       7.365990996692e-15       4.968507962904e-16       6.004528461988e-17      -1.401336542399e-17 
 1863       3.843319962814e-11       1.340195781233e-12      -6.702081436764e-13       7.356671431004e-15       4.957725485598e-16       6.068399370611e-17      -1.414759577176e-17 
 1864       3.828979758622e-11       1.345573851588e-12      -6.766441498546e-13       7.347354096408e-15       4.946971849900e-16       6.132344677564e-17      -1.427963529009e-17 
 1865       3.814741460896e-11       1.350916315540e-12      -6.835363649038e-13       7.338039651593e-15       4.936246973354e-16       6.196342757344e-17      -1.440947424617e-17 
 1866       3.800607273576e-11       1.356220570648e-12      -6.908776656223e-13       7.328728757840e-15       4.925550772644e-16       6.260371891803e-17      -1.453710289001e-17 
 1867       3.786579408748e-11       1.361484003748e-12      -6.986608936392e-13       7.319422079022e-15       4.914883163589e-16       6.324410270019e-17      -1.466251145435e-17 
 1868       3.772660086650e-11       1.366703990937e-12      -7.068788553643e-13       7.310120281611e-15       4.904244061144e-16       6.388435988180e-17      -1.478569015474e-17 
 1869       3.758851535688e-11       1.371877897563e-12      -7.155243219399e-13       7.300824034679e-15       4.893633379399e-16       6.452427049450e-17      -1.490662918947e-17 
 1870       3.745155992440e-11       1.377003078209e-12      -7.245900291911e-13       7.291534009904e-15       4.883051031575e-16       6.516361363854e-17      -1.502531873955e-17 
 1871       3.731575701672e-11       1.382076876678e-12      -7.340686775770e-13       7.282250881569e-15       4.872496930026e-16       6.580216748150e-17      -1.514174896874e-17 
 1872       3.718112916342e-11       1.387096625979e-12      -7.439529321412e-13       7.272975326570e-15       4.861970986234e-16       6.643970925705e-17      -1.525591002353e-17 
 1873       3.704769897618e-11       1.392059648316e-12      -7.542354224629e-13       7.263708024415e-15       4.851473110811e-16       6.707601526373e-17      -1.536779203308e-17 
 1874       3.691548914882e-11       1.396963255068e-12      -7.649087426077e-13       7.254449657230e-15       4.841003213494e-16       6.771086086368e-17      -1.547738510928e-17 
 1875       3.678452245742e-11       1.401804746779e-12      -7.759654510786e-13       7.245200909764e-15       4.830561203146e-16       6.834402048143e-17      -1.558467934669e-17 
 1876       3.665482176043e-11       1.406581413145e-12      -7.873980707665e-13       7.235962469386e-15       4.820146987756e-16       6.897526760267e-17      -1.568966482254e-17 
 1877       3.652640999878e-11       1.411290532995e-12      -7.991990889015e-13       7.226735026096e-15       4.809760474434e-16       6.960437477297e-17      -1.579233159671e-17 
 1878       3.639931019595e-11       1.415929374282e-12      -8.113609570035e-13       7.217519272523e-15       4.799401569410e-16       7.023111359656e-17      -1.589266971175e-17 
 1879       3.627354545812e-11       1.420495194064e-12      -8.238760908328e-13       7.208315903930e-15       4.789070178035e-16       7.085525473512e-17      -1.599066919283e-17 
 1880       3.614913897423e-11       1.424985238494e-12      -8.367368703417e-13       7.199125618217e-15       4.778766204780e-16       7.147656790649e-17      -1.608632004775e-17 
 1881       3.602611401609e-11       1.429396742805e-12      -8.499356396246e-13       7.189949115925e-15       4.768489553229e-16       7.209482188349e-17      -1.617961226692e-17 
 1882       3.590449393852e-11       1.433726931293e-12      -8.634647068693e-13       7.180787100239e-15       4.758240126084e-16       7.270978449261e-17      -1.627053582336e-17 
 1883       3.578430217941e-11       1.437973017307e-12      -8.773163443077e-13       7.171640276991e-15       4.748017825160e-16       7.332122261284e-17      -1.635908067267e-17 
 1884       3.566556225983e-11       1.442132203229e-12      -8.914827881667e-13       7.162509354664e-15       4.737822551386e-16       7.392890217439e-17      -1.644523675303e-17 
 1885       3.554829778415e-11       1.446201680469e-12      -9.059562386191e-13       7.153395044393e-15       4.727654204801e-16       7.453258815745e-17      -1.652899398518e-17 
 1886       3.543253244012e-11       1.450178629441e-12      -9.207288597343e-13       7.144298059973e-15       4.717512684553e-16       7.513204459100e-17      -1.661034227242e-17 
 1887       3.531828999901e-11       1.454060219556e-12      -9.357927794293e-13       7.135219117856e-15       4.707397888899e-16       7.572703455149e-17      -1.668927150061e-17 
 1888       3.520559431566e-11       1.457843609203e-12      -9.511400894195e-13       7.126158937162e-15       4.697309715203e-16       7.631732016167e-17      -1.676577153811e-17 
 1889       3.509446932863e-11       1.461525945738e-12      -9.667628451697e-13       7.117118239673e-15       4.687248059934e-16       7.690266258933e-17      -1.683983223581e-17 
 1890       3.498493906028e-11       1.465104365469e-12      -9.826530658447e-13       7.108097749846e-15       4.677212818665e-16       7.748282204606e-17      -1.691144342713e-17 
 1891       3.487702761686e-11       1.468575993643e-12      -9.988027342603e-13       7.099098194809e-15       4.667203886071e-16       7.805755778598e-17      -1.698059492795e-17 
 1892       3.477075466038e-11       1.471938324480e-12      -1.015203669349e-12       7.090120230588e-15       4.657221163147e-16       7.862667693709e-17      -1.704727846826e-17 
 1893       3.466612178559e-11       1.475190364539e-12      -1.031847142576e-12       7.081164220142e-15       4.647264578916e-16       7.919018141050e-17      -1.711149350330e-17 
 1894       3.456312603782e-11       1.478331498170e-12      -1.048724258458e-12       7.072230453619e-15       4.637334068885e-16       7.974812212506e-17      -1.717324144730e-17 
 1895       3.446176443161e-11       1.481361108265e-12      -1.065826081727e-12       7.063319221977e-15       4.627429567840e-16       8.030055027841e-17      -1.723252374606e-17 
 1896       3.436203395067e-11       1.484278576255e-12      -1.083143637274e-12       7.054430816987e-15       4.617551009848e-16       8.084751734734e-17      -1.728934187697e-17 
 1897       3.426393154786e-11       1.487083282109e-12      -1.100667910099e-12       7.045565531234e-15       4.607698328253e-16       8.138907508822e-17      -1.734369734907e-17 
 1898       3.416745414507e-11       1.489774604331e-12      -1.118389845254e-12       7.036723658116e-15       4.597871455674e-16       8.192527553740e-17      -1.739559170309e-17 
 1899       3.407259863326e-11       1.492351919963e-12      -1.136300347794e-12       7.027905491847e-15       4.588070324008e-16       8.245617101157e-17      -1.744502651155e-17 
 1900       3.397936187235e-11       1.494814604579e-12      -1.154390282718e-12       7.019111327455e-15       4.578294864425e-16       8.298181410819e-17      -1.749200337874e-17 
 1901       3.388774069116e-11       1.497162032286e-12      -1.172650474921e-12       7.010341460787e-15       4.568545007368e-16       8.350225770589e-17      -1.753652394084e-17 
 1902       3.379773188744e-11       1.499393575720e-12      -1.191071709138e-12       7.001596188505e-15       4.558820682552e-16       8.401755496485e-17      -1.757858986594e-17 
 1903       3.370933222772e-11       1.501508606050e-12      -1.209644729889e-12       6.992875808093e-15       4.549121818962e-16       8.452775932718e-17      -1.761820285408e-17 
 1904       3.362253844734e-11       1.503506492970e-12      -1.228360241431e-12       6.984180617850e-15       4.539448344854e-16       8.503292451738e-17      -1.765536463735e-17 
 1905       3.353734725037e-11       1.505386604703e-12      -1.247208907698e-12       6.975510916898e-15       4.529800187752e-16       8.553310454267e-17      -1.769007697989e-17 
 1906       3.345375530953e-11       1.507148307995e-12      -1.266181352250e-12       6.966867005179e-15       4.520177274444e-16       8.602835369342e-17      -1.772234167800e-17 
 1907       3.337175926622e-11       1.508790968118e-12      -1.285268158224e-12       6.958249183456e-15       4.510579530989e-16       8.651872654354e-17      -1.775216056011e-17 
 1908       3.329135573039e-11       1.510313948864e-12      -1.304459868273e-12       6.949657753314e-15       4.501006882706e-16       8.700427795090e-17      -1.777953548693e-17 
 1909       3.321254128053e-11       1.511716612548e-12      -1.323746984518e-12       6.941093017164e-15       4.491459254181e-16       8.748506305769e-17      -1.780446835144e-17 
 1910       3.313531246363e-11       1.512998320005e-12      -1.343119968492e-12       6.932555278239e-15       4.481936569260e-16       8.796113729082e-17      -1.782696107895e-17 
 1911       3.305966579509e-11       1.514158430585e-12      -1.362569241090e-12       6.924044840598e-15       4.472438751050e-16       8.843255636236e-17      -1.784701562718e-17 
 1912       3.298559775872e-11       1.515196302159e-12      -1.382085182511e-12       6.915562009125e-15       4.462965721921e-16       8.889937626989e-17      -1.786463398629e-17 
 1913       3.291310480666e-11       1.516111291109e-12      -1.401658132206e-12       6.907107089530e-15       4.453517403499e-16       8.936165329693e-17      -1.787981817892e-17 
 1914       3.284218335934e-11       1.516902752335e-12      -1.421278388827e-12       6.898680388355e-15       4.444093716667e-16       8.981944401331e-17      -1.789257026029e-17 
 1915       3.277282980543e-11       1.517570039247e-12      -1.440936210171e-12       6.890282212964e-15       4.434694581566e-16       9.027280527559e-17      -1.790289231821e-17 
 1916       3.270504050179e-11       1.518112503766e-12      -1.460621813129e-12       6.881912871554e-15       4.425319917591e-16       9.072179422744e-17      -1.791078647315e-17 
 1917       3.263881177342e-11       1.518529496323e-12      -1.480325373628e-12       6.873572673153e-15       4.415969643393e-16       9.116646830005e-17      -1.791625487828e-17 
 1918       3.257413991341e-11       1.518820365859e-12      -1.500037026584e-12       6.865261927617e-15       4.406643676874e-16       9.160688521252e-17      -1.791929971956e-17 
 1919       3.251102118290e-11       1.518984459820e-12      -1.519746865843e-12       6.856980945635e-15       4.397341935187e-16       9.204310297227e-17      -1.791992321574e-17 
 1920       3.244945181102e-11       1.519021124157e-12      -1.539444944131e-12       6.848730038730e-15       4.388064334736e-16       9.247517987541e-17      -1.791812761846e-17 
 1921       3.238942799485e-11       1.518929703326e-12      -1.559121272998e-12       6.840509519255e-15       4.378810791176e-16       9.290317450718e-17      -1.791391521226e-17 
 1922       3.233094589936e-11       1.518709540286e-12      -1.578765822768e-12       6.832319700401e-15       4.369581219407e-16       9.332714574229e-17      -1.790728831468e-17 
 1923       3.227400165737e-11       1.518359976495e-12      -1.598368522482e-12       6.824160896191e-15       4.360375533578e-16       9.374715274537e-17      -1.789824927627e-17 
 1924       3.221859136950e-11       1.517880351914e-12      -1.617919259847e-12       6.816033421486e-15       4.351193647083e-16       9.416325497134e-17      -1.788680048067e-17 
 1925       3.216471110412e-11       1.517270004999e-12      -1.637407881181e-12       6.807937591984e-15       4.342035472559e-16       9.457551216583e-17      -1.787294434467e-17 
 1926       3.211235689729e-11       1.516528272706e-12      -1.656824191361e-12       6.799873724218e-15       4.332900921889e-16       9.498398436552e-17      -1.785668331821e-17 
 1927       3.206152475272e-11       1.515654490483e-12      -1.676157953768e-12       6.791842135562e-15       4.323789906196e-16       9.538873189863e-17      -1.783801988450e-17 
 1928       3.201221064174e-11       1.514647992276e-12      -1.695398890236e-12       6.783843144229e-15       4.314702335845e-16       9.578981538523e-17      -1.781695656004e-17 
 1929       3.196441050322e-11       1.513508110520e-12      -1.714536680997e-12       6.775877069270e-15       4.305638120438e-16       9.618729573767e-17      -1.779349589468e-17 
 1930       3.191812024353e-11       1.512234176143e-12      -1.733560964625e-12       6.767944230579e-15       4.296597168819e-16       9.658123416102e-17      -1.776764047165e-17 
 1931       3.187333293035e-11       1.510825835116e-12      -1.752462108501e-12       6.760044872644e-15       4.287579395208e-16       9.697166015844e-17      -1.773939381630e-17 
 1932       3.183003035092e-11       1.509284000726e-12      -1.771233526675e-12       6.752178935170e-15       4.278584737671e-16       9.735847528172e-17      -1.770876312964e-17 
 1933       3.178819138972e-11       1.507609908518e-12      -1.789869379462e-12       6.744346280723e-15       4.269613139790e-16       9.774154865205e-17      -1.767575657559e-17 
 1934       3.174779482863e-11       1.505804800406e-12      -1.808363804494e-12       6.736546770810e-15       4.260664544534e-16       9.812074888815e-17      -1.764038237433e-17 
 1935       3.170881934684e-11       1.503869924679e-12      -1.826710916698e-12       6.728780265885e-15       4.251738894257e-16       9.849594410562e-17      -1.760264880234e-17 
 1936       3.167124352067e-11       1.501806536016e-12      -1.844904808256e-12       6.721046625344e-15       4.242836130698e-16       9.886700191631e-17      -1.756256419253e-17 
 1937       3.163504582347e-11       1.499615895487e-12      -1.862939548589e-12       6.713345707522e-15       4.233956194979e-16       9.923378942766e-17      -1.752013693427e-17 
 1938       3.160020462544e-11       1.497299270568e-12      -1.880809184319e-12       6.705677369695e-15       4.225099027604e-16       9.959617324213e-17      -1.747537547351e-17 
 1939       3.156669819351e-11       1.494857935145e-12      -1.898507739243e-12       6.698041468075e-15       4.216264568461e-16       9.995401945650e-17      -1.742828831286e-17 
 1940       3.153450469122e-11       1.492293169528e-12      -1.916029214308e-12       6.690437857811e-15       4.207452756815e-16       1.003071936613e-16      -1.737888401165e-17 
 1941       3.150360217854e-11       1.489606260455e-12      -1.933367587577e-12       6.682866392984e-15       4.198663531315e-16       1.006555609401e-16      -1.732717118603e-17 
 1942       3.147396861176e-11       1.486798501103e-12      -1.950516814203e-12       6.675326926612e-15       4.189896829986e-16       1.009989858691e-16      -1.727315850905e-17 
 1943       3.144558184335e-11       1.483871191096e-12      -1.967470826402e-12       6.667819310639e-15       4.181152590230e-16       1.013373325160e-16      -1.721685471075e-17 
 1944       3.141841962179e-11       1.480825636516e-12      -1.984223533420e-12       6.660343395941e-15       4.172430748826e-16       1.016704644400e-16      -1.715826857819e-17 
 1945       3.139245959148e-11       1.477663149907e-12      -2.000768821509e-12       6.652899032322e-15       4.163731241931e-16       1.019982446906e-16      -1.709740895564e-17 
 1946       3.136767929255e-11       1.474385050290e-12      -2.017100553894e-12       6.645486068511e-15       4.155054005074e-16       1.023205358076e-16      -1.703428474453e-17 
 1947       3.134405616077e-11       1.470992663166e-12      -2.033212570749e-12       6.638104352162e-15       4.146398973158e-16       1.026371998197e-16      -1.696890490365e-17 
 1948       3.132156752737e-11       1.467487320528e-12      -2.049098689164e-12       6.630753729853e-15       4.137766080460e-16       1.029480982445e-16      -1.690127844916e-17 
 1949       3.130019061892e-11       1.463870360869e-12      -2.064752703121e-12       6.623434047081e-15       4.129155260628e-16       1.032530920875e-16      -1.683141445468e-17 
 1950       3.127990255718e-11       1.460143129191e-12      -2.080168383459e-12       6.616145148264e-15       4.120566446679e-16       1.035520418418e-16      -1.675932205142e-17 
 1951       3.126068035897e-11       1.456306977013e-12      -2.095339477852e-12       6.608886876739e-15       4.111999571002e-16       1.038448074870e-16      -1.668501042819e-17 
 1952       3.124250093605e-11       1.452363262382e-12      -2.110259710777e-12       6.601659074758e-15       4.103454565355e-16       1.041312484891e-16      -1.660848883154e-17 
 1953       3.122534109492e-11       1.448313349876e-12      -2.124922783485e-12       6.594461583488e-15       4.094931360860e-16       1.044112237994e-16      -1.652976656583e-17 
 1954       3.120917753675e-11       1.444158610622e-12      -2.139322373974e-12       6.587294243010e-15       4.086429888010e-16       1.046845918542e-16      -1.644885299329e-17 
 1955       3.119398685719e-11       1.439900422296e-12      -2.153452136960e-12       6.580156892315e-15       4.077950076662e-16       1.049512105740e-16      -1.636575753412e-17 
 1956       3.117974554627e-11       1.435540169136e-12      -2.167305703845e-12       6.573049369307e-15       4.069491856036e-16       1.052109373630e-16      -1.628048966657e-17 
 1957       3.116642998823e-11       1.431079241952e-12      -2.180876682696e-12       6.565971510795e-15       4.061055154718e-16       1.054636291081e-16      -1.619305892703e-17 
 1958       3.115401646139e-11       1.426519038130e-12      -2.194158658207e-12       6.558923152497e-15       4.052639900656e-16       1.057091421790e-16      -1.610347491008e-17 
 1959       3.114248113801e-11       1.421860961646e-12      -2.207145191680e-12       6.551904129035e-15       4.044246021159e-16       1.059473324266e-16      -1.601174726862e-17 
 1960       3.113180008418e-11       1.417106423071e-12      -2.219829820986e-12       6.544914273935e-15       4.035873442898e-16       1.061780551833e-16      -1.591788571391e-17 
 1961       3.112194925960e-11       1.412256839582e-12      -2.232206060547e-12       6.537953419625e-15       4.027522091903e-16       1.064011652618e-16      -1.582190001570e-17 
 1962       3.111290451756e-11       1.407313634969e-12      -2.244267401299e-12       6.531021397433e-15       4.019191893563e-16       1.066165169546e-16      -1.572380000224e-17 
 1963       3.110464160468e-11       1.402278239646e-12      -2.256007310667e-12       6.524118037587e-15       4.010882772623e-16       1.068239640333e-16      -1.562359556043e-17 
 1964       3.109713616086e-11       1.397152090658e-12      -2.267419232536e-12       6.517243169209e-15       4.002594653188e-16       1.070233597484e-16      -1.552129663588e-17 
 1965       3.109036371909e-11       1.391936631689e-12      -2.278496587224e-12       6.510396620320e-15       3.994327458715e-16       1.072145568278e-16      -1.541691323298e-17 
 1966       3.108429970533e-11       1.386633313074e-12      -2.289232771449e-12       6.503578217833e-15       3.986081112019e-16       1.073974074771e-16      -1.531045541499e-17 
 1967       3.107891943837e-11       1.381243591804e-12      -2.299621158305e-12       6.496787787553e-15       3.977855535267e-16       1.075717633786e-16      -1.520193330413e-17 
 1968       3.107419812969e-11       1.375768931537e-12      -2.309655097231e-12       6.490025154176e-15       3.969650649980e-16       1.077374756902e-16      -1.509135708165e-17 
 1969       3.107011088332e-11       1.370210802608e-12      -2.319327913981e-12       6.483290141287e-15       3.961466377028e-16       1.078943950456e-16      -1.497873698792e-17 
 1970       3.106663280571e-11       1.364570780883e-12      -2.328633995741e-12       6.476582534154e-15       3.953302642100e-16       1.080424207837e-16      -1.486409766123e-17 
 1971       3.106373933658e-11       1.358850845127e-12      -2.337572055327e-12       6.469901967811e-15       3.945159392133e-16       1.081816490393e-16      -1.474752127050e-17 
 1972       3.106140592024e-11       1.353053081864e-12      -2.346141891179e-12       6.463248038137e-15       3.937036579004e-16       1.083122257516e-16      -1.462910470317e-17 
 1973       3.105960789571e-11       1.347179586740e-12      -2.354343304428e-12       6.456620338990e-15       3.928934154068e-16       1.084342975342e-16      -1.450894525612e-17 
 1974       3.105832049652e-11       1.341232464539e-12      -2.362176098896e-12       6.450018462197e-15       3.920852068161e-16       1.085480116763e-16      -1.438714063620e-17 
 1975       3.105751885061e-11       1.335213829189e-12      -2.369640081107e-12       6.443441997553e-15       3.912790271599e-16       1.086535161432e-16      -1.426378896075e-17 
 1976       3.105717798021e-11       1.329125803778e-12      -2.376735060287e-12       6.436890532820e-15       3.904748714175e-16       1.087509595776e-16      -1.413898875810e-17 
 1977       3.105727280167e-11       1.322970520565e-12      -2.383460848371e-12       6.430363653725e-15       3.896727345163e-16       1.088404913001e-16      -1.401283896816e-17 
 1978       3.105777812532e-11       1.316750120990e-12      -2.389817260007e-12       6.423860943953e-15       3.888726113311e-16       1.089222613104e-16      -1.388543894288e-17 
 1979       3.105866865539e-11       1.310466755687e-12      -2.395804112565e-12       6.417381985150e-15       3.880744966845e-16       1.089964202879e-16      -1.375688844678e-17 
 1980       3.105991898979e-11       1.304122584498e-12      -2.401421226134e-12       6.410926356912e-15       3.872783853465e-16       1.090631195930e-16      -1.362728765754e-17 
 1981       3.106150362006e-11       1.297719776479e-12      -2.406668423535e-12       6.404493636794e-15       3.864842720347e-16       1.091225112675e-16      -1.349673716644e-17 
 1982       3.106339693117e-11       1.291260509919e-12      -2.411545530320e-12       6.398083400294e-15       3.856921514139e-16       1.091747480360e-16      -1.336533797895e-17 
 1983       3.106557320142e-11       1.284746972347e-12      -2.416052374781e-12       6.391695220861e-15       3.849020180964e-16       1.092199833061e-16      -1.323319151521e-17 
 1984       3.106800660227e-11       1.278181360545e-12      -2.420188787952e-12       6.385328669887e-15       3.841138666416e-16       1.092583711702e-16      -1.310039961061e-17 
 1985       3.107067119825e-11       1.271565880561e-12      -2.423954603615e-12       6.378983316704e-15       3.833276915559e-16       1.092900664057e-16      -1.296706451625e-17 
 1986       3.107354094680e-11       1.264902747717e-12      -2.427349658306e-12       6.372658728585e-15       3.825434872929e-16       1.093152244758e-16      -1.283328889951e-17 
 1987       3.107658969810e-11       1.258194186627e-12      -2.430373791318e-12       6.366354470736e-15       3.817612482532e-16       1.093340015312e-16      -1.269917584455e-17 
 1988       3.107979119501e-11       1.251442431204e-12      -2.433026844708e-12       6.360070106297e-15       3.809809687840e-16       1.093465544102e-16      -1.256482885288e-17 
 1989       3.108311907287e-11       1.244649724673e-12      -2.435308663298e-12       6.353805196339e-15       3.802026431797e-16       1.093530406397e-16      -1.243035184381e-17 
 1990       3.108654685938e-11       1.237818319584e-12      -2.437219094685e-12       6.347559299859e-15       3.794262656810e-16       1.093536184365e-16      -1.229584915506e-17 
 1991       3.109004797449e-11       1.230950477822e-12      -2.438757989244e-12       6.341331973780e-15       3.786518304756e-16       1.093484467080e-16      -1.216142554321e-17 
 1992       3.109359573023e-11       1.224048470619e-12      -2.439925200130e-12       6.335122772945e-15       3.778793316974e-16       1.093376850527e-16      -1.202718618428e-17 
 1993       3.109716333059e-11       1.217114578570e-12      -2.440720583287e-12       6.328931250119e-15       3.771087634270e-16       1.093214937617e-16      -1.189323667423e-17 
 1994       3.110072387138e-11       1.210151091637e-12      -2.441143997451e-12       6.322756955981e-15       3.763401196913e-16       1.093000338192e-16      -1.175968302949e-17 
 1995       3.110425034010e-11       1.203160309167e-12      -2.441195304154e-12       6.316599439124e-15       3.755733944635e-16       1.092734669036e-16      -1.162663168748e-17 
 1996       3.110771561580e-11       1.196144539904e-12      -2.440874367733e-12       6.310458246053e-15       3.748085816630e-16       1.092419553881e-16      -1.149418950715e-17 
 1997       3.111109246894e-11       1.189106101995e-12      -2.440181055329e-12       6.304332921180e-15       3.740456751554e-16       1.092056623418e-16      -1.136246376949e-17 
 1998       3.111435356126e-11       1.182047323009e-12      -2.439115236896e-12       6.298223006821e-15       3.732846687523e-16       1.091647515309e-16      -1.123156217806e-17 
 1999       3.111747144564e-11       1.174970539943e-12      -2.437676785204e-12       6.292128043198e-15       3.725255562111e-16       1.091193874187e-16      -1.110159285953e-17 
 2000       3.112041856598e-11       1.167878099238e-12      -2.435865575845e-12       6.286047568429e-15       3.717683312354e-16       1.090697351676e-16      -1.097266436418e-17 
 2001       3.112316725703e-11       1.160772356789e-12      -2.433681487240e-12       6.279981118533e-15       3.710129874745e-16       1.090159606390e-16      -1.084488566643e-17 
 2002       3.112568974429e-11       1.153655677955e-12      -2.431124400637e-12       6.273928227419e-15       3.702595185232e-16       1.089582303949e-16      -1.071836616540e-17 
 2003       3.112795814384e-11       1.146530437575e-12      -2.428194200123e-12       6.267888426890e-15       3.695079179222e-16       1.088967116985e-16      -1.059321568539e-17 
 2004       3.112994446225e-11       1.139399019977e-12      -2.424890772628e-12       6.261861246638e-15       3.687581791576e-16       1.088315725148e-16      -1.046954447642e-17 
 2005       3.113162059638e-11       1.132263818989e-12      -2.421214007924e-12       6.255846214240e-15       3.680102956611e-16       1.087629815122e-16      -1.034746321477e-17 
 2006       3.113295833333e-11       1.125127237954e-12      -2.417163798638e-12       6.249842855155e-15       3.672642608096e-16       1.086911080627e-16      -1.022708300349e-17 
 2007       3.113392935020e-11       1.117991689739e-12      -2.412740040251e-12       6.243850692725e-15       3.665200679255e-16       1.086161222433e-16      -1.010851537293e-17 
 2008       3.113450521404e-11       1.110859596749e-12      -2.407942631105e-12       6.237869248168e-15       3.657777102763e-16       1.085381948364e-16      -9.991872281273e-18 
 2009       3.113465980929e-11       1.103733262369e-12      -2.402772243986e-12       6.231898054354e-15       3.650371815531e-16       1.084574349149e-16      -9.877228649845e-18 
 2010       3.113437663978e-11       1.096614484253e-12      -2.397232647014e-12       6.225936697238e-15       3.642984773090e-16       1.083737020965e-16      -9.764509669711e-18 
 2011       3.113364157968e-11       1.089504938243e-12      -2.391328399668e-12       6.219984774725e-15       3.635615935310e-16       1.082867929233e-16      -9.653602675098e-18 
 2012       3.113244045061e-11       1.082406306687e-12      -2.385064082778e-12       6.214041882914e-15       3.628265261625e-16       1.081965031528e-16      -9.544394533466e-18 
 2013       3.113075902163e-11       1.075320278451e-12      -2.378444298548e-12       6.208107616100e-15       3.620932711031e-16       1.081026277565e-16      -9.436771644918e-18 
 2014       3.112858300913e-11       1.068248548920e-12      -2.371473670584e-12       6.202181566767e-15       3.613618242085e-16       1.080049609198e-16      -9.330619941613e-18 
 2015       3.112589807680e-11       1.061192820013e-12      -2.364156843926e-12       6.196263325590e-15       3.606321812907e-16       1.079032960401e-16      -9.225824887179e-18 
 2016       3.112268983553e-11       1.054154800185e-12      -2.356498485071e-12       6.190352481432e-15       3.599043381178e-16       1.077974257267e-16      -9.122271476122e-18 
 2017       3.111894384341e-11       1.047136204442e-12      -2.348503282004e-12       6.184448621338e-15       3.591782904137e-16       1.076871417991e-16      -9.019844233240e-18 
 2018       3.111464560557e-11       1.040138754341e-12      -2.340175944222e-12       6.178551330536e-15       3.584540338584e-16       1.075722352865e-16      -8.918427213036e-18 
 2019       3.110978057421e-11       1.033164178004e-12      -2.331521202768e-12       6.172660192435e-15       3.577315640877e-16       1.074524964266e-16      -8.817903999129e-18 
 2020       3.110433414849e-11       1.026214210125e-12      -2.322543810252e-12       6.166774788621e-15       3.570108766932e-16       1.073277146648e-16      -8.718157703665e-18 
 2021       3.109829167447e-11       1.019290591974e-12      -2.313248540885e-12       6.160894698853e-15       3.562919672221e-16       1.071976786532e-16      -8.619070966731e-18 
 2022       3.109163844503e-11       1.012395071410e-12      -2.303640190502e-12       6.155019501067e-15       3.555748311775e-16       1.070621762494e-16      -8.520525955764e-18 
 2023       3.108435969986e-11       1.005529402887e-12      -2.293723576592e-12       6.149148771365e-15       3.548594640179e-16       1.069209945159e-16      -8.422404364968e-18 
 2024       3.107644062533e-11       9.986953474621e-13      -2.283503538327e-12       6.143282084019e-15       3.541458611575e-16       1.067739197189e-16      -8.324587414721e-18 
 2025       3.106786635448e-11       9.918946728016e-13      -2.272984936587e-12       6.137419011467e-15       3.534340179656e-16       1.066207373274e-16      -8.226955850989e-18 
 2026       3.105862196692e-11       9.851291531925e-13      -2.262172653990e-12       6.131559124310e-15       3.527239297673e-16       1.064612320123e-16      -8.129389944739e-18 
 2027       3.104869248878e-11       9.784005695482e-13      -2.251071594919e-12       6.125701991310e-15       3.520155918428e-16       1.062951876453e-16      -8.031769491350e-18 
 2028       3.103806289267e-11       9.717107094173e-13      -2.239686685549e-12       6.119847179387e-15       3.513089994276e-16       1.061223872979e-16      -7.933973810024e-18 
 2029       3.102671809756e-11       9.650613669909e-13      -2.228022873877e-12       6.113994253619e-15       3.506041477122e-16       1.059426132408e-16      -7.835881743202e-18 
 2030       3.101464296876e-11       9.584543431116e-13      -2.216085129749e-12       6.108142777235e-15       3.499010318425e-16       1.057556469423e-16      -7.737371655970e-18 
 2031       3.100182231786e-11       9.518914452806e-13      -2.203878444886e-12       6.102292311619e-15       3.491996469192e-16       1.055612690680e-16      -7.638321435475e-18 
 2032       3.098824090262e-11       9.453744876661e-13      -2.191407832915e-12       6.096442416301e-15       3.484999879982e-16       1.053592594796e-16      -7.538608490337e-18 
 2033       3.097388342697e-11       9.389052911115e-13      -2.178678329394e-12       6.090592648960e-15       3.478020500901e-16       1.051493972335e-16      -7.438109750060e-18 
 2034       3.095873454089e-11       9.324856831427e-13      -2.165694991841e-12       6.084742565419e-15       3.471058281604e-16       1.049314605805e-16      -7.336701664445e-18 
 2035       3.094277884037e-11       9.261174979771e-13      -2.152462899762e-12       6.078891719643e-15       3.464113171294e-16       1.047052269646e-16      -7.234260203000e-18 
 2036       3.092600086737e-11       9.198025765307e-13      -2.138987154680e-12       6.073039663736e-15       3.457185118720e-16       1.044704730218e-16      -7.130660854354e-18 
 2037       3.090838510971e-11       9.135427664266e-13      -2.125272880158e-12       6.067185947940e-15       3.450274072179e-16       1.042269745793e-16      -7.025778625668e-18 
 2038       3.088991600103e-11       9.073399220026e-13      -2.111325221834e-12       6.061330120633e-15       3.443379979513e-16       1.039745066547e-16      -6.919488042047e-18 
 2039       3.087057792072e-11       9.011959043199e-13      -2.097149347444e-12       6.055471728325e-15       3.436502788107e-16       1.037128434547e-16      -6.811663145954e-18 
 2040       3.085035519388e-11       8.951125811703e-13      -2.082750446849e-12       6.049610315655e-15       3.429642444893e-16       1.034417583746e-16      -6.702177496619e-18 
 2041       3.082923209122e-11       8.890918270846e-13      -2.068133732069e-12       6.043745425393e-15       3.422798896345e-16       1.031610239967e-16      -6.590904169452e-18 
 2042       3.080719282902e-11       8.831355233406e-13      -2.053304437303e-12       6.037876598431e-15       3.415972088481e-16       1.028704120899e-16      -6.477715755458e-18 
 2043       3.078422156904e-11       8.772455579712e-13      -2.038267818961e-12       6.032003373788e-15       3.409161966859e-16       1.025696936086e-16      -6.362484360643e-18 
 2044       3.076030241851e-11       8.714238257720e-13      -2.023029155694e-12       6.026125288600e-15       3.402368476581e-16       1.022586386915e-16      -6.245081605432e-18 
 2045       3.073541943001e-11       8.656722283096e-13      -2.007593748415e-12       6.020241878126e-15       3.395591562288e-16       1.019370166607e-16      -6.125378624079e-18 
 2046       3.070955660142e-11       8.599926739297e-13      -1.991966920336e-12       6.014352675737e-15       3.388831168163e-16       1.016045960212e-16      -6.003246064075e-18 
 2047       3.068269787588e-11       8.543870777647e-13      -1.976154016986e-12       6.008457212921e-15       3.382087237927e-16       1.012611444591e-16      -5.878554085568e-18 
 2048       3.065483015310e-11       8.488571157176e-13      -1.960160507801e-12       6.002555067287e-15       3.375359717908e-16       1.009065318135e-16      -5.751214390088e-18 
 2049       3.062595234705e-11       8.434034844745e-13      -1.943992291607e-12       5.996646006974e-15       3.368648566264e-16       1.005410397957e-16      -5.621306636276e-18 
 2050       3.059606639290e-11       8.380266362188e-13      -1.927655393372e-12       5.990729847272e-15       3.361953743827e-16       1.001650544814e-16      -5.488952926496e-18 
 2051       3.056517424149e-11       8.327270241769e-13      -1.911155862883e-12       5.984806402701e-15       3.355275211035e-16       9.977896354138e-17      -5.354275860158e-18 
 2052       3.053327785939e-11       8.275051026192e-13      -1.894499774773e-12       5.978875487014e-15       3.348612927936e-16       9.938315624388e-17      -5.217398534331e-18 
 2053       3.050037922888e-11       8.223613268608e-13      -1.877693228555e-12       5.972936913191e-15       3.341966854184e-16       9.897802345615e-17      -5.078444544359e-18 
 2054       3.046648034803e-11       8.172961532626e-13      -1.860742348653e-12       5.966990493443e-15       3.335336949041e-16       9.856395764666e-17      -4.937537984470e-18 
 2055       3.043158323065e-11       8.123100392321e-13      -1.843653284429e-12       5.961036039208e-15       3.328723171376e-16       9.814135288702e-17      -4.794803448396e-18 
 2056       3.039568990638e-11       8.074034432248e-13      -1.826432210218e-12       5.955073361149e-15       3.322125479662e-16       9.771060485398e-17      -4.650366029983e-18 
 2057       3.035880242067e-11       8.025768247446e-13      -1.809085325357e-12       5.949102269157e-15       3.315543831978e-16       9.727211083140e-17      -4.504351323805e-18 
 2058       3.032092283480e-11       7.978306443452e-13      -1.791618854213e-12       5.943122572347e-15       3.308978186008e-16       9.682626971221e-17      -4.356885425780e-18 
 2059       3.028205322595e-11       7.931653636309e-13      -1.774039046220e-12       5.937134079058e-15       3.302428499039e-16       9.637348200042e-17      -4.208094933782e-18 
 2060       3.024219568716e-11       7.885814452574e-13      -1.756352175904e-12       5.931136596850e-15       3.295894727962e-16       9.591414981307e-17      -4.058106948256e-18 
 2061       3.020135232740e-11       7.840793529331e-13      -1.738564542916e-12       5.925129932508e-15       3.289376829270e-16       9.544867688226e-17      -3.907049072833e-18 
 2062       3.015952527157e-11       7.796595514198e-13      -1.720682472063e-12       5.919113892035e-15       3.282874759060e-16       9.497746855706e-17      -3.755049414939e-18 
 2063       3.011671666051e-11       7.753225065339e-13      -1.702712313338e-12       5.913088280656e-15       3.276388473029e-16       9.450093180554e-17      -3.602236586415e-18 
 2064       3.007292865107e-11       7.710686851469e-13      -1.684660441951e-12       5.907052902812e-15       3.269917926475e-16       9.401947521672e-17      -3.448739704128e-18 
 2065       3.002816341607e-11       7.668985551871e-13      -1.666533258361e-12       5.901007562165e-15       3.263463074297e-16       9.353350900259e-17      -3.294688390585e-18 
 2066       2.998242314437e-11       7.628125856397e-13      -1.648337188303e-12       5.894952061593e-15       3.257023870993e-16       9.304344500003e-17      -3.140212774546e-18 
 2067       2.993571004087e-11       7.588112465486e-13      -1.630078682825e-12       5.888886203188e-15       3.250600270661e-16       9.254969667285e-17      -2.985443491640e-18 
 2068       2.988802632654e-11       7.548950090167e-13      -1.611764218312e-12       5.882809788259e-15       3.244192226998e-16       9.205267911373e-17      -2.830511684978e-18 
 2069       2.983937423844e-11       7.510643452072e-13      -1.593400296521e-12       5.876722617329e-15       3.237799693298e-16       9.155280904620e-17      -2.675549005766e-18 
 2070       2.978975602975e-11       7.473197283447e-13      -1.574993444609e-12       5.870624490132e-15       3.231422622452e-16       9.105050482665e-17      -2.520687613921e-18 
 2071       2.973917396977e-11       7.436616327156e-13      -1.556550215169e-12       5.864515205617e-15       3.225060966950e-16       9.054618644627e-17      -2.366060178681e-18 
 2072       2.968763034396e-11       7.400905336697e-13      -1.538077186252e-12       5.858394561941e-15       3.218714678875e-16       9.004027553307e-17      -2.211799879225e-18 
 2073       2.963512745396e-11       7.366069076208e-13      -1.519580961407e-12       5.852262356472e-15       3.212383709908e-16       8.953319535382e-17      -2.058040405280e-18 
 2074       2.958166761763e-11       7.332112320478e-13      -1.501068169704e-12       5.846118385788e-15       3.206068011324e-16       8.902537081606e-17      -1.904915957742e-18 
 2075       2.952725316902e-11       7.299039854956e-13      -1.482545465772e-12       5.839962445675e-15       3.199767533994e-16       8.851722847006e-17      -1.752561249282e-18 
 2076       2.947188645846e-11       7.266856475759e-13      -1.464019529823e-12       5.833794331124e-15       3.193482228381e-16       8.800919651081e-17      -1.601111504967e-18 
 2077       2.941556985252e-11       7.235566989686e-13      -1.445497067686e-12       5.827613836334e-15       3.187212044541e-16       8.750170478000e-17      -1.450702462870e-18 
 2078       2.935830573408e-11       7.205176214224e-13      -1.426984810839e-12       5.821420754709e-15       3.180956932124e-16       8.699518476798e-17      -1.301470374686e-18 
 2079       2.930009650232e-11       7.175688977558e-13      -1.408489516437e-12       5.815214878857e-15       3.174716840372e-16       8.649006961577e-17      -1.153552006343e-18 
 2080       2.924094457277e-11       7.147110118583e-13      -1.390017967344e-12       5.808996000588e-15       3.168491718117e-16       8.598679411703e-17      -1.007084638619e-18 
 2081       2.918085237731e-11       7.119444486910e-13      -1.371576972163e-12       5.802763910915e-15       3.162281513783e-16       8.548579472002e-17      -8.622060677546e-19 
 2082       2.911982236420e-11       7.092696942880e-13      -1.353173365270e-12       5.796518400053e-15       3.156086175384e-16       8.498750952960e-17      -7.190546060665e-19 
 2083       2.905785699809e-11       7.066872357568e-13      -1.334814006839e-12       5.790259257416e-15       3.149905650524e-16       8.449237830919e-17      -5.777690825620e-19 
 2084       2.899495876008e-11       7.041975612799e-13      -1.316505782877e-12       5.783986271617e-15       3.143739886396e-16       8.400084248278e-17      -4.384888435528e-19 
 2085       2.893113014769e-11       7.018011601153e-13      -1.298255605256e-12       5.777699230469e-15       3.137588829780e-16       8.351334513689e-17      -3.013537532688e-19 
 2086       2.886637367494e-11       6.994985225977e-13      -1.280070411736e-12       5.771397920980e-15       3.131452427046e-16       8.303033102253e-17      -1.665041944721e-19 
 2087       2.880069375431e-11       6.972899283151e-13      -1.261956679586e-12       5.765082180841e-15       3.125330627729e-16       8.255214125561e-17      -3.405275447656e-20 
 2088       2.873410235729e-11       6.951748090148e-13      -1.243918962615e-12       5.758752053274e-15       3.119223395299e-16       8.207869660668e-17       9.600093509506e-20 
 2089       2.866661339358e-11       6.931523812305e-13      -1.225961343934e-12       5.752407633268e-15       3.113130696466e-16       8.160981199378e-17       2.236856341450e-19 
 2090       2.859824083281e-11       6.912218576968e-13      -1.208087921468e-12       5.746049016188e-15       3.107052497610e-16       8.114530158140e-17       3.490302339013e-19 
 2091       2.852899870462e-11       6.893824473438e-13      -1.190302807965e-12       5.739676297783e-15       3.100988764775e-16       8.068497877961e-17       4.720637570838e-19 
 2092       2.845890109867e-11       6.876333552921e-13      -1.172610131022e-12       5.733289574180e-15       3.094939463675e-16       8.022865624313e-17       5.928153580700e-19 
 2093       2.838796216481e-11       6.859737828485e-13      -1.155014033095e-12       5.726888941888e-15       3.088904559689e-16       7.977614587038e-17       7.113143230606e-19 
 2094       2.831619611305e-11       6.844029275004e-13      -1.137518671522e-12       5.720474497795e-15       3.082884017863e-16       7.932725880259e-17       8.275900702456e-19 
 2095       2.824361721373e-11       6.829199829115e-13      -1.120128218536e-12       5.714046339173e-15       3.076877802907e-16       7.888180542287e-17       9.416721499699e-19 
 2096       2.817023979753e-11       6.815241389168e-13      -1.102846861285e-12       5.707604563674e-15       3.070885879197e-16       7.843959535529e-17       1.053590244899e-18 
 2097       2.809607825557e-11       6.802145815175e-13      -1.085678801847e-12       5.701149269335e-15       3.064908210774e-16       7.800043746397e-17       1.163374170187e-18 
 2098       2.802114703948e-11       6.789904928764e-13      -1.068628257253e-12       5.694680554574e-15       3.058944761340e-16       7.756413985213e-17       1.271053873636e-18 
 2099       2.794546066147e-11       6.778510513128e-13      -1.051699459495e-12       5.688198518192e-15       3.052995494265e-16       7.713050986121e-17       1.376659435872e-18 
 2100       2.786903369441e-11       6.767954312980e-13      -1.034896655552e-12       5.681703259375e-15       3.047060372578e-16       7.669935406990e-17       1.480221070500e-18 
 2101       2.779188077189e-11       6.758228034500e-13      -1.018224107404e-12       5.675194877693e-15       3.041139358972e-16       7.627047829328e-17       1.581769124279e-18 
 2102       2.771401658834e-11       6.749323345288e-13      -1.001686092046e-12       5.668673473101e-15       3.035232415803e-16       7.584368758185e-17       1.681334077280e-18 
 2103       2.763545589902e-11       6.741231874316e-13      -9.852869015131e-13       5.662139145938e-15       3.029339505087e-16       7.541878622062e-17       1.778946543059e-18 
 2104       2.755621352018e-11       6.733945211879e-13      -9.690308428897e-13       5.655591996928e-15       3.023460588501e-16       7.499557772823e-17       1.874637268817e-18 
 2105       2.747630432909e-11       6.727454909546e-13      -9.529222383324e-13       5.649032127184e-15       3.017595627384e-16       7.457386485596e-17       1.968437135569e-18 
 2106       2.739574326413e-11       6.721752480111e-13      -9.369654250850e-13       5.642459638202e-15       3.011744582732e-16       7.415344958686e-17       2.060377158308e-18 
 2107       2.731454532482e-11       6.716829397545e-13      -9.211647554961e-13       5.635874631867e-15       3.005907415204e-16       7.373413313483e-17       2.150488486174e-18 
 2108       2.723272557198e-11       6.712677096948e-13      -9.055245970370e-13       5.629277210450e-15       3.000084085116e-16       7.331571594367e-17       2.238802402616e-18 
 2109       2.715029912772e-11       6.709286974496e-13      -8.900493323182e-13       5.622667476611e-15       2.994274552442e-16       7.289799768618e-17       2.325350325560e-18 
 2110       2.706728117556e-11       6.706650387399e-13      -8.747433591078e-13       5.616045533396e-15       2.988478776816e-16       7.248077726323e-17       2.410163807573e-18 
 2111       2.698368696050e-11       6.704758653848e-13      -8.596110903478e-13       5.609411484243e-15       2.982696717527e-16       7.206385280285e-17       2.493274536031e-18 
 2112       2.689953178907e-11       6.703603052967e-13      -8.446569541722e-13       5.602765432975e-15       2.976928333523e-16       7.164702165930e-17       2.574714333284e-18 
 2113       2.681483102944e-11       6.703174824763e-13      -8.298853939240e-13       5.596107483808e-15       2.971173583408e-16       7.123008041217e-17       2.654515156822e-18 
 2114       2.672960011145e-11       6.703465170082e-13      -8.153008681724e-13       5.589437741345e-15       2.965432425441e-16       7.081282486543e-17       2.732709099440e-18 
 2115       2.664385452674e-11       6.704465250554e-13      -8.009078507307e-13       5.582756310581e-15       2.959704817537e-16       7.039505004652e-17       2.809328389403e-18 
 2116       2.655760982877e-11       6.706166188550e-13      -7.867108306730e-13       5.576063296902e-15       2.953990717267e-16       6.997655020544e-17       2.884405390616e-18 
 2117       2.647088163293e-11       6.708559067128e-13      -7.727143123521e-13       5.569358806083e-15       2.948290081856e-16       6.955711881383e-17       2.957972602786e-18 
 2118       2.638368561659e-11       6.711634929989e-13      -7.589228154164e-13       5.562642944294e-15       2.942602868182e-16       6.913654856401e-17       3.030062661586e-18 
 2119       2.629603751921e-11       6.715384781427e-13      -7.453408748275e-13       5.555915818094e-15       2.936929032777e-16       6.871463136815e-17       3.100708338826e-18 
 2120       2.620795314235e-11       6.719799586277e-13      -7.319730408776e-13       5.549177534435e-15       2.931268531827e-16       6.829115835723e-17       3.169942542618e-18 
 2121       2.611944834982e-11       6.724870269871e-13      -7.188238792064e-13       5.542428200665e-15       2.925621321168e-16       6.786591988022e-17       3.237798317537e-18 
 2122       2.603053906770e-11       6.730587717986e-13      -7.058979708191e-13       5.535667924521e-15       2.919987356292e-16       6.743870550311e-17       3.304308844791e-18 
 2123       2.594124128444e-11       6.736942776798e-13      -6.931999121032e-13       5.528896814136e-15       2.914366592340e-16       6.700930400799e-17       3.369507442387e-18 
 2124       2.585157105093e-11       6.743926252831e-13      -6.807343148464e-13       5.522114978038e-15       2.908758984102e-16       6.657750339217e-17       3.433427565295e-18 
 2125       2.576154448055e-11       6.751528912909e-13      -6.685058062531e-13       5.515322525147e-15       2.903164486023e-16       6.614309086721e-17       3.496102805613e-18 
 2126       2.567117774400e-11       6.759740748947e-13      -6.565183176755e-13       5.508519592694e-15       2.897583055146e-16       6.570591285954e-17       3.557567580848e-18 
 2127       2.558048705342e-11       6.768548766882e-13      -6.447729454156e-13       5.501706430168e-15       2.892014659993e-16       6.526605546575e-17       3.617859203591e-18 
 2128       2.548948867831e-11       6.777939182425e-13      -6.332700752284e-13       5.494883315944e-15       2.886459271745e-16       6.482366523800e-17       3.677015826421e-18 
 2129       2.539819895083e-11       6.787898154761e-13      -6.220100922696e-13       5.488050529426e-15       2.880916861301e-16       6.437888929594e-17       3.735075755273e-18 
 2130       2.530663426591e-11       6.798411786493e-13      -6.109933810944e-13       5.481208351046e-15       2.875387399273e-16       6.393187532741e-17       3.792077449617e-18 
 2131       2.521481108133e-11       6.809466123561e-13      -6.002203256562e-13       5.474357062265e-15       2.869870855989e-16       6.348277158909e-17       3.848059522648e-18 
 2132       2.512274591776e-11       6.821047155185e-13      -5.896913093045e-13       5.467496945579e-15       2.864367201489e-16       6.303172690721e-17       3.903060741466e-18 
 2133       2.503045535887e-11       6.833140813791e-13      -5.794067147838e-13       5.460628284511e-15       2.858876405528e-16       6.257889067817e-17       3.957120027262e-18 
 2134       2.493795605137e-11       6.845732974942e-13      -5.693669242320e-13       5.453751363623e-15       2.853398437573e-16       6.212441286926e-17       4.010276455503e-18 
 2135       2.484526470510e-11       6.858809457273e-13      -5.595723191787e-13       5.446866468507e-15       2.847933266806e-16       6.166844401930e-17       4.062569256111e-18 
 2136       2.475239809314e-11       6.872356022422e-13      -5.500232805439e-13       5.439973885794e-15       2.842480862119e-16       6.121113523933e-17       4.114037813655e-18 
 2137       2.465937305180e-11       6.886358374961e-13      -5.407201886363e-13       5.433073903150e-15       2.837041192118e-16       6.075263821325e-17       4.164721667527e-18 
 2138       2.456620648078e-11       6.900802162326e-13      -5.316634231519e-13       5.426166809282e-15       2.831614225117e-16       6.029310519856e-17       4.214660512134e-18 
 2139       2.447291534319e-11       6.915672974754e-13      -5.228533631721e-13       5.419252893933e-15       2.826199929145e-16       5.983268902694e-17       4.263894197073e-18 
 2140       2.437951666566e-11       6.930956345209e-13      -5.142903871629e-13       5.412332447889e-15       2.820798271940e-16       5.937154310500e-17       4.312462727325e-18 
 2141       2.428602753836e-11       6.946637749318e-13      -5.059748729728e-13       5.405405762978e-15       2.815409220949e-16       5.890982141493e-17       4.360406263430e-18 
 2142       2.419246511514e-11       6.962702605300e-13      -4.979071978311e-13       5.398473132068e-15       2.810032743331e-16       5.844767851512e-17       4.407765121678e-18 
 2143       2.409884661356e-11       6.979136273900e-13      -4.900877383470e-13       5.391534849074e-15       2.804668805954e-16       5.798526954094e-17       4.454579774288e-18 
 2144       2.400518931498e-11       6.995924058320e-13      -4.825168705078e-13       5.384591208955e-15       2.799317375393e-16       5.752275020528e-17       4.500890849598e-18 
 2145       2.391151056464e-11       7.013051204149e-13      -4.751949696770e-13       5.377642507718e-15       2.793978417933e-16       5.706027679935e-17       4.546739132240e-18 
 2146       2.381782777171e-11       7.030502899298e-13      -4.681224105933e-13       5.370689042415e-15       2.788651899568e-16       5.659800619324e-17       4.592165563334e-18 
 2147       2.372415840938e-11       7.048264273929e-13      -4.612995673689e-13       5.363731111149e-15       2.783337785998e-16       5.613609583668e-17       4.637211240666e-18 
 2148       2.363052001495e-11       7.066320400389e-13      -4.547268134878e-13       5.356769013073e-15       2.778036042632e-16       5.567470375967e-17       4.681917418874e-18 
 2149       2.353693018988e-11       7.084656293140e-13      -4.484045218044e-13       5.349803048390e-15       2.772746634584e-16       5.521398857313e-17       4.726325509630e-18 
 2150       2.344340659985e-11       7.103256908692e-13      -4.423330645420e-13       5.342833518355e-15       2.767469526676e-16       5.475410946964e-17       4.770477081828e-18 
 2151       2.334996697487e-11       7.122107145535e-13      -4.365128132913e-13       5.335860725279e-15       2.762204683435e-16       5.429522622404e-17       4.814413861766e-18 
 2152       2.325662910936e-11       7.141191844068e-13      -4.309441390088e-13       5.328884972525e-15       2.756952069094e-16       5.383749919414e-17       4.858177733327e-18 
 2153       2.316341086218e-11       7.160495786535e-13      -4.256274120150e-13       5.321906564513e-15       2.751711647591e-16       5.338108932140e-17       4.901810738169e-18 
 2154       2.307033015672e-11       7.180003696954e-13      -4.205630019935e-13       5.314925806720e-15       2.746483382570e-16       5.292615813157e-17       4.945355075904e-18 
 2155       2.297740498099e-11       7.199700241049e-13      -4.157512779890e-13       5.307943005682e-15       2.741267237378e-16       5.247286773538e-17       4.988853104287e-18 
 2156       2.288465338770e-11       7.219570026184e-13      -4.111926084058e-13       5.300958468993e-15       2.736063175065e-16       5.202138082922e-17       5.032347339394e-18 
 2157       2.279209349430e-11       7.239597601291e-13      -4.068873610065e-13       5.293972505308e-15       2.730871158387e-16       5.157186069580e-17       5.075880455812e-18 
 2158       2.269974348307e-11       7.259767456806e-13      -4.028359029101e-13       5.286985424345e-15       2.725691149802e-16       5.112447120481e-17       5.119495286818e-18 
 2159       2.260762160122e-11       7.280064024596e-13      -3.990386005910e-13       5.279997536883e-15       2.720523111470e-16       5.067937681364e-17       5.163234824567e-18 
 2160       2.251574616092e-11       7.300471677897e-13      -3.954958198768e-13       5.273009154766e-15       2.715367005255e-16       5.023674256797e-17       5.207142220274e-18 
 2161       2.242413553940e-11       7.320974731239e-13      -3.922079259475e-13       5.266020590904e-15       2.710222792719e-16       4.979673410254e-17       5.251260784400e-18 
 2162       2.233280817902e-11       7.341557440383e-13      -3.891752833334e-13       5.259032159273e-15       2.705090435131e-16       4.935951764173e-17       5.295633986832e-18 
 2163       2.224178258734e-11       7.362204002251e-13      -3.863982559137e-13       5.252044174916e-15       2.699969893456e-16       4.892526000031e-17       5.340305457071e-18 
 2164       2.215107733721e-11       7.382898554857e-13      -3.838772069153e-13       5.245056953944e-15       2.694861128363e-16       4.849412858405e-17       5.385318984417e-18 
 2165       2.206070958434e-11       7.403625951056e-13      -3.816119840482e-13       5.238070807243e-15       2.689764103089e-16       4.806625420072e-17       5.430707787252e-18 
 2166       2.197069060906e-11       7.424374085645e-13      -3.796003711112e-13       5.231086021523e-15       2.684678792074e-16       4.764161921677e-17       5.476462241245e-18 
 2167       2.188103024459e-11       7.445131583863e-13      -3.778396259138e-13       5.224102878143e-15       2.679605172383e-16       4.722016864575e-17       5.522561933305e-18 
 2168       2.179173835677e-11       7.465887028951e-13      -3.763269941734e-13       5.217121659393e-15       2.674543220845e-16       4.680184726903e-17       5.568986372577e-18 
 2169       2.170282484416e-11       7.486628962105e-13      -3.750597095004e-13       5.210142648500e-15       2.669492914054e-16       4.638659963559e-17       5.615714990351e-18 
 2170       2.161429963803e-11       7.507345882431e-13      -3.740349933841e-13       5.203166129625e-15       2.664454228360e-16       4.597437006167e-17       5.662727139971e-18 
 2171       2.152617270242e-11       7.528026246889e-13      -3.732500551772e-13       5.196192387866e-15       2.659427139881e-16       4.556510263055e-17       5.710002096745e-18 
 2172       2.143845403416e-11       7.548658470254e-13      -3.727020920817e-13       5.189221709260e-15       2.654411624492e-16       4.515874119223e-17       5.757519057852e-18 
 2173       2.135115366290e-11       7.569230925059e-13      -3.723882891338e-13       5.182254380781e-15       2.649407657830e-16       4.475522936315e-17       5.805257142257e-18 
 2174       2.126428165119e-11       7.589731941553e-13      -3.723058191897e-13       5.175290690344e-15       2.644415215292e-16       4.435451052594e-17       5.853195390613e-18 
 2175       2.117784809445e-11       7.610149807649e-13      -3.724518429103e-13       5.168330926803e-15       2.639434272038e-16       4.395652782913e-17       5.901312765177e-18 
 2176       2.109186312105e-11       7.630472768875e-13      -3.728235087468e-13       5.161375379956e-15       2.634464802984e-16       4.356122418685e-17       5.949588149716e-18 
 2177       2.100633689236e-11       7.650689028329e-13      -3.734179529260e-13       5.154424340542e-15       2.629506782808e-16       4.316854227856e-17       5.998000349419e-18 
 2178       2.092127960273e-11       7.670786746630e-13      -3.742322994356e-13       5.147478100245e-15       2.624560185946e-16       4.277842454880e-17       6.046528090801e-18 
 2179       2.083670147957e-11       7.690754041865e-13      -3.752636600095e-13       5.140536951692e-15       2.619624986594e-16       4.239081320684e-17       6.095150021621e-18 
 2180       2.075261278339e-11       7.710578989546e-13      -3.765091341128e-13       5.133601188459e-15       2.614701158705e-16       4.200565022649e-17       6.143844710784e-18 
 2181       2.066902380781e-11       7.730249622560e-13      -3.779658089275e-13       5.126671105066e-15       2.609788675991e-16       4.162287734576e-17       6.192590648253e-18 
 2182       2.058594487958e-11       7.749753931119e-13      -3.796307593378e-13       5.119746996981e-15       2.604887511923e-16       4.124243606658e-17       6.241366244961e-18 
 2183       2.050338635869e-11       7.769079862713e-13      -3.815010479149e-13       5.112829160623e-15       2.599997639726e-16       4.086426765454e-17       6.290149832716e-18 
 2184       2.042135863833e-11       7.788215322062e-13      -3.835737249029e-13       5.105917893358e-15       2.595119032386e-16       4.048831313864e-17       6.338919664114e-18 
 2185       2.033987214496e-11       7.807148171066e-13      -3.858458282037e-13       5.099013493506e-15       2.590251662643e-16       4.011451331092e-17       6.387653912447e-18 
 2186       2.025893733834e-11       7.825866228759e-13      -3.883143833623e-13       5.092116260337e-15       2.585395502995e-16       3.974280872629e-17       6.436330671612e-18 
 2187       2.017856471157e-11       7.844357271257e-13      -3.909764035524e-13       5.085226494073e-15       2.580550525694e-16       3.937313970215e-17       6.484927956022e-18 
 2188       2.009876479112e-11       7.862609031713e-13      -3.938288895615e-13       5.078344495892e-15       2.575716702751e-16       3.900544631819e-17       6.533423700515e-18 
 2189       2.001954813687e-11       7.880609200268e-13      -3.968688297761e-13       5.071470567927e-15       2.570894005929e-16       3.863966841607e-17       6.581795760261e-18 
 2190       1.994092534215e-11       7.898345424001e-13      -4.000932001671e-13       5.064605013264e-15       2.566082406749e-16       3.827574559912e-17       6.630021910676e-18 
 2191       1.986290703376e-11       7.915805306881e-13      -4.034989642752e-13       5.057748135950e-15       2.561281876484e-16       3.791361723213e-17       6.678079847327e-18 
 2192       1.978550387203e-11       7.932976409720e-13      -4.070830731958e-13       5.050900240987e-15       2.556492386162e-16       3.755322244101e-17       6.725947185845e-18 
 2193       1.970872655083e-11       7.949846250123e-13      -4.108424655650e-13       5.044061634337e-15       2.551713906567e-16       3.719450011251e-17       6.773601461832e-18 
 2194       1.963258579764e-11       7.966402302442e-13      -4.147740675440e-13       5.037232622922e-15       2.546946408234e-16       3.683738889397e-17       6.821020130773e-18 
 2195       1.955709237354e-11       7.982631997725e-13      -4.188747928054e-13       5.030413514626e-15       2.542189861453e-16       3.648182719305e-17       6.868180567942e-18 
 2196       1.948225707328e-11       7.998522723667e-13      -4.231415425175e-13       5.023604618294e-15       2.537444236266e-16       3.612775317740e-17       6.915060068315e-18 
 2197       1.940809072532e-11       8.014061824564e-13      -4.275712053302e-13       5.016806243734e-15       2.532709502468e-16       3.577510477442e-17       6.961635846477e-18 
 2198       1.933460419183e-11       8.029236601266e-13      -4.321606573603e-13       5.010018701717e-15       2.527985629606e-16       3.542381967096e-17       7.007885036532e-18 
 2199       1.926180836878e-11       8.044034311122e-13      -4.369067621764e-13       5.003242303983e-15       2.523272586980e-16       3.507383531307e-17       7.053784692013e-18 
 2200       1.918971418592e-11       8.058442167940e-13      -4.418063707846e-13       4.996477363233e-15       2.518570343639e-16       3.472508890568e-17       7.099311785794e-18 
 2201       1.911833260686e-11       8.072447341932e-13      -4.468563216137e-13       4.989724193139e-15       2.513878868386e-16       3.437751741234e-17       7.144443209992e-18 
 2202       1.904767462906e-11       8.086036959669e-13      -4.520534405003e-13       4.982983108340e-15       2.509198129773e-16       3.403105755496e-17       7.189155775885e-18 
 2203       1.897775128393e-11       8.099198104032e-13      -4.573945406741e-13       4.976254424444e-15       2.504528096104e-16       3.368564581349e-17       7.233426213817e-18 
 2204       1.890857176136e-11       8.111919399095e-13      -4.628763249735e-13       4.969538427073e-15       2.499868736677e-16       3.334124206829e-17       7.277227222810e-18 
 2205       1.884013776990e-11       8.124195776389e-13      -4.684950918102e-13       4.962835278779e-15       2.495220025534e-16       3.299790069938e-17       7.320515590906e-18 
 2206       1.877244913921e-11       8.136023740200e-13      -4.742470272221e-13       4.956145111512e-15       2.490581937734e-16       3.265569995886e-17       7.363243995738e-18 
 2207       1.870550569211e-11       8.147399785504e-13      -4.801283024486e-13       4.949468057520e-15       2.485954448114e-16       3.231471837151e-17       7.405364947478e-18 
 2208       1.863930724455e-11       8.158320397954e-13      -4.861350739138e-13       4.942804249350e-15       2.481337531286e-16       3.197503473507e-17       7.446830788643e-18 
 2209       1.857385360560e-11       8.168782053875e-13      -4.922634832095e-13       4.936153819845e-15       2.476731161640e-16       3.163672812055e-17       7.487593693910e-18 
 2210       1.850914457747e-11       8.178781220251e-13      -4.985096570777e-13       4.929516902151e-15       2.472135313339e-16       3.129987787253e-17       7.527605669931e-18 
 2211       1.844517995547e-11       8.188314354720e-13      -5.048697073934e-13       4.922893629708e-15       2.467549960322e-16       3.096456360948e-17       7.566818555138e-18 
 2212       1.838195952798e-11       8.197377905559e-13      -5.113397311483e-13       4.916284136260e-15       2.462975076302e-16       3.063086522404e-17       7.605184019563e-18 
 2213       1.831948307652e-11       8.205968311681e-13      -5.179158104325e-13       4.909688555847e-15       2.458410634767e-16       3.029886288332e-17       7.642653564643e-18 
 2214       1.825775037564e-11       8.214082002619e-13      -5.245940124185e-13       4.903107022810e-15       2.453856608979e-16       2.996863702927e-17       7.679178523035e-18 
 2215       1.819676119297e-11       8.221715398523e-13      -5.313703893432e-13       4.896539671791e-15       2.449312971974e-16       2.964026837887e-17       7.714710058429e-18 
 2216       1.813651528922e-11       8.228864910147e-13      -5.382409784915e-13       4.889986637731e-15       2.444779696561e-16       2.931383792455e-17       7.749199165357e-18 
 2217       1.807701241810e-11       8.235526938842e-13      -5.452018021784e-13       4.883448055871e-15       2.440256755323e-16       2.898942693441e-17       7.782596669008e-18 
 2218       1.801825232641e-11       8.241697876544e-13      -5.522488677327e-13       4.876924061754e-15       2.435744120614e-16       2.866711695257e-17       7.814853225038e-18 
 2219       1.796023475393e-11       8.247374105767e-13      -5.593781674794e-13       4.870414791224e-15       2.431241764563e-16       2.834698979946e-17       7.845919319381e-18 
 2220       1.790295943347e-11       8.252551999593e-13      -5.665856787225e-13       4.863920380425e-15       2.426749659070e-16       2.802912757211e-17       7.875745268065e-18 
 2221       1.784642609087e-11       8.257227921663e-13      -5.738673637282e-13       4.857440965804e-15       2.422267775805e-16       2.771361264449e-17       7.904281217018e-18 
 2222       1.779063444492e-11       8.261398226166e-13      -5.812191697077e-13       4.850976684109e-15       2.417796086214e-16       2.740052766776e-17       7.931477141888e-18 
 2223       1.773558420743e-11       8.265059257832e-13      -5.886370287999e-13       4.844527672390e-15       2.413334561509e-16       2.708995557065e-17       7.957282847845e-18 
 2224       1.768127508317e-11       8.268207351924e-13      -5.961168580544e-13       4.838094067998e-15       2.408883172678e-16       2.678197955969e-17       7.981647969400e-18 
 2225       1.762770676988e-11       8.270838834223e-13      -6.036545594145e-13       4.831676008590e-15       2.404441890475e-16       2.647668311953e-17       8.004521970217e-18 
 2226       1.757487895824e-11       8.272950021026e-13      -6.112460196997e-13       4.825273632122e-15       2.400010685429e-16       2.617415001330e-17       8.025854142920e-18 
 2227       1.752279133190e-11       8.274537219129e-13      -6.188871105891e-13       4.818887076855e-15       2.395589527834e-16       2.587446428284e-17       8.045593608910e-18 
 2228       1.747144356741e-11       8.275596725826e-13      -6.265736886040e-13       4.812516481353e-15       2.391178387758e-16       2.557771024905e-17       8.063689318173e-18 
 2229       1.742083533426e-11       8.276124828894e-13      -6.343015950906e-13       4.806161984483e-15       2.386777235036e-16       2.528397251216e-17       8.080090049095e-18 
 2230       1.737096629487e-11       8.276117806583e-13      -6.420666562033e-13       4.799823725416e-15       2.382386039272e-16       2.499333595209e-17       8.094744408273e-18 
 2231       1.732183610453e-11       8.275571927613e-13      -6.498646828873e-13       4.793501843627e-15       2.378004769840e-16       2.470588572869e-17       8.107600830326e-18 
 2232       1.727344441144e-11       8.274483451158e-13      -6.576914708613e-13       4.787196478896e-15       2.373633395882e-16       2.442170728208e-17       8.118607577707e-18 
 2233       1.722579085668e-11       8.272848626841e-13      -6.655428006011e-13       4.780907771307e-15       2.369271886307e-16       2.414088633294e-17       8.127712740516e-18 
 2234       1.717887507420e-11       8.270663694722e-13      -6.734144373216e-13       4.774635861247e-15       2.364920209793e-16       2.386350888283e-17       8.134864236311e-18 
 2235       1.713269669082e-11       8.267924885291e-13      -6.813021309602e-13       4.768380889411e-15       2.360578334785e-16       2.358966121449e-17       8.140009809922e-18 
 2236       1.708725532619e-11       8.264628419457e-13      -6.892016161596e-13       4.762142996798e-15       2.356246229496e-16       2.331942989211e-17       8.143097033260e-18 
 2237       1.704255059282e-11       8.260770508540e-13      -6.971086122506e-13       4.755922324711e-15       2.351923861904e-16       2.305290176170e-17       8.144073305129e-18 
 2238       1.699858209605e-11       8.256347354261e-13      -7.050188232352e-13       4.749719014761e-15       2.347611199756e-16       2.279016395132e-17       8.142885851042e-18 
 2239       1.695534943403e-11       8.251355148733e-13      -7.129279377690e-13       4.743533208865e-15       2.343308210562e-16       2.253130387145e-17       8.139481723027e-18 
 2240       1.691285219773e-11       8.245790074451e-13      -7.208316291446e-13       4.737365049244e-15       2.339014861601e-16       2.227640921525e-17       8.133807799445e-18 
 2241       1.687108997091e-11       8.239648304283e-13      -7.287255552742e-13       4.731214678427e-15       2.334731119916e-16       2.202556795887e-17       8.125810784796e-18 
 2242       1.683006233013e-11       8.232926001463e-13      -7.366053586726e-13       4.725082239250e-15       2.330456952316e-16       2.177886836179e-17       8.115437209537e-18 
 2243       1.678976761380e-11       8.225620723936e-13      -7.444669504914e-13       4.718967841399e-15       2.326192327408e-16       2.153637470740e-17       8.102651863554e-18 
 2244       1.675019922063e-11       8.217735647431e-13      -7.523073646824e-13       4.712871460802e-15       2.321937221720e-16       2.129805435131e-17       8.087493228469e-18 
 2245       1.671134928699e-11       8.209275369937e-13      -7.601239093753e-13       4.706793039579e-15       2.317691613615e-16       2.106385019751e-17       8.070018406764e-18 
 2246       1.667320991564e-11       8.200244509869e-13      -7.679138833220e-13       4.700732519444e-15       2.313455481267e-16       2.083370491456e-17       8.050284721214e-18 
 2247       1.663577317565e-11       8.190647706093e-13      -7.756745758862e-13       4.694689841698e-15       2.309228802656e-16       2.060756093530e-17       8.028349715144e-18 
 2248       1.659903110238e-11       8.180489617950e-13      -7.834032670333e-13       4.688664947234e-15       2.305011555569e-16       2.038536045655e-17       8.004271152675e-18 
 2249       1.656297569744e-11       8.169774925281e-13      -7.910972273196e-13       4.682657776532e-15       2.300803717599e-16       2.016704543889e-17       7.978107018980e-18 
 2250       1.652759892865e-11       8.158508328450e-13      -7.987537178825e-13       4.676668269662e-15       2.296605266148e-16       1.995255760634e-17       7.949915520533e-18 
 2251       1.649289272999e-11       8.146694548372e-13      -8.063699904298e-13       4.670696366282e-15       2.292416178421e-16       1.974183844612e-17       7.919755085360e-18 
 2252       1.645884900156e-11       8.134338326530e-13      -8.139432872295e-13       4.664742005636e-15       2.288236431432e-16       1.953482920834e-17       7.887684363291e-18 
 2253       1.642545960958e-11       8.121444425007e-13      -8.214708410992e-13       4.658805126556e-15       2.284066002000e-16       1.933147090574e-17       7.853762226212e-18 
 2254       1.639271638629e-11       8.108017626506e-13      -8.289498753961e-13       4.652885667460e-15       2.279904866747e-16       1.913170431345e-17       7.818047768317e-18 
 2255       1.636061112994e-11       8.094062734372e-13      -8.363776040066e-13       4.646983566351e-15       2.275753002104e-16       1.893546996864e-17       7.780600306357e-18 
 2256       1.632913560477e-11       8.079584572623e-13      -8.437512313356e-13       4.641098760818e-15       2.271610384304e-16       1.874270817034e-17       7.741479379894e-18 
 2257       1.629828154093e-11       8.064587985969e-13      -8.510679522966e-13       4.635231188036e-15       2.267476989387e-16       1.855335897907e-17       7.700744751551e-18 
 2258       1.626804063448e-11       8.049077839837e-13      -8.583249523011e-13       4.629380784761e-15       2.263352793195e-16       1.836736221664e-17       7.658456407262e-18 
 2259       1.623840454731e-11       8.033059020396e-13      -8.655194072483e-13       4.623547487335e-15       2.259237771375e-16       1.818465746584e-17       7.614674556527e-18 
 2260       1.620936490713e-11       8.016536434581e-13      -8.726484835147e-13       4.617731231681e-15       2.255131899380e-16       1.800518407018e-17       7.569459632662e-18 
 2261       1.618091330743e-11       7.999515010118e-13      -8.797093379440e-13       4.611931953307e-15       2.251035152463e-16       1.782888113360e-17       7.522872293048e-18 
 2262       1.615304130742e-11       7.981999695546e-13      -8.866991178363e-13       4.606149587302e-15       2.246947505684e-16       1.765568752020e-17       7.474973419385e-18 
 2263       1.612574043201e-11       7.963995460244e-13      -8.936149609384e-13       4.600384068334e-15       2.242868933902e-16       1.748554185398e-17       7.425824117945e-18 
 2264       1.609900217176e-11       7.945507294453e-13      -9.004539954326e-13       4.594635330656e-15       2.238799411783e-16       1.731838251856e-17       7.375485719817e-18 
 2265       1.607281798285e-11       7.926540209300e-13      -9.072133399272e-13       4.588903308097e-15       2.234738913792e-16       1.715414765689e-17       7.324019781166e-18 
 2266       1.604717928701e-11       7.907099236827e-13      -9.138901034456e-13       4.583187934070e-15       2.230687414199e-16       1.699277517098e-17       7.271488083479e-18 
 2267       1.602207747154e-11       7.887189430007e-13      -9.204813854163e-13       4.577489141562e-15       2.226644887074e-16       1.683420272166e-17       7.217952633821e-18 
 2268       1.599750388921e-11       7.866815862776e-13      -9.269842756622e-13       4.571806863145e-15       2.222611306291e-16       1.667836772826e-17       7.163475665080e-18 
 2269       1.597344985825e-11       7.845983630052e-13      -9.333958543904e-13       4.566141030963e-15       2.218586645522e-16       1.652520736835e-17       7.108119636226e-18 
 2270       1.594990666230e-11       7.824697847762e-13      -9.397131921822e-13       4.560491576742e-15       2.214570878244e-16       1.637465857747e-17       7.051947232556e-18 
 2271       1.592686555038e-11       7.802963652865e-13      -9.459333499821e-13       4.554858431782e-15       2.210563977732e-16       1.622665804888e-17       6.995021365949e-18 
 2272       1.590431773687e-11       7.780786203376e-13      -9.520533790879e-13       4.549241526961e-15       2.206565917064e-16       1.608114223323e-17       6.937405175117e-18 
 2273       1.588225440140e-11       7.758170678393e-13      -9.580703211405e-13       4.543640792732e-15       2.202576669116e-16       1.593804733833e-17       6.879162025856e-18 
 2274       1.586066668889e-11       7.735122278116e-13      -9.639812081128e-13       4.538056159126e-15       2.198596206566e-16       1.579730932886e-17       6.820355511297e-18 
 2275       1.583954570947e-11       7.711646223877e-13      -9.697830623003e-13       4.532487555744e-15       2.194624501892e-16       1.565886392611e-17       6.761049452156e-18 
 2276       1.581888253845e-11       7.687747758158e-13      -9.754728963102e-13       4.526934911766e-15       2.190661527370e-16       1.552264660767e-17       6.701307896990e-18 
 2277       1.579866821626e-11       7.663432144623e-13      -9.810477130510e-13       4.521398155942e-15       2.186707255076e-16       1.538859260719e-17       6.641195122444e-18 
 2278       1.577889374845e-11       7.638704668134e-13      -9.865045057224e-13       4.515877216599e-15       2.182761656886e-16       1.525663691411e-17       6.580775633505e-18 
 2279       1.575955010563e-11       7.613570634781e-13      -9.918402578049e-13       4.510372021632e-15       2.178824704474e-16       1.512671427334e-17       6.520114163750e-18 
 2280       1.574062822341e-11       7.588035371903e-13      -9.970519430494e-13       4.504882498512e-15       2.174896369313e-16       1.499875918505e-17       6.459275675604e-18 
 2281       1.572211900239e-11       7.562104228116e-13      -1.002136525467e-12       4.499408574280e-15       2.170976622672e-16       1.487270590433e-17       6.398325360583e-18 
 2282       1.570401319204e-11       7.535783112823e-13      -1.007091393728e-12       4.493950159166e-15       2.167065438038e-16       1.474850528532e-17       6.337323120561e-18 
 2283       1.568630104167e-11       7.509080118506e-13      -1.011915667431e-12       4.488507097335e-15       2.163162798374e-16       1.462617543207e-17       6.276306972350e-18 
 2284       1.566897264712e-11       7.482003908889e-13      -1.016608899193e-12       4.483079215820e-15       2.159268688904e-16       1.450575137206e-17       6.215309537152e-18 
 2285       1.565201806664e-11       7.454563180437e-13      -1.021170641000e-12       4.477666340884e-15       2.155383094701e-16       1.438726824147e-17       6.154363550001e-18 
 2286       1.563542732077e-11       7.426766662385e-13      -1.025600444210e-12       4.472268298009e-15       2.151506000685e-16       1.427076128530e-17       6.093501859893e-18 
 2287       1.561919039238e-11       7.398623116780e-13      -1.029897859550e-12       4.466884911902e-15       2.147637391623e-16       1.415626585749e-17       6.032757429909e-18 
 2288       1.560329722657e-11       7.370141338514e-13      -1.034062437116e-12       4.461516006489e-15       2.143777252131e-16       1.404381742102e-17       5.972163337335e-18 
 2289       1.558773773064e-11       7.341330155361e-13      -1.038093726372e-12       4.456161404918e-15       2.139925566672e-16       1.393345154804e-17       5.911752773793e-18 
 2290       1.557250177409e-11       7.312198428019e-13      -1.041991276151e-12       4.450820929558e-15       2.136082319554e-16       1.382520391995e-17       5.851559045360e-18 
 2291       1.555757918850e-11       7.282755050137e-13      -1.045754634654e-12       4.445494401994e-15       2.132247494934e-16       1.371911032755e-17       5.791615572696e-18 
 2292       1.554295976755e-11       7.253008948361e-13      -1.049383349451e-12       4.440181643030e-15       2.128421076816e-16       1.361520667115e-17       5.731955891164e-18 
 2293       1.552863326696e-11       7.222969082365e-13      -1.052876967477e-12       4.434882472687e-15       2.124603049048e-16       1.351352896065e-17       5.672613650959e-18 
 2294       1.551458940444e-11       7.192644444889e-13      -1.056235035036e-12       4.429596710203e-15       2.120793395326e-16       1.341411331570e-17       5.613622617229e-18 
 2295       1.550081785966e-11       7.162044061776e-13      -1.059457097797e-12       4.424324174027e-15       2.116992099192e-16       1.331699596578e-17       5.555016670201e-18 
 2296       1.548730827419e-11       7.131176992010e-13      -1.062542700799e-12       4.419064681828e-15       2.113199144034e-16       1.322221325033e-17       5.496829805304e-18 
 2297       1.547405025147e-11       7.100052327748e-13      -1.065491388442e-12       4.413818050482e-15       2.109414513083e-16       1.312980161885e-17       5.439096133295e-18 
 2298       1.546103335678e-11       7.068679194365e-13      -1.068302704496e-12       4.408584096083e-15       2.105638189419e-16       1.303979763102e-17       5.381849880382e-18 
 2299       1.544824711717e-11       7.037066750480e-13      -1.070976192094e-12       4.403362633931e-15       2.101870155965e-16       1.295223795683e-17       5.325125388348e-18 
 2300       1.543568102144e-11       7.005224188001e-13      -1.073511393735e-12       4.398153478541e-15       2.098110395489e-16       1.286715937668e-17       5.268957114676e-18 
 2301       1.542332452009e-11       6.973160732158e-13      -1.075907851282e-12       4.392956443633e-15       2.094358890604e-16       1.278459878146e-17       5.213379632674e-18 
 2302       1.541116702526e-11       6.940885641541e-13      -1.078165105963e-12       4.387771342140e-15       2.090615623768e-16       1.270459317274e-17       5.158427631598e-18 
 2303       1.539919791073e-11       6.908408208136e-13      -1.080282698370e-12       4.382597986200e-15       2.086880577283e-16       1.262717966281e-17       5.104135916775e-18 
 2304       1.538740651184e-11       6.875737757361e-13      -1.082260168458e-12       4.377436187157e-15       2.083153733295e-16       1.255239547484e-17       5.050539409733e-18 
 2305       1.537578212546e-11       6.842883648104e-13      -1.084097055545e-12       4.372285755563e-15       2.079435073793e-16       1.248027794297e-17       4.997673148317e-18 
 2306       1.536431400995e-11       6.809855272757e-13      -1.085792898315e-12       4.367146501173e-15       2.075724580611e-16       1.241086451242e-17       4.945572286822e-18 
 2307       1.535299138512e-11       6.776662057258e-13      -1.087347234811e-12       4.362018232948e-15       2.072022235425e-16       1.234419273965e-17       4.894272096108e-18 
 2308       1.534180343218e-11       6.743313461121e-13      -1.088759602439e-12       4.356900759048e-15       2.068328019757e-16       1.228030029239e-17       4.843807963734e-18 
 2309       1.533073929369e-11       6.709818977479e-13      -1.090029537969e-12       4.351793886840e-15       2.064641914970e-16       1.221922494985e-17       4.794215394075e-18 
 2310       1.531978807355e-11       6.676188133114e-13      -1.091156577530e-12       4.346697422889e-15       2.060963902268e-16       1.216100460274e-17       4.745530008448e-18 
 2311       1.530893883692e-11       6.642430488500e-13      -1.092140256615e-12       4.341611172960e-15       2.057293962702e-16       1.210567725347e-17       4.697787545240e-18 
 2312       1.529818061021e-11       6.608555637835e-13      -1.092980110075e-12       4.336534942020e-15       2.053632077162e-16       1.205328101619e-17       4.651023860027e-18 
 2313       1.528750238100e-11       6.574573209080e-13      -1.093675672125e-12       4.331468534232e-15       2.049978226381e-16       1.200385411696e-17       4.605274925701e-18 
 2314       1.527689309805e-11       6.540492863996e-13      -1.094226476336e-12       4.326411752956e-15       2.046332390934e-16       1.195743489382e-17       4.560576832595e-18 
 2315       1.526634167120e-11       6.506324298179e-13      -1.094632055643e-12       4.321364400750e-15       2.042694551239e-16       1.191406179695e-17       4.516965788606e-18 
 2316       1.525583697137e-11       6.472077241097e-13      -1.094891942338e-12       4.316326279368e-15       2.039064687553e-16       1.187377338872e-17       4.474478119319e-18 
 2317       1.524536783049e-11       6.437761456127e-13      -1.095005668074e-12       4.311297189758e-15       2.035442779977e-16       1.183660834387e-17       4.433150268132e-18 
 2318       1.523492304150e-11       6.403386740592e-13      -1.094972763860e-12       4.306276932059e-15       2.031828808452e-16       1.180260544960e-17       4.393018796381e-18 
 2319       1.522449135824e-11       6.368962925798e-13      -1.094792760068e-12       4.301265305608e-15       2.028222752759e-16       1.177180360564e-17       4.354120383461e-18 
 2320       1.521406149548e-11       6.334499877067e-13      -1.094465186423e-12       4.296262108930e-15       2.024624592522e-16       1.174424182445e-17       4.316491826957e-18 
 2321       1.520362295045e-11       6.300007073286e-13      -1.093989903510e-12       4.291267145728e-15       2.021034307674e-16       1.171994114074e-17       4.280151944180e-18 
 2322       1.519316847349e-11       6.265492342548e-13      -1.093368099536e-12       4.286280242878e-15       2.017451879882e-16       1.169885021542e-17       4.245047151787e-18 
 2323       1.518269161290e-11       6.230963118607e-13      -1.092601299853e-12       4.281301232543e-15       2.013877291131e-16       1.168089938879e-17       4.211105543131e-18 
 2324       1.517218589473e-11       6.196426860672e-13      -1.091691036035e-12       4.276329946201e-15       2.010310523259e-16       1.166601873959e-17       4.178254955393e-18 
 2325       1.516164482276e-11       6.161891053435e-13      -1.090638845885e-12       4.271366214638e-15       2.006751557951e-16       1.165413808473e-17       4.146422969300e-18 
 2326       1.515106187847e-11       6.127363207100e-13      -1.089446273443e-12       4.266409867952e-15       2.003200376741e-16       1.164518697897e-17       4.115536908849e-18 
 2327       1.514043052100e-11       6.092850857409e-13      -1.088114868994e-12       4.261460735552e-15       1.999656961014e-16       1.163909471466e-17       4.085523841029e-18 
 2328       1.512974418715e-11       6.058361565668e-13      -1.086646189073e-12       4.256518646155e-15       1.996121292002e-16       1.163579032144e-17       4.056310575538e-18 
 2329       1.511899629134e-11       6.023902918777e-13      -1.085041796472e-12       4.251583427785e-15       1.992593350785e-16       1.163520256596e-17       4.027823664509e-18 
 2330       1.510818022559e-11       5.989482529254e-13      -1.083303260250e-12       4.246654907775e-15       1.989073118295e-16       1.163725995157e-17       3.999989402230e-18 
 2331       1.509728935950e-11       5.955108035266e-13      -1.081432155737e-12       4.241732912765e-15       1.985560575309e-16       1.164189071804e-17       3.972733824865e-18 
 2332       1.508631704023e-11       5.920787100655e-13      -1.079430064542e-12       4.236817268698e-15       1.982055702452e-16       1.164902284129e-17       3.945982710173e-18 
 2333       1.507525659244e-11       5.886527414961e-13      -1.077298574560e-12       4.231907800825e-15       1.978558480199e-16       1.165858403308e-17       3.919661577233e-18 
 2334       1.506410131834e-11       5.852336693458e-13      -1.075039279981e-12       4.227004333701e-15       1.975068888870e-16       1.167050174071e-17       3.893695686164e-18 
 2335       1.505284449759e-11       5.818222677172e-13      -1.072653781291e-12       4.222106691183e-15       1.971586908636e-16       1.168470314676e-17       3.868010037847e-18 
 2336       1.504147938731e-11       5.784193132914e-13      -1.070143685289e-12       4.217214696431e-15       1.968112519511e-16       1.170111516880e-17       3.842529373642e-18 
 2337       1.502999922206e-11       5.750255853308e-13      -1.067510605083e-12       4.212328171907e-15       1.964645701359e-16       1.171966445905e-17       3.817178175116e-18 
 2338       1.501839721380e-11       5.716418656813e-13      -1.064756160105e-12       4.207446939375e-15       1.961186433890e-16       1.174027740416e-17       3.791880663760e-18 
 2339       1.500666655190e-11       5.682689387754e-13      -1.061881976116e-12       4.202570819899e-15       1.957734696659e-16       1.176288012489e-17       3.766560800711e-18 
 2340       1.499480040305e-11       5.649075916350e-13      -1.058889685209e-12       4.197699633841e-15       1.954290469071e-16       1.178739847581e-17       3.741142286473e-18 
 2341       1.498279191132e-11       5.615586138738e-13      -1.055780925824e-12       4.192833200863e-15       1.950853730374e-16       1.181375804502e-17       3.715548560641e-18 
 2342       1.497063419807e-11       5.582227977005e-13      -1.052557342748e-12       4.187971339925e-15       1.947424459664e-16       1.184188415387e-17       3.689702801618e-18 
 2343       1.495832036194e-11       5.549009379210e-13      -1.049220587123e-12       4.183113869283e-15       1.944002635880e-16       1.187170185665e-17       3.663527926341e-18 
 2344       1.494584347887e-11       5.515938319414e-13      -1.045772316457e-12       4.178260606492e-15       1.940588237811e-16       1.190313594033e-17       3.636946589996e-18 
 2345       1.493319660199e-11       5.483022797708e-13      -1.042214194629e-12       4.173411368399e-15       1.937181244087e-16       1.193611092424e-17       3.609881185748e-18 
 2346       1.492037276171e-11       5.450270840239e-13      -1.038547891894e-12       4.168565971147e-15       1.933781633187e-16       1.197055105982e-17       3.582253844454e-18 
 2347       1.490736496557e-11       5.417690499236e-13      -1.034775084891e-12       4.163724230175e-15       1.930389383431e-16       1.200638033027e-17       3.553986434389e-18 
 2348       1.489416619833e-11       5.385289853043e-13      -1.030897456654e-12       4.158885960212e-15       1.927004472988e-16       1.204352245032e-17       3.525000560966e-18 
 2349       1.488076942187e-11       5.353077006137e-13      -1.026916696612e-12       4.154050975283e-15       1.923626879869e-16       1.208190086593e-17       3.495217566458e-18 
 2350       1.486716757518e-11       5.321060089164e-13      -1.022834500602e-12       4.149219088700e-15       1.920256581930e-16       1.212143875395e-17       3.464558529717e-18 
 2351       1.485335357439e-11       5.289247258962e-13      -1.018652570873e-12       4.144390113070e-15       1.916893556872e-16       1.216205902191e-17       3.432944265899e-18 
 2352       1.483932031265e-11       5.257646698587e-13      -1.014372616095e-12       4.139563860287e-15       1.913537782237e-16       1.220368430766e-17       3.400295326183e-18 
 2353       1.482506066021e-11       5.226266617345e-13      -1.009996351364e-12       4.134740141537e-15       1.910189235416e-16       1.224623697914e-17       3.366531997490e-18 
 2354       1.481056746430e-11       5.195115250815e-13      -1.005525498210e-12       4.129918767292e-15       1.906847893638e-16       1.228963913403e-17       3.331574302212e-18 
 2355       1.479583354918e-11       5.164200860877e-13      -1.000961784603e-12       4.125099547312e-15       1.903513733981e-16       1.233381259952e-17       3.295341997923e-18 
 2356       1.478085171609e-11       5.133531735743e-13      -9.963069449634e-13       4.120282290646e-15       1.900186733360e-16       1.237867893198e-17       3.257754577109e-18 
 2357       1.476561474321e-11       5.103116189979e-13      -9.915627201649e-13       4.115466805626e-15       1.896866868539e-16       1.242415941668e-17       3.218731266885e-18 
 2358       1.475011538564e-11       5.072962564535e-13      -9.867308575438e-13       4.110652899871e-15       1.893554116121e-16       1.247017506753e-17       3.178191028717e-18 
 2359       1.473434637541e-11       5.043079226772e-13      -9.818131109057e-13       4.105840380284e-15       1.890248452553e-16       1.251664662674e-17       3.136052558144e-18 
 2360       1.471830157205e-11       5.013473626927e-13      -9.768113262028e-13       4.101029072376e-15       1.886949855404e-16       1.256351266185e-17       3.092255807475e-18 
 2361       1.470197942232e-11       4.984149461062e-13      -9.717276991339e-13       4.096218878370e-15       1.883658307210e-16       1.261078397997e-17       3.046826700366e-18 
 2362       1.468537952191e-11       4.955109490566e-13      -9.665645191568e-13       4.091409719452e-15       1.880373791655e-16       1.265848955053e-17       2.999812818171e-18 
 2363       1.466850146675e-11       4.926356484131e-13      -9.613240839717e-13       4.086601516486e-15       1.877096292289e-16       1.270665843876e-17       2.951261913606e-18 
 2364       1.465134485301e-11       4.897893217756e-13      -9.560086995300e-13       4.081794190010e-15       1.873825792530e-16       1.275531980580e-17       2.901221910935e-18 
 2365       1.463390927714e-11       4.869722474752e-13      -9.506206800431e-13       4.076987660235e-15       1.870562275665e-16       1.280450290876e-17       2.849740906151e-18 
 2366       1.461619433581e-11       4.841847045755e-13      -9.451623479916e-13       4.072181847048e-15       1.867305724847e-16       1.285423710086e-17       2.796867167168e-18 
 2367       1.459819962595e-11       4.814269728728e-13      -9.396360341339e-13       4.067376670007e-15       1.864056123096e-16       1.290455183152e-17       2.742649133999e-18 
 2368       1.457992474474e-11       4.786993328967e-13      -9.340440775152e-13       4.062572048344e-15       1.860813453299e-16       1.295547664645e-17       2.687135418942e-18 
 2369       1.456136928962e-11       4.760020659114e-13      -9.283888254762e-13       4.057767900965e-15       1.857577698211e-16       1.300704118778e-17       2.630374806769e-18 
 2370       1.454253285827e-11       4.733354539157e-13      -9.226726336625e-13       4.052964146445e-15       1.854348840452e-16       1.305927519411e-17       2.572416254906e-18 
 2371       1.452341504863e-11       4.706997796442e-13      -9.168978660329e-13       4.048160703035e-15       1.851126862509e-16       1.311220850065e-17       2.513308893621e-18 
 2372       1.450401545890e-11       4.680953265678e-13      -9.110668948684e-13       4.043357488654e-15       1.847911746737e-16       1.316587103934e-17       2.453102026207e-18 
 2373       1.448433368752e-11       4.655223788942e-13      -9.051821007814e-13       4.038554420895e-15       1.844703475355e-16       1.322029283887e-17       2.391845129169e-18 
 2374       1.446436933319e-11       4.629812215692e-13      -8.992458727243e-13       4.033751417019e-15       1.841502030448e-16       1.327550402488e-17       2.329587852405e-18 
 2375       1.444412199488e-11       4.604721402766e-13      -8.932606079986e-13       4.028948393959e-15       1.838307393969e-16       1.333153481998e-17       2.266380019394e-18 
 2376       1.442359127181e-11       4.579954214394e-13      -8.872287122635e-13       4.024145268319e-15       1.835119547734e-16       1.338841554389e-17       2.202271627382e-18 
 2377       1.440277676345e-11       4.555513522206e-13      -8.811525995449e-13       4.019341956371e-15       1.831938473425e-16       1.344617661354e-17       2.137312847562e-18 
 2378       1.438167806953e-11       4.531402205235e-13      -8.750346922445e-13       4.014538374056e-15       1.828764152591e-16       1.350484854317e-17       2.071554025264e-18 
 2379       1.436029479005e-11       4.507623149925e-13      -8.688774211485e-13       4.009734436986e-15       1.825596566645e-16       1.356446194440e-17       2.005045680136e-18 
 2380       1.433862652527e-11       4.484179250140e-13      -8.626832254363e-13       4.004930060440e-15       1.822435696864e-16       1.362504752639e-17       1.937838506331e-18 
 2381       1.431667287570e-11       4.461073407170e-13      -8.564545526897e-13       4.000125159364e-15       1.819281524391e-16       1.368663609588e-17       1.869983372692e-18 
 2382       1.429443344213e-11       4.438308529737e-13      -8.501938589018e-13       3.995319648375e-15       1.816134030232e-16       1.374925855732e-17       1.801531322934e-18 
 2383       1.427190782558e-11       4.415887534003e-13      -8.439036084854e-13       3.990513441755e-15       1.812993195260e-16       1.381294591298e-17       1.732533575832e-18 
 2384       1.424909562737e-11       4.393813343576e-13      -8.375862742826e-13       3.985706453453e-15       1.809859000211e-16       1.387772926302e-17       1.663041525407e-18 
 2385       1.422599644907e-11       4.372088889518e-13      -8.312443375732e-13       3.980898597087e-15       1.806731425683e-16       1.394363980562e-17       1.593106741104e-18 
 2386       1.420260989251e-11       4.350717110352e-13      -8.248802880835e-13       3.976089785937e-15       1.803610452141e-16       1.401070883707e-17       1.522780967986e-18 
 2387       1.417893555979e-11       4.329700952067e-13      -8.184966239958e-13       3.971279932954e-15       1.800496059912e-16       1.407896775185e-17       1.452116126910e-18 
 2388       1.415497305329e-11       4.309043368127e-13      -8.120958519564e-13       3.966468950751e-15       1.797388229187e-16       1.414844804279e-17       1.381164314720e-18 
 2389       1.413072197563e-11       4.288747319479e-13      -8.056804870853e-13       3.961656751607e-15       1.794286940020e-16       1.421918130109e-17       1.309977804425e-18 
 2390       1.410618192973e-11       4.268815774555e-13      -7.992530529846e-13       3.956843247466e-15       1.791192172329e-16       1.429119921647e-17       1.238609045389e-18 
 2391       1.408135251875e-11       4.249251709286e-13      -7.928160817476e-13       3.952028349937e-15       1.788103905894e-16       1.436453357728e-17       1.167110663511e-18 
 2392       1.405623334614e-11       4.230058107102e-13      -7.863721139675e-13       3.947211970292e-15       1.785022120359e-16       1.443921627057e-17       1.095535461415e-18 
 2393       1.403082401561e-11       4.211237958944e-13      -7.799236987466e-13       3.942394019467e-15       1.781946795229e-16       1.451527928221e-17       1.023936418631e-18 
 2394       1.400512413115e-11       4.192794263270e-13      -7.734733937048e-13       3.937574408062e-15       1.778877909873e-16       1.459275469695e-17       9.523666917808e-19 
 2395       1.397913329702e-11       4.174730026058e-13      -7.670237649886e-13       3.932753046338e-15       1.775815443521e-16       1.467167469861e-17       8.808796147638e-19 
 2396       1.395285111774e-11       4.157048260819e-13      -7.605773872803e-13       3.927929844221e-15       1.772759375268e-16       1.475207157008e-17       8.095286989410e-19 
 2397       1.392627719814e-11       4.139751988600e-13      -7.541368438065e-13       3.923104711298e-15       1.769709684067e-16       1.483397769349e-17       7.383676333200e-19 
 2398       1.389941114327e-11       4.122844237991e-13      -7.477047263472e-13       3.918277556817e-15       1.766666348735e-16       1.491742555026e-17       6.674502847398e-19 
 2399       1.387225335988e-11       4.106327140864e-13      -7.412834717877e-13       3.913448309426e-15       1.763629349810e-16       1.500242718076e-17       5.968284305963e-19 
 2400       1.384480746573e-11       4.090199213538e-13      -7.348748706681e-13       3.908616976514e-15       1.760598675140e-16       1.508891242582e-17       5.265449415254e-19 
 2401       1.381707789499e-11       4.074458059033e-13      -7.284805556521e-13       3.903783585231e-15       1.757574314326e-16       1.517679030848e-17       4.566405574811e-19 
 2402       1.378906909811e-11       4.059101269822e-13      -7.221021647172e-13       3.898948162783e-15       1.754556256871e-16       1.526596953993e-17       3.871561515537e-19 
 2403       1.376078554193e-11       4.044126427816e-13      -7.157413411597e-13       3.894110736430e-15       1.751544492171e-16       1.535635851914e-17       3.181327301077e-19 
 2404       1.373223170964e-11       4.029531104358e-13      -7.093997336008e-13       3.889271333491e-15       1.748539009525e-16       1.544786533258e-17       2.496114329193e-19 
 2405       1.370341210082e-11       4.015312860206e-13      -7.030789959914e-13       3.884429981337e-15       1.745539798128e-16       1.554039775387e-17       1.816335333140e-19 
 2406       1.367433123146e-11       4.001469245523e-13      -6.967807876180e-13       3.879586707399e-15       1.742546847072e-16       1.563386324346e-17       1.142404383041e-19 
 2407       1.364499363399e-11       3.987997799866e-13      -6.905067731084e-13       3.874741539160e-15       1.739560145348e-16       1.572816894830e-17       4.747368872630e-20 
 2408       1.361540385724e-11       3.974896052172e-13      -6.842586224363e-13       3.869894504162e-15       1.736579681843e-16       1.582322170151e-17      -1.862504062055e-20 
 2409       1.358556646653e-11       3.962161520747e-13      -6.780380109279e-13       3.865045630002e-15       1.733605445344e-16       1.591892802205e-17      -8.401394083815e-20 
 2410       1.355548604365e-11       3.949791713256e-13      -6.718466192663e-13       3.860194944332e-15       1.730637424532e-16       1.601519411441e-17      -1.486510687910e-19 
 2411       1.352516718687e-11       3.937784126709e-13      -6.656861334980e-13       3.855342474862e-15       1.727675607988e-16       1.611192586825e-17      -2.124943469688e-19 
 2412       1.349461451098e-11       3.926136247447e-13      -6.595582450376e-13       3.850488249356e-15       1.724719984189e-16       1.620902885811e-17      -2.755015633489e-19 
 2413       1.346383264730e-11       3.914845551137e-13      -6.534646506735e-13       3.845632295636e-15       1.721770541509e-16       1.630640834306e-17      -3.376303712590e-19 
 2414       1.343282624370e-11       3.903909502752e-13      -6.474070525736e-13       3.840774641580e-15       1.718827268217e-16       1.640396926638e-17      -3.988382892390e-19 
 2415       1.340159996459e-11       3.893325556565e-13      -6.413871582905e-13       3.835915315122e-15       1.715890152482e-16       1.650161625521e-17      -4.590827009039e-19 
 2416       1.337015849098e-11       3.883091156134e-13      -6.354066807672e-13       3.831054344251e-15       1.712959182366e-16       1.659925362027e-17      -5.183208548061e-19 
 2417       1.333850652047e-11       3.873203734292e-13      -6.294673383423e-13       3.826191757014e-15       1.710034345829e-16       1.669678535548e-17      -5.765098642976e-19 
 2418       1.330664876729e-11       3.863660713133e-13      -6.235708547559e-13       3.821327581514e-15       1.707115630729e-16       1.679411513768e-17      -6.336067073929e-19 
 2419       1.327458996228e-11       3.854459504003e-13      -6.177189591545e-13       3.816461845909e-15       1.704203024817e-16       1.689114632625e-17      -6.895682266308e-19 
 2420       1.324233485295e-11       3.845597507485e-13      -6.119133860970e-13       3.811594578416e-15       1.701296515740e-16       1.698778196284e-17      -7.443511289375e-19 
 2421       1.320988820345e-11       3.837072113389e-13      -6.061558755600e-13       3.806725807306e-15       1.698396091044e-16       1.708392477101e-17      -7.979119854883e-19 
 2422       1.317725479466e-11       3.828880700740e-13      -6.004481729432e-13       3.801855560907e-15       1.695501738168e-16       1.717947715589e-17      -8.502072315707e-19 
 2423       1.314443942412e-11       3.821020637765e-13      -5.947920290749e-13       3.796983867606e-15       1.692613444447e-16       1.727434120387e-17      -9.011931664464e-19 
 2424       1.311144690611e-11       3.813489281883e-13      -5.891892002176e-13       3.792110755843e-15       1.689731197111e-16       1.736841868230e-17      -9.508259532137e-19 
 2425       1.307828207164e-11       3.806283979691e-13      -5.836414480733e-13       3.787236254117e-15       1.686854983287e-16       1.746161103911e-17      -9.990616186703e-19 
 2426       1.304494976850e-11       3.799402066954e-13      -5.781505397892e-13       3.782360390982e-15       1.683984789995e-16       1.755381940250e-17      -1.045856053175e-18 
 2427       1.301145486121e-11       3.792840868591e-13      -5.727182479629e-13       3.777483195051e-15       1.681120604152e-16       1.764494458064e-17      -1.091165010512e-18 
 2428       1.297780223111e-11       3.786597698665e-13      -5.673463506480e-13       3.772604694990e-15       1.678262412568e-16       1.773488706132e-17      -1.134944107750e-18 
 2429       1.294399677635e-11       3.780669860371e-13      -5.620366313599e-13       3.767724919526e-15       1.675410201949e-16       1.782354701160e-17      -1.177148825108e-18 
 2430       1.291004341189e-11       3.775054646022e-13      -5.567908790806e-13       3.762843897440e-15       1.672563958895e-16       1.791082427753e-17      -1.217734505815e-18 
 2431       1.287594706954e-11       3.769749337041e-13      -5.516108882648e-13       3.757961657570e-15       1.669723669900e-16       1.799661838379e-17      -1.256656355975e-18 
 2432       1.284171269797e-11       3.764751203944e-13      -5.464984588451e-13       3.753078228812e-15       1.666889321354e-16       1.808082853338e-17      -1.293869444427e-18 
 2433       1.280734526272e-11       3.760057506333e-13      -5.414553962374e-13       3.748193640119e-15       1.664060899540e-16       1.816335360727e-17      -1.329328702609e-18 
 2434       1.277284974624e-11       3.755665492881e-13      -5.364835113468e-13       3.743307920500e-15       1.661238390635e-16       1.824409216409e-17      -1.362988924421e-18 
 2435       1.273823114788e-11       3.751572401321e-13      -5.315846205723e-13       3.738421099020e-15       1.658421780710e-16       1.832294243982e-17      -1.394804766085e-18 
 2436       1.270349448393e-11       3.747775458435e-13      -5.267605458131e-13       3.733533204804e-15       1.655611055730e-16       1.839980234740e-17      -1.424730746008e-18 
 2437       1.266864478762e-11       3.744271880041e-13      -5.220131144737e-13       3.728644267030e-15       1.652806201553e-16       1.847456947649e-17      -1.452721244648e-18 
 2438       1.263368718998e-11       3.741058519053e-13      -5.173439261020e-13       3.723754325079e-15       1.650007204503e-16       1.854718750895e-17      -1.478752573027e-18 
 2439       1.259862716288e-11       3.738130807370e-13      -5.127536507615e-13       3.718863459018e-15       1.647214053083e-16       1.861778577088e-17      -1.502889323391e-18 
 2440       1.256347027747e-11       3.735483807613e-13      -5.082427264563e-13       3.713971759295e-15       1.644426736270e-16       1.868654051807e-17      -1.525218416765e-18 
 2441       1.252822212353e-11       3.733112564450e-13      -5.038115921167e-13       3.709079316616e-15       1.641645242946e-16       1.875362859683e-17      -1.545827070789e-18 
 2442       1.249288830945e-11       3.731012104581e-13      -4.994606875996e-13       3.704186221945e-15       1.638869561897e-16       1.881922744460e-17      -1.564802800024e-18 
 2443       1.245747446229e-11       3.729177436716e-13      -4.951904536896e-13       3.699292566502e-15       1.636099681815e-16       1.888351509059e-17      -1.582233416263e-18 
 2444       1.242198622777e-11       3.727603551562e-13      -4.910013320997e-13       3.694398441768e-15       1.633335591292e-16       1.894667015632e-17      -1.598207028838e-18 
 2445       1.238642927030e-11       3.726285421795e-13      -4.868937654720e-13       3.689503939478e-15       1.630577278827e-16       1.900887185630e-17      -1.612812044925e-18 
 2446       1.235080927298e-11       3.725218002049e-13      -4.828681973783e-13       3.684609151628e-15       1.627824732823e-16       1.907029999860e-17      -1.626137169855e-18 
 2447       1.231513193765e-11       3.724396228895e-13      -4.789250723214e-13       3.679714170472e-15       1.625077941584e-16       1.913113498547e-17      -1.638271407422e-18 
 2448       1.227940298492e-11       3.723815020817e-13      -4.750648357353e-13       3.674819088522e-15       1.622336893320e-16       1.919155781394e-17      -1.649304060187e-18 
 2449       1.224362815411e-11       3.723469278201e-13      -4.712879339863e-13       3.669923998552e-15       1.619601576144e-16       1.925175007646e-17      -1.659324729792e-18 
 2450       1.220781320338e-11       3.723353883310e-13      -4.675948143734e-13       3.665028993590e-15       1.616871978071e-16       1.931189396145e-17      -1.668423317259e-18 
 2451       1.217196390965e-11       3.723463700268e-13      -4.639859251298e-13       3.660134166929e-15       1.614148087019e-16       1.937217225398e-17      -1.676690023308e-18 
 2452       1.213608606868e-11       3.723793575038e-13      -4.604617154229e-13       3.655239612119e-15       1.611429890811e-16       1.943276833632e-17      -1.684215348655e-18 
 2453       1.210018549507e-11       3.724338335407e-13      -4.570226353553e-13       3.650345422969e-15       1.608717377172e-16       1.949386618859e-17      -1.691090094328e-18 
 2454       1.206426802228e-11       3.725092790965e-13      -4.536691359660e-13       3.645451693551e-15       1.606010533730e-16       1.955565038935e-17      -1.697405361970e-18 
 2455       1.202833950265e-11       3.726051733086e-13      -4.504016692303e-13       3.640558518197e-15       1.603309348013e-16       1.961830611620e-17      -1.703252554148e-18 
 2456       1.199240580742e-11       3.727209934906e-13      -4.472206880616e-13       3.635665991497e-15       1.600613807456e-16       1.968201914643e-17      -1.708723374660e-18 
 2457       1.195647282674e-11       3.728562151312e-13      -4.441266463112e-13       3.630774208305e-15       1.597923899393e-16       1.974697585756e-17      -1.713909828843e-18 
 2458       1.192054646970e-11       3.730103118915e-13      -4.411199987698e-13       3.625883263735e-15       1.595239611062e-16       1.981336322802e-17      -1.718904223885e-18 
 2459       1.188463266435e-11       3.731827556035e-13      -4.382012011680e-13       3.620993253163e-15       1.592560929602e-16       1.988136883772e-17      -1.723799169125e-18 
 2460       1.184873735770e-11       3.733730162680e-13      -4.353707101768e-13       3.616104272226e-15       1.589887842055e-16       1.995118086867e-17      -1.728687576367e-18 
 2461       1.181286651578e-11       3.735805620530e-13      -4.326289834088e-13       3.611216416824e-15       1.587220335364e-16       2.002298810558e-17      -1.733662660184e-18 
 2462       1.177702612362e-11       3.738048592913e-13      -4.299764794189e-13       3.606329783118e-15       1.584558396375e-16       2.009697993648e-17      -1.738817938231e-18 
 2463       1.174122218526e-11       3.740453724794e-13      -4.274136577046e-13       3.601444467531e-15       1.581902011835e-16       2.017334635333e-17      -1.744247231544e-18 
 2464       1.170546072384e-11       3.743015642746e-13      -4.249409787076e-13       3.596560566751e-15       1.579251168392e-16       2.025227795263e-17      -1.750044664858e-18 
 2465       1.166974778152e-11       3.745728954938e-13      -4.225589038136e-13       3.591678177728e-15       1.576605852597e-16       2.033396593600e-17      -1.756304666907e-18 
 2466       1.163408941958e-11       3.748588251116e-13      -4.202678953539e-13       3.586797397673e-15       1.573966050899e-16       2.041860211084e-17      -1.763121970736e-18 
 2467       1.159849171840e-11       3.751588102580e-13      -4.180684166057e-13       3.581918324063e-15       1.571331749653e-16       2.050637889090e-17      -1.770591614005e-18 
 2468       1.156296077750e-11       3.754723062168e-13      -4.159609317931e-13       3.577041054637e-15       1.568702935111e-16       2.059748929690e-17      -1.778808939302e-18 
 2469       1.152750271552e-11       3.757987664234e-13      -4.139459060877e-13       3.572165687400e-15       1.566079593427e-16       2.069212695714e-17      -1.787869594446e-18 
 2470       1.149212367029e-11       3.761376424635e-13      -4.120238056094e-13       3.567292320619e-15       1.563461710658e-16       2.079048610812e-17      -1.797869532798e-18 
 2471       1.145682979881e-11       3.764883840706e-13      -4.101950974272e-13       3.562421052827e-15       1.560849272758e-16       2.089276159512e-17      -1.808905013566e-18 
 2472       1.142162727730e-11       3.768504391242e-13      -4.084602495602e-13       3.557551982819e-15       1.558242265584e-16       2.099914887286e-17      -1.821072602117e-18 
 2473       1.138652230119e-11       3.772232536483e-13      -4.068197309777e-13       3.552685209657e-15       1.555640674894e-16       2.110984400604e-17      -1.834469170279e-18 
 2474       1.135152108517e-11       3.776062718089e-13      -4.052740116009e-13       3.547820832669e-15       1.553044486343e-16       2.122504367000e-17      -1.849191896653e-18 
 2475       1.131662986316e-11       3.779989359128e-13      -4.038235623029e-13       3.542958951445e-15       1.550453685491e-16       2.134494515134e-17      -1.865338266920e-18 
 2476       1.128185488839e-11       3.784006864049e-13      -4.024688549098e-13       3.538099665844e-15       1.547868257793e-16       2.146974634847e-17      -1.883006074148e-18 
 2477       1.124720190294e-11       3.788109590906e-13      -4.012100354843e-13       3.533243078489e-15       1.545288187337e-16       2.159956935056e-17      -1.902264919356e-18 
 2478       1.121267454300e-11       3.792291767871e-13      -4.000459420647e-13       3.528389302282e-15       1.542713453019e-16       2.173423067937e-17      -1.923070528500e-18 
 2479       1.117827592422e-11       3.796547576182e-13      -3.989750811211e-13       3.523538452938e-15       1.540144032339e-16       2.187346969042e-17      -1.945349929596e-18 
 2480       1.114400917132e-11       3.800871177853e-13      -3.979959537393e-13       3.518690646486e-15       1.537579902675e-16       2.201702487053e-17      -1.969029906226e-18 
 2481       1.110987741811e-11       3.805256715646e-13      -3.971070556155e-13       3.513845999269e-15       1.535021041278e-16       2.216463383688e-17      -1.994036997282e-18 
 2482       1.107588380745e-11       3.809698313054e-13      -3.963068770504e-13       3.509004627947e-15       1.532467425275e-16       2.231603333616e-17      -2.020297496722e-18 
 2483       1.104203149131e-11       3.814190074284e-13      -3.955939029438e-13       3.504166649496e-15       1.529919031665e-16       2.247095924365e-17      -2.047737453315e-18 
 2484       1.100832363076e-11       3.818726084233e-13      -3.949666127887e-13       3.499332181208e-15       1.527375837325e-16       2.262914656240e-17      -2.076282670400e-18 
 2485       1.097476339597e-11       3.823300408473e-13      -3.944234806662e-13       3.494501340691e-15       1.524837819003e-16       2.279032942227e-17      -2.105858705626e-18 
 2486       1.094135396623e-11       3.827907093228e-13      -3.939629752393e-13       3.489674245871e-15       1.522304953322e-16       2.295424107909e-17      -2.136390870713e-18 
 2487       1.090809852994e-11       3.832540165355e-13      -3.935835597476e-13       3.484851014988e-15       1.519777216779e-16       2.312061391378e-17      -2.167804231193e-18 
 2488       1.087500028466e-11       3.837193632327e-13      -3.932836920016e-13       3.480031766603e-15       1.517254585746e-16       2.328917943141e-17      -2.200023606169e-18 
 2489       1.084206243707e-11       3.841861482210e-13      -3.930618243771e-13       3.475216619593e-15       1.514737036466e-16       2.345966826040e-17      -2.232973568060e-18 
 2490       1.080928820303e-11       3.846537683646e-13      -3.929164038096e-13       3.470405693153e-15       1.512224545057e-16       2.363181015157e-17      -2.266578442355e-18 
 2491       1.077668080752e-11       3.851216185833e-13      -3.928458717887e-13       3.465599106797e-15       1.509717087510e-16       2.380533397725e-17      -2.300762307359e-18 
 2492       1.074424348472e-11       3.855890918504e-13      -3.928486643523e-13       3.460796980355e-15       1.507214639690e-16       2.397996773047e-17      -2.335448993950e-18 
 2493       1.071197947798e-11       3.860555791909e-13      -3.929232120812e-13       3.455999433980e-15       1.504717177333e-16       2.415543852399e-17      -2.370562085326e-18 
 2494       1.067989203982e-11       3.865204696795e-13      -3.930679400935e-13       3.451206588139e-15       1.502224676050e-16       2.433147258945e-17      -2.406024916753e-18 
 2495       1.064798443199e-11       3.869831504386e-13      -3.932812680386e-13       3.446418563624e-15       1.499737111324e-16       2.450779527651e-17      -2.441760575322e-18 
 2496       1.061625992541e-11       3.874430066364e-13      -3.935616100923e-13       3.441635481541e-15       1.497254458509e-16       2.468413105191e-17      -2.477691899693e-18 
 2497       1.058472180023e-11       3.878994214851e-13      -3.939073749503e-13       3.436857463321e-15       1.494776692835e-16       2.486020349863e-17      -2.513741479852e-18 
 2498       1.055337334582e-11       3.883517762385e-13      -3.943169658233e-13       3.432084630712e-15       1.492303789399e-16       2.503573531499e-17      -2.549831656856e-18 
 2499       1.052221786077e-11       3.887994501905e-13      -3.947887804310e-13       3.427317105783e-15       1.489835723176e-16       2.521044831378e-17      -2.585884522586e-18 
 2500       1.049125865293e-11       3.892418206731e-13      -3.953212109966e-13       3.422555010926e-15       1.487372469008e-16       2.538406342133e-17      -2.621821919499e-18 
=======
=======
>>>>>>> 2817b44a (modified the python wrapper manually to make it accept complex types)
    2       1.381676922073e-10       4.179730664567e-15       3.519335898546e-13       2.309814839071e-19       8.236345715484e-09       4.535748655438e-10      -1.842359971483e-12 
    3       1.306696050644e-10       5.354811893491e-15       3.955014342064e-13       4.620580409763e-19       5.068763597778e-09       3.217369154938e-10      -1.394920075648e-12 
    4       1.236017474586e-10       4.629636484021e-15       3.698082815636e-13       7.703061003334e-19       3.524743959263e-09       2.436997857927e-10      -9.127421857635e-13 
    5       1.183100275113e-10       3.087195288368e-15       3.148766270343e-13       1.155847170450e-18       2.631980820294e-09       1.925368525815e-10      -5.069340914643e-13 
    6       1.146812950375e-10       1.726131530524e-15       2.535645249932e-13       1.618828742298e-18       2.056887114197e-09       1.566785141488e-10      -2.081013463412e-13 
    7       1.123168400508e-10       9.336982151493e-16       1.990688070272e-13       2.159421557269e-18       1.660291803439e-09       1.303589812185e-10      -1.764541688822e-14 
    8       1.109367214825e-10       6.038792820564e-16       1.571588739721e-13       2.777816517134e-18       1.372925902204e-09       1.103958592899e-10       7.941422178616e-14 
    9       1.102928438859e-10       4.859033303213e-16       1.291080806329e-13       3.474221327552e-18       1.156601753761e-09       9.490323825684e-11       1.064376999485e-13 
   10       1.101544649381e-10       4.150001788028e-16       1.135879839933e-13       4.248856973076e-18       9.888512733596e-10       8.262925872292e-11       8.927909804014e-14 
   11       1.104629033375e-10       3.497497166316e-16       1.079365493883e-13       5.101954124621e-18       8.333804337332e-10       7.300890478750e-11       5.203124929130e-14 
   12       1.110664366063e-10       3.057951433726e-16       1.090961000076e-13       6.033749579875e-18       7.283489590686e-10       6.455586167159e-11       1.227599630793e-14 
   13       1.119147566366e-10       2.941346296501e-16       1.143823505644e-13       7.044482833151e-18       6.421078082299e-10       5.769182789313e-11      -1.798989760025e-14 
   14       1.129605342743e-10       3.068007351011e-16       1.217750422409e-13       8.134392863958e-18       5.703409159936e-10       5.171510398772e-11      -3.451240734620e-14 
   15       1.141904010498e-10       3.320504838440e-16       1.299846568821e-13       9.303715223313e-18       5.099194133766e-10       4.668819785546e-11      -3.750083237488e-14 
   16       1.155290792444e-10       3.673604415476e-16       1.383481462854e-13       1.055267948402e-17       4.585371756284e-10       4.235496816918e-11      -3.091279892492e-14 
   17       1.170041617993e-10       4.182597556273e-16       1.466476885694e-13       1.188150710625e-17       4.144517857253e-10       3.857283733957e-11      -1.994046106344e-14 
   18       1.185524750539e-10       4.901787603839e-16       1.551403425518e-13       1.329040957286e-17       3.761812867130e-10       3.527412534487e-11      -9.473326934204e-15 
   19       1.201852680445e-10       5.834449651531e-16       1.640479904621e-13       1.477958807592e-17       3.431210243185e-10       3.241157096393e-11      -2.116915704517e-15 
   20       1.218952842197e-10       6.960575459377e-16       1.735112421068e-13       1.634923076471e-17       3.139983640629e-10       2.986963992921e-11       4.178950611157e-16 
   21       1.236840116362e-10       8.273741836121e-16       1.834830205093e-13       1.799951524714e-17       2.883573023668e-10       2.760243577936e-11      -1.297255957968e-15 
   22       1.255253977316e-10       9.769047757784e-16       1.937766148924e-13       1.973060557160e-17       2.655859213097e-10       2.555359994146e-11      -5.508496646903e-15 
   23       1.274243149688e-10       1.144848274245e-15       2.040647638963e-13       2.154265614667e-17       2.453721979242e-10       2.371506539791e-11      -1.047337354514e-14 
   24       1.293744014580e-10       1.331435492212e-15       2.139326706254e-13       2.343580867047e-17       2.272498696015e-10       2.207081453838e-11      -1.433778041730e-14 
   25       1.313776112793e-10       1.536752493775e-15       2.230926170818e-13       2.541019771154e-17       2.110064530035e-10       2.060007437769e-11      -1.626983943018e-14 
   26       1.334226997320e-10       1.761074088623e-15       2.312981866205e-13       2.746594700745e-17       1.963485930984e-10       1.926616049707e-11      -1.593290617791e-14 
   27       1.355046383940e-10       2.006414568405e-15       2.384323891854e-13       2.960317481570e-17       1.831009166042e-10       1.805177774032e-11      -1.394333921664e-14 
   28       1.376116925758e-10       2.275305676428e-15       2.444496955768e-13       3.182199138413e-17       1.710354976839e-10       1.693804729448e-11      -1.130861565947e-14 
   29       1.397530244620e-10       2.569153470166e-15       2.494199900103e-13       3.412250762495e-17       1.600910562280e-10       1.592299984683e-11      -8.694803698399e-15 
   30       1.419330926961e-10       2.888992163614e-15       2.534890341137e-13       3.650482790036e-17       1.501504341163e-10       1.500085398628e-11      -6.780557787818e-15 
   31       1.441458882265e-10       3.235821378997e-15       2.568048516855e-13       3.896904998653e-17       1.410112932876e-10       1.415713188381e-11      -6.191227134693e-15 
   32       1.463944241770e-10       3.610699231735e-15       2.593113028504e-13       4.151527593225e-17       1.326266386103e-10       1.338335400768e-11      -6.736511042996e-15 
   33       1.486758706518e-10       4.014675853311e-15       2.608759674261e-13       4.414360508025e-17       1.249373357281e-10       1.266610190598e-11      -7.873686210809e-15 
   34       1.509804955461e-10       4.448717506462e-15       2.613510258131e-13       4.685413273899e-17       1.178359744087e-10       1.198863675439e-11      -9.001023415592e-15 
   35       1.533104933388e-10       4.913541408587e-15       2.606069886388e-13       4.964695543095e-17       1.112863425460e-10       1.135292792201e-11      -9.838986560203e-15 
   36       1.556660111931e-10       5.409710092741e-15       2.585083911018e-13       5.252216761098e-17       1.052360375386e-10       1.076457457523e-11      -1.017395954622e-14 
   37       1.580429293302e-10       5.937757691590e-15       2.549321660053e-13       5.547985980155e-17       9.960648353167e-11       1.022619703828e-11      -9.836467729510e-15 
   38       1.604452777502e-10       6.498504285902e-15       2.498651400694e-13       5.852011654594e-17       9.438322838331e-11       9.735643985964e-12      -8.978594158147e-15 
   39       1.628757756156e-10       7.092839119703e-15       2.433394654001e-13       6.164301791518e-17       8.954978461610e-11       9.286662022992e-12      -7.892037547050e-15 
   40       1.653317806238e-10       7.721635158023e-15       2.354081275522e-13       6.484864013615e-17       8.506015997085e-11       8.868956346158e-12      -6.939763767092e-15 
   41       1.678080642319e-10       8.385703925465e-15       2.261238478741e-13       6.813705266456e-17       8.085489957780e-11       8.471324101691e-12      -6.460906868821e-15 
   42       1.703075894197e-10       9.085644806692e-15       2.154645178986e-13       7.150830811031e-17       7.692168162840e-11       8.093067886908e-12      -6.437183837272e-15 
   43       1.728332853404e-10       9.821944961414e-15       2.033856006361e-13       7.496244913561e-17       7.325011471978e-11       7.735746926749e-12      -6.725627323543e-15 
   44       1.753846748234e-10       1.059501523959e-14       1.898401081538e-13       7.849951101879e-17       6.981355306544e-11       7.399949445673e-12      -7.146696965477e-15 
   45       1.779594700067e-10       1.140523091342e-14       1.747799307131e-13       8.211951788262e-17       6.657862595077e-11       7.085429917979e-12      -7.524043144653e-15 
   46       1.805597262026e-10       1.225307797744e-14       1.581609733812e-13       8.582247038039e-17       6.354027332892e-11       6.791780160793e-12      -7.823300226020e-15 
   47       1.831869516777e-10       1.313904366895e-14       1.399390675609e-13       8.960835407903e-17       6.069498290525e-11       6.517806986270e-12      -8.050942490726e-15 
   48       1.858401116683e-10       1.406357401865e-14       1.200683000635e-13       9.347714241825e-17       5.803022226102e-11       6.261248815429e-12      -8.216018509937e-15 
   49       1.885154010937e-10       1.502707236400e-14       9.850081956861e-14       9.742879635516e-17       5.552376794514e-11       6.018699435195e-12      -8.330311232592e-15 
   50       1.912084021163e-10       1.602987145180e-14       7.519199965681e-14       1.014632639974e-16       5.315040387342e-11       5.786581709354e-12      -8.408796512810e-15 
   51       1.939217745437e-10       1.707214426765e-14       5.011802908996e-14       1.055804802095e-16       5.090571652086e-11       5.564557182559e-12      -8.470794017267e-15 
   52       1.966592600215e-10       1.815396643247e-14       2.326276166821e-14       1.097803662857e-16       4.878759895944e-11       5.352910184166e-12      -8.539405440122e-15 
   53       1.994233673049e-10       1.927533783322e-14      -5.387165886031e-15       1.140628296038e-16       4.678912963858e-11       5.151552566816e-12      -8.641413368307e-15 
   54       2.022152572009e-10       2.043617989345e-14      -3.584227539386e-14       1.184277632699e-16       4.489824826789e-11       4.959996873068e-12      -8.807455413508e-15 
   55       2.050352901819e-10       2.163638199819e-14      -6.811042657973e-14       1.228750541523e-16       4.310143810190e-11       4.777591359455e-12      -9.062314371727e-15 
   56       2.078850921200e-10       2.287596052706e-14      -1.021975414247e-13       1.274046101372e-16       4.139658652715e-11       4.604354912035e-12      -9.392565100602e-15 
   57       2.107658001921e-10       2.415493454755e-14      -1.381069572307e-13       1.320163390207e-16       3.978275160425e-11       4.440302541057e-12      -9.771195437689e-15 
   58       2.136773578719e-10       2.547327932546e-14      -1.758391562993e-13       1.367101406831e-16       3.825627121234e-11       4.285185426492e-12      -1.016657963515e-14 
   59       2.166184256896e-10       2.683092551053e-14      -2.153917166656e-13       1.414859070600e-16       3.681059502544e-11       4.138474286915e-12      -1.054226740190e-14 
   60       2.195862919928e-10       2.822775832211e-14      -2.567592628330e-13       1.463435221128e-16       3.543611648884e-11       3.999342748386e-12      -1.085677294575e-14 
   61       2.225781329732e-10       2.966353902834e-14      -2.999338498822e-13       1.512828773146e-16       3.412284185755e-11       3.866897565024e-12      -1.107304707294e-14 
   62       2.255953251336e-10       3.113765063026e-14      -3.449063280018e-13       1.563039222341e-16       3.286947750652e-11       3.740967290963e-12      -1.118985522091e-14 
   63       2.286399468482e-10       3.264929338894e-14      -3.916651982126e-13       1.614066253054e-16       3.167609348668e-11       3.621461927705e-12      -1.121710026649e-14 
   64       2.317134690035e-10       3.419755427978e-14      -4.401961712082e-13       1.665909597700e-16       3.054138999292e-11       3.508133069096e-12      -1.116685533952e-14 
   65       2.348167085688e-10       3.578140371266e-14      -4.904821318402e-13       1.718569041395e-16       2.946261935831e-11       3.400565102625e-12      -1.105346010106e-14 
   66       2.379497821688e-10       3.739969225196e-14      -5.425031036031e-13       1.772044426593e-16       2.843550804831e-11       3.298166410719e-12      -1.089361702166e-14 
   67       2.411120596542e-10       3.905114733671e-14      -5.962362131197e-13       1.826335657715e-16       2.745417865495e-11       3.200160572040e-12      -1.070648765957e-14 
   68       2.443027705031e-10       4.073450482493e-14      -6.516572493712e-13       1.881442787269e-16       2.651272027929e-11       3.105785656904e-12      -1.051011190236e-14 
   69       2.475230694877e-10       4.244894191000e-14      -7.087457876538e-13       1.937366284124e-16       2.561044354645e-11       3.014958674265e-12      -1.030960795035e-14 
   70       2.507743080828e-10       4.419372643537e-14      -7.674810448402e-13       1.994106828166e-16       2.474755515440e-11       2.927730571402e-12      -1.010674331187e-14 
   71       2.540573894711e-10       4.596808999706e-14      -8.278403816750e-13       2.051665240218e-16       2.392356849418e-11       2.844086637932e-12      -9.903402482016e-15 
   72       2.573727388113e-10       4.777122811191e-14      -8.897993080464e-13       2.110042488751e-16       2.313726780244e-11       2.763943029196e-12      -9.701589179081e-15 
   73       2.607202735056e-10       4.960230038587e-14      -9.533314882569e-13       2.169239696603e-16       2.238667231383e-11       2.687143289669e-12      -9.503428580883e-15 
   74       2.640993734675e-10       5.146043068227e-14      -1.018408746295e-12       2.229258147697e-16       2.166900041351e-11       2.613454876345e-12      -9.311169561161e-15 
   75       2.675088513903e-10       5.334470729012e-14      -1.085001071108e-12       2.290099293754e-16       2.098063378962e-11       2.542565682143e-12      -9.127186925950e-15 
   76       2.709475405922e-10       5.525411947093e-14      -1.153076226462e-12       2.351764688372e-16       2.031801590928e-11       2.474166170603e-12      -8.953670769176e-15 
   77       2.744162480343e-10       5.718735336871e-14      -1.222598486742e-12       2.414255760534e-16       1.968061584160e-11       2.408220756609e-12      -8.791624197064e-15 
   78       2.779161050827e-10       5.914295901601e-14      -1.293529679129e-12       2.477574011809e-16       1.906844228539e-11       2.344739826888e-12      -8.641686047833e-15 
   79       2.814479647329e-10       6.111940953578e-14      -1.365829555761e-12       2.541721090467e-16       1.848114077408e-11       2.283696825711e-12      -8.504423446367e-15 
   80       2.850123845417e-10       6.311510000499e-14      -1.439455790902e-12       2.606698796707e-16       1.791797698720e-11       2.225026533826e-12      -8.380327624710e-15 
   81       2.886096095591e-10       6.512834631838e-14      -1.514363978099e-12       2.672509087882e-16       1.737782006196e-11       2.168623347379e-12      -8.269809742575e-15 
   82       2.922395552600e-10       6.715738405206e-14      -1.590507627349e-12       2.739154083725e-16       1.685912590475e-11       2.114339556843e-12      -8.173196707840e-15 
   83       2.959017904759e-10       6.920036732723e-14      -1.667838162262e-12       2.806636071577e-16       1.635992050265e-11       2.061983625946e-12      -8.090726997053e-15 
   84       2.995958198459e-10       7.125543789669e-14      -1.746305442240e-12       2.874957476185e-16       1.587827981181e-11       2.011367990215e-12      -8.022276798661e-15 
   85       3.033220223564e-10       7.332094805286e-14      -1.825859434687e-12       2.944120751883e-16       1.541389738548e-11       1.962465327073e-12      -7.966495434588e-15 
   86       3.070808378210e-10       7.539527276163e-14      -1.906448816107e-12       3.014128482037e-16       1.496674723632e-11       1.915275156961e-12      -7.921518280562e-15 
   87       3.108724693385e-10       7.747674276828e-14      -1.988020477630e-12       3.084983417448e-16       1.453660214613e-11       1.869775751375e-12      -7.885215116341e-15 
   88       3.146968712586e-10       7.956364464141e-14      -2.070519531000e-12       3.156688480980e-16       1.412302532321e-11       1.825923244052e-12      -7.855181413823e-15 
   89       3.185537371471e-10       8.165422081681e-14      -2.153889314564e-12       3.229246772197e-16       1.372536205971e-11       1.783650742160e-12      -7.828729625160e-15 
   90       3.224424877527e-10       8.374666964135e-14      -2.238071399257e-12       3.302661571989e-16       1.334273138900e-11       1.742867437485e-12      -7.802880470866e-15 
   91       3.263622589717e-10       8.583914541686e-14      -2.323005594588e-12       3.376936347203e-16       1.297401774300e-11       1.703457717625e-12      -7.774354227927e-15 
   92       3.303118898143e-10       8.792975844403e-14      -2.408629954632e-12       3.452074755280e-16       1.261786260954e-11       1.665280277172e-12      -7.739562017917e-15 
   93       3.342902742859e-10       9.001660325238e-14      -2.494881654564e-12       3.528080726503e-16       1.227298692423e-11       1.628202673503e-12      -7.695431825003e-15 
   94       3.382975037096e-10       9.209784805162e-14      -2.581699758090e-12       3.604958714859e-16       1.193923183175e-11       1.592212869746e-12      -7.642047583206e-15 
   95       3.423338747582e-10       9.417165887749e-14      -2.669022879243e-12       3.682713493647e-16       1.161665975879e-11       1.557322902620e-12      -7.580392747528e-15 
   96       3.463995339025e-10       9.623617302949e-14      -2.756788366618e-12       3.761350086835e-16       1.130523387491e-11       1.523534535740e-12      -7.511553639816e-15 
   97       3.504944703719e-10       9.828949950163e-14      -2.844932321303e-12       3.840873774759e-16       1.100481428990e-11       1.490838857351e-12      -7.436722195071e-15 
   98       3.546185091161e-10       1.003297194133e-13      -2.933389614822e-12       3.921290099819e-16       1.071515425101e-11       1.459215878058e-12      -7.357198707761e-15 
   99       3.587713037658e-10       1.023548864398e-13      -3.022093907066e-12       4.002604872173e-16       1.043589634032e-11       1.428634128556e-12      -7.274394578132e-15 
  100       3.629523295941e-10       1.043630272437e-13      -3.110977664234e-12       4.084824175438e-16       1.016656867193e-11       1.399050257363e-12      -7.189835058519e-15 
  101       3.671608764775e-10       1.063521419050e-13      -3.199972176770e-12       4.167954372384e-16       9.906581089356e-12       1.370408628551e-12      -7.105161999657e-15 
  102       3.713960418572e-10       1.083202043523e-13      -3.289007577295e-12       4.252002110631e-16       9.655221362736e-12       1.342640919475e-12      -7.022136596991e-15 
  103       3.756567237000e-10       1.102651627935e-13      -3.378012858553e-12       4.336974328344e-16       9.411651386174e-12       1.315665718507e-12      -6.942642136992e-15 
  104       3.799418516588e-10       1.121849912666e-13      -3.466916449698e-12       4.422878058712e-16       9.175097196261e-12       1.289407660668e-12      -6.868279947646e-15 
  105       3.842511312767e-10       1.140778512952e-13      -3.555647995225e-12       4.509719801020e-16       8.945456451784e-12       1.263858644891e-12      -6.799089173356e-15 
  106       3.885843876600e-10       1.159419529752e-13      -3.644136850908e-12       4.597506074839e-16       8.722766308363e-12       1.239024174875e-12      -6.734658375116e-15 
  107       3.929413318873e-10       1.177755067852e-13      -3.732311570680e-12       4.686243617108e-16       8.507015272556e-12       1.214904374333e-12      -6.674515179875e-15 
  108       3.973215565895e-10       1.195767245793e-13      -3.820099930711e-12       4.775939385617e-16       8.298141529061e-12       1.191493799428e-12      -6.618124556567e-15 
  109       4.017245315275e-10       1.213438205794e-13      -3.907428953474e-12       4.866600562491e-16       8.096031267907e-12       1.168781251207e-12      -6.564887092135e-15 
  110       4.061495991713e-10       1.230750123679e-13      -3.994224931823e-12       4.958234557681e-16       7.900517011650e-12       1.146749588033e-12      -6.514137267563e-15 
  111       4.105959702788e-10       1.247685218801e-13      -4.080413453063e-12       5.050849012443e-16       7.711375942569e-12       1.125375538020e-12      -6.465141733899e-15 
  112       4.150627194745e-10       1.264225763970e-13      -4.165919423024e-12       5.144451802827e-16       7.528328229859e-12       1.104629511464e-12      -6.417097588285e-15 
  113       4.195487808281e-10       1.280354095376e-13      -4.250667090134e-12       5.239051043162e-16       7.351035356830e-12       1.084475413280e-12      -6.369130649984e-15 
  114       4.240529434331e-10       1.296052622518e-13      -4.334580069490e-12       5.334655089541e-16       7.179098448097e-12       1.064870455431e-12      -6.320293736409e-15 
  115       4.285738469858e-10       1.311303838124e-13      -4.417581366934e-12       5.431272543306e-16       7.012056596781e-12       1.045764969365e-12      -6.269564939147e-15 
  116       4.331101734371e-10       1.326090804397e-13      -4.499594351759e-12       5.528911995173e-16       6.849487924182e-12       1.027113288060e-12      -6.216065282859e-15 
  117       4.376612578347e-10       1.340398657575e-13      -4.580545757544e-12       5.627581214866e-16       6.691330274436e-12       1.008908294153e-12      -6.159745409621e-15 
  118       4.422265437911e-10       1.354213305789e-13      -4.660363093072e-12       5.727287869044e-16       6.537596550493e-12       9.911507395400e-13      -6.100779533706e-15 
  119       4.468053913973e-10       1.367520983092e-13      -4.738973758439e-12       5.828039773023e-16       6.388274714248e-12       9.738384628916e-13      -6.039353742404e-15 
  120       4.513970745346e-10       1.380308263603e-13      -4.816305077520e-12       5.929844891973e-16       6.243327022068e-12       9.569662999569e-13      -5.975666211778e-15 
  121       4.560007781874e-10       1.392562075639e-13      -4.892284330426e-12       6.032711342108e-16       6.102689260321e-12       9.405259938734e-13      -5.909927422415e-15 
  122       4.606155957556e-10       1.404269715854e-13      -4.966838785968e-12       6.136647391876e-16       5.966269980902e-12       9.245061054743e-13      -5.842360375178e-15 
  123       4.652405263665e-10       1.415418863377e-13      -5.039895734112e-12       6.241661463154e-16       5.833949736766e-12       9.088919235968e-13      -5.773200806959e-15 
  124       4.698744721875e-10       1.425997593946e-13      -5.111382518445e-12       6.347762132440e-16       5.705580317451e-12       8.936653753901e-13      -5.702697406430e-15 
  125       4.745162357384e-10       1.435994394048e-13      -5.181226568632e-12       6.454958132044e-16       5.580983984610e-12       8.788049366228e-13      -5.631112029797e-15 
  126       4.791645172037e-10       1.445398175055e-13      -5.249355432878e-12       6.563258351281e-16       5.459952707538e-12       8.642855419917e-13      -5.558719916552e-15 
  127       4.838179117448e-10       1.454198287359e-13      -5.315696810386e-12       6.672671837663e-16       5.342247398699e-12       8.500784954291e-13      -5.485809905223e-15 
  128       4.884749068125e-10       1.462384534511e-13      -5.380178583821e-12       6.783207798091e-16       5.227597149259e-12       8.361513804109e-13      -5.412684649130e-15 
  129       4.931340337657e-10       1.469947591283e-13      -5.442729557664e-12       6.894875327090e-16       5.115757458470e-12       8.224756553940e-13      -5.339617322648e-15 
  130       4.977943472417e-10       1.476880279664e-13      -5.503281695919e-12       7.007682555258e-16       5.006693767851e-12       8.090505727051e-13      -5.266715911982e-15 
  131       5.024549935391e-10       1.483176460210e-13      -5.561768192373e-12       7.121637409221e-16       4.900416709966e-12       7.958817262983e-13      -5.194044375351e-15 
  132       5.071150594570e-10       1.488830657528e-13      -5.618122823844e-12       7.236747875460e-16       4.796924580388e-12       7.829735674749e-13      -5.121664723327e-15 
  133       5.117735707125e-10       1.493838077298e-13      -5.672279987696e-12       7.353021999552e-16       4.696202995368e-12       7.703293701835e-13      -5.049636923241e-15 
  134       5.164294903560e-10       1.498194623310e-13      -5.724174739348e-12       7.470467885412e-16       4.598224549501e-12       7.579511963195e-13      -4.978018803609e-15 
  135       5.210817171885e-10       1.501896914480e-13      -5.773742829784e-12       7.589093694525e-16       4.502948473392e-12       7.458398610258e-13      -4.906865958535e-15 
  136       5.257290841780e-10       1.504942301887e-13      -5.820920743071e-12       7.708907645194e-16       4.410320291326e-12       7.339948979919e-13      -4.836231652133e-15 
  137       5.303703568758e-10       1.507328885793e-13      -5.865645733863e-12       7.829918011771e-16       4.320271478931e-12       7.224145247543e-13      -4.766166722938e-15 
  138       5.350042318329e-10       1.509055532676e-13      -5.907855864918e-12       7.952133123899e-16       4.232719120845e-12       7.110956079967e-13      -4.696719488321e-15 
  139       5.396293350169e-10       1.510121892254e-13      -5.947490044605e-12       8.075561365755e-16       4.147565568388e-12       7.000336288492e-13      -4.627935648903e-15 
  140       5.442442202282e-10       1.510528414512e-13      -5.984488064420e-12       8.200211175282e-16       4.064698097222e-12       6.892226481889e-13      -4.559858192971e-15 
  141       5.488473675166e-10       1.510276366733e-13      -6.018790636495e-12       8.326091043432e-16       3.983988565023e-12       6.786552719397e-13      -4.492527300888e-15 
  142       5.534371815976e-10       1.509367850519e-13      -6.050339431110e-12       8.453209513406e-16       3.905293069146e-12       6.683226163719e-13      -4.425980249513e-15 
  143       5.580119902695e-10       1.507805818826e-13      -6.079077114203e-12       8.581575179890e-16       3.828451604291e-12       6.582142734027e-13      -4.360251316611e-15 
  144       5.625701802967e-10       1.505594209195e-13      -6.104947931267e-12       8.711196184681e-16       3.753321610156e-12       6.483205360953e-13      -4.295362599094e-15 
  145       5.671106235042e-10       1.502738322335e-13      -6.127899444717e-12       8.842078649121e-16       3.679883064606e-12       6.386393956927e-13      -4.231295649334e-15 
  146       5.716322898759e-10       1.499244513407e-13      -6.147881039905e-12       8.974228084956e-16       3.608143148760e-12       6.291701716459e-13      -4.168016847848e-15 
  147       5.761341130730e-10       1.495120096704e-13      -6.164843434415e-12       9.107649880451e-16       3.538103141085e-12       6.199112918378e-13      -4.105486091886e-15 
  148       5.806149896400e-10       1.490373363344e-13      -6.178738718710e-12       9.242349296735e-16       3.469758269842e-12       6.108602708727e-13      -4.043656647624e-15 
  149       5.850737782116e-10       1.485013598969e-13      -6.189520396786e-12       9.378331464143e-16       3.403097565516e-12       6.020136883662e-13      -3.982475002363e-15 
  150       5.895092987191e-10       1.479051101437e-13      -6.197143426824e-12       9.515601378564e-16       3.338103713256e-12       5.933671672341e-13      -3.921880716718e-15 
  151       5.939203315969e-10       1.472497198518e-13      -6.201564261842e-12       9.654163897785e-16       3.274752905312e-12       5.849153519829e-13      -3.861806276819e-15 
  152       5.983056169893e-10       1.465364265590e-13      -6.202740890342e-12       9.794023737835e-16       3.213014693471e-12       5.766518869986e-13      -3.802176946499e-15 
  153       6.026638539568e-10       1.457665743333e-13      -6.200632876968e-12       9.935185469328e-16       3.152851841494e-12       5.685693948369e-13      -3.742910619497e-15 
  154       6.069936996827e-10       1.449416155425e-13      -6.195201403156e-12       1.007765351381e-15       3.094220177555e-12       5.606594545123e-13      -3.683917671646e-15 
  155       6.112937686796e-10       1.440631126237e-13      -6.186409307781e-12       1.022143214011e-15       3.037068446673e-12       5.529125797880e-13      -3.625100813073e-15 
  156       6.155626319962e-10       1.431327398529e-13      -6.174221127816e-12       1.036652546067e-15       2.981338163154e-12       5.453181974657e-13      -3.566354940389e-15 
  157       6.197988164235e-10       1.421522851142e-13      -6.158603138977e-12       1.051293742790e-15       2.926963463026e-12       5.378646256745e-13      -3.507566988888e-15 
  158       6.240008037014e-10       1.411236516697e-13      -6.139523396380e-12       1.066067183051e-15       2.873870956474e-12       5.305390521613e-13      -3.448615784740e-15 
  159       6.281670297256e-10       1.400488599289e-13      -6.116951775188e-12       1.080973228989e-15       2.821979580282e-12       5.233275125797e-13      -3.389371897187e-15 
  160       6.322958837538e-10       1.389300492181e-13      -6.090860011267e-12       1.096012225641e-15       2.771200450262e-12       5.162148687802e-13      -3.329697490736e-15 
  161       6.363858173577e-10       1.377694301550e-13      -6.061221581566e-12       1.111184463686e-15       2.721455072907e-12       5.091881382136e-13      -3.269481286118e-15 
  162       6.404356837733e-10       1.365691333244e-13      -6.028011248041e-12       1.126490064738e-15       2.672732099964e-12       5.022468585931e-13      -3.208747227842e-15 
  163       6.444444271838e-10       1.353313505401e-13      -5.991205550905e-12       1.141929085160e-15       2.625035334162e-12       4.953936025822e-13      -3.147555188659e-15 
  164       6.484109753866e-10       1.340583845661e-13      -5.950783004861e-12       1.157501551521e-15       2.578365758822e-12       4.886307028745e-13      -3.085966738719e-15 
  165       6.523342395049e-10       1.327526506591e-13      -5.906724139025e-12       1.173207460051e-15       2.532721474758e-12       4.819602459016e-13      -3.024045159295e-15 
  166       6.562131136993e-10       1.314166781105e-13      -5.859011536831e-12       1.189046776114e-15       2.488097637181e-12       4.753840655406e-13      -2.961855456511e-15 
  167       6.600464748791e-10       1.300531117891e-13      -5.807629875952e-12       1.205019433669e-15       2.444486392609e-12       4.689037368218e-13      -2.899464375066e-15 
  168       6.638331824138e-10       1.286647136826e-13      -5.752565968209e-12       1.221125334733e-15       2.401876815769e-12       4.625205696363e-13      -2.836940411962e-15 
  169       6.675720778447e-10       1.272543644408e-13      -5.693808799491e-12       1.237364348851e-15       2.360254846504e-12       4.562356024437e-13      -2.774353830224e-15 
  170       6.712619845961e-10       1.258250649171e-13      -5.631349569665e-12       1.253736312556e-15       2.319603226675e-12       4.500495959799e-13      -2.711776672637e-15 
  171       6.749017076873e-10       1.243799377111e-13      -5.565181732491e-12       1.270241028835e-15       2.279901437071e-12       4.439630269643e-13      -2.649282775459e-15 
  172       6.784900334432e-10       1.229222287106e-13      -5.495301035537e-12       1.286878266595e-15       2.241125634311e-12       4.379760818080e-13      -2.586947782157e-15 
  173       6.820257292067e-10       1.214553086345e-13      -5.421705560095e-12       1.303647760127e-15       2.203248587752e-12       4.320886503212e-13      -2.524849157129e-15 
  174       6.855075430496e-10       1.199826745742e-13      -5.344395761091e-12       1.320549208569e-15       2.166239616390e-12       4.263003194207e-13      -2.463066199427e-15 
  175       6.889342034841e-10       1.185079515364e-13      -5.263374507004e-12       1.337582275374e-15       2.130064525770e-12       4.206103668379e-13      -2.401680056489e-15 
  176       6.923044191747e-10       1.170348939853e-13      -5.178647119776e-12       1.354746587773e-15       2.094685544888e-12       4.150177548261e-13      -2.340773737860e-15 
  177       6.956168786491e-10       1.155673873846e-13      -5.090221414730e-12       1.372041736237e-15       2.060061263099e-12       4.095211238684e-13      -2.280432128921e-15 
  178       6.988702500100e-10       1.141094497402e-13      -4.998107740481e-12       1.389467273949e-15       2.026146567019e-12       4.041187863853e-13      -2.220742004613e-15 
  179       7.020631806466e-10       1.126652331419e-13      -4.902319018854e-12       1.407022716261e-15       1.992892577435e-12       3.988087204423e-13      -2.161792043163e-15 
  180       7.051943865907e-10       1.112388762598e-13      -4.802869413228e-12       1.424707520222e-15       1.960256441146e-12       3.935890337692e-13      -2.103655889825e-15 
  181       7.082629291318e-10       1.098340454991e-13      -4.699770131831e-12       1.442521022448e-15       1.928231708685e-12       3.884594102079e-13      -2.046339813981e-15 
  182       7.112679596867e-10       1.084543602489e-13      -4.593033366733e-12       1.460462495276e-15       1.896820255732e-12       3.834197664248e-13      -1.989830908068e-15 
  183       7.142086321722e-10       1.071035396373e-13      -4.482673670043e-12       1.478531165649e-15       1.866022618557e-12       3.784697874034e-13      -1.934113615313e-15 
  184       7.170841030465e-10       1.057854035247e-13      -4.368707988775e-12       1.496726214517e-15       1.835837967224e-12       3.736089218842e-13      -1.879169681029e-15 
  185       7.198935313511e-10       1.045038734972e-13      -4.251155699707e-12       1.515046776220e-15       1.806264078793e-12       3.688363778051e-13      -1.824978103910e-15 
  186       7.226360787522e-10       1.032629738594e-13      -4.130038644248e-12       1.533491937885e-15       1.777297310530e-12       3.641511177408e-13      -1.771515087325e-15 
  187       7.253109095826e-10       1.020668326284e-13      -4.005381163298e-12       1.552060738814e-15       1.748932573100e-12       3.595518543430e-13      -1.718753990614e-15 
  188       7.279171908829e-10       1.009196825264e-13      -3.877210132111e-12       1.570752169875e-15       1.721163303781e-12       3.550370457803e-13      -1.666665280382e-15 
  189       7.304540924440e-10       9.982586197456e-14      -3.745554995155e-12       1.589565172898e-15       1.693981439659e-12       3.506048911780e-13      -1.615216481795e-15 
  190       7.329207868478e-10       9.878981608580e-14      -3.610447800978e-12       1.608498640059e-15       1.667377390838e-12       3.462533260583e-13      -1.564372129874e-15 
  191       7.353164495095e-10       9.781609765838e-14      -3.471923237071e-12       1.627551413277e-15       1.641340013637e-12       3.419800177797e-13      -1.514093720793e-15 
  192       7.376402587190e-10       9.690936816913e-14      -3.330018664726e-12       1.646722283605e-15       1.615856583799e-12       3.377823609776e-13      -1.464339663170e-15 
  193       7.398913956824e-10       9.607439876667e-14      -3.184774153903e-12       1.666009990616e-15       1.590912769693e-12       3.336574730037e-13      -1.415065229363e-15 
  194       7.420690445643e-10       9.531607126476e-14      -3.036232518088e-12       1.685413221801e-15       1.566492605515e-12       3.296021893662e-13      -1.366222506767e-15 
  195       7.441723925286e-10       9.463937913552e-14      -2.884439349162e-12       1.704930611956e-15       1.542578464494e-12       3.256130591695e-13      -1.317760349108e-15 
  196       7.462006297807e-10       9.404942850279e-14      -2.729443052255e-12       1.724560742576e-15       1.519151032093e-12       3.216863405545e-13      -1.269624327736e-15 
  197       7.481529496090e-10       9.355143913536e-14      -2.571294880617e-12       1.744302141242e-15       1.496189279217e-12       3.178179961379e-13      -1.221756682923e-15 
  198       7.500285484267e-10       9.315074544026e-14      -2.410048970475e-12       1.764153281018e-15       1.473670435411e-12       3.140036884528e-13      -1.174096275158e-15 
  199       7.518266258130e-10       9.285279745608e-14      -2.245762375896e-12       1.784112579838e-15       1.451569962067e-12       3.102387753883e-13      -1.126578536438e-15 
  200       7.535463845555e-10       9.266316184619e-14      -2.078495103651e-12       1.804178399899e-15       1.429861525626e-12       3.065183056294e-13      -1.079135421568e-15 
  201       7.551870884672e-10       9.258725637801e-14      -1.908307026862e-12       1.824349078996e-15       1.408522156005e-12       3.028380023806e-13      -1.031710995209e-15 
  202       7.567482403558e-10       9.262953015888e-14      -1.735248307756e-12       1.844623028286e-15       1.387548188225e-12       2.991973023269e-13      -9.843095350730e-16 
  203       7.582294168627e-10       9.279422669088e-14      -1.559368357230e-12       1.864998640341e-15       1.366940409159e-12       2.955965252077e-13      -9.369507748689e-16 
  204       7.596302120398e-10       9.308564532612e-14      -1.380718920058e-12       1.885474257323e-15       1.346698963264e-12       2.920359034154e-13      -8.896545748977e-16 
  205       7.609502375628e-10       9.350814147234e-14      -1.199354100523e-12       1.906048170467e-15       1.326823341101e-12       2.885155803564e-13      -8.424409195617e-16 
  206       7.621891229427e-10       9.406612679850e-14      -1.015330388056e-12       1.926718619566e-15       1.307312367872e-12       2.850356088113e-13      -7.953299148707e-16 
  207       7.633465157389e-10       9.476406944042e-14      -8.287066828763e-13       1.947483792462e-15       1.288164191944e-12       2.815959492964e-13      -7.483417859491e-16 
  208       7.644220817714e-10       9.560649420630e-14      -6.395443216264e-13       1.968341824526e-15       1.269376273376e-12       2.781964684240e-13      -7.014968745424e-16 
  209       7.654155053332e-10       9.659798278240e-14      -4.479071030108e-13       1.989290798146e-15       1.250945372453e-12       2.748369372638e-13      -6.548156365242e-16 
  210       7.663264894025e-10       9.774317393856e-14      -2.538613134332e-13       2.010328742212e-15       1.232867538208e-12       2.715170297029e-13      -6.083186394027e-16 
  211       7.671547558556e-10       9.904676373386e-14      -5.747575263463e-14       2.031453631604e-15       1.215138096957e-12       2.682363208074e-13      -5.620265598278e-16 
  212       7.679000456789e-10       1.005135057222e-13       1.411782406693e-13       2.052663386674e-15       1.197751640820e-12       2.649942851827e-13      -5.159601810979e-16 
  213       7.685621191814e-10       1.021482111578e-13       3.420267631504e-13       2.073955872735e-15       1.180702016258e-12       2.617902953345e-13      -4.701403906664e-16 
  214       7.691407562072e-10       1.039557492010e-13       5.449933212304e-13       2.095328899546e-15       1.163982312593e-12       2.586236200298e-13      -4.245881776486e-16 
  215       7.696357563478e-10       1.059410471237e-13       7.499988054434e-13       2.116780220793e-15       1.147584850544e-12       2.554934226574e-13      -3.793246303287e-16 
  216       7.700469391547e-10       1.081090905149e-13       9.569614647981e-13       2.138307533584e-15       1.131501170749e-12       2.523987595888e-13      -3.343709336665e-16 
  217       7.703741443516e-10       1.104649234866e-13       1.165796881140e-12       2.159908477926e-15       1.115722022297e-12       2.493385785392e-13      -2.897483668039e-16 
  218       7.706172320471e-10       1.130136488789e-13       1.376417943514e-12       2.181580636216e-15       1.100237351258e-12       2.463117169279e-13      -2.454783005722e-16 
  219       7.707760829465e-10       1.157604284663e-13       1.588734822526e-12       2.203321532722e-15       1.085036289206e-12       2.433169002398e-13      -2.015821949985e-16 
  220       7.708505985650e-10       1.187104831624e-13       1.802654944707e-12       2.225128633075e-15       1.070107141753e-12       2.403527403854e-13      -1.580815968125e-16 
  221       7.708407014397e-10       1.218690932264e-13       2.018082966873e-12       2.246999343748e-15       1.055437377076e-12       2.374177340624e-13      -1.149981369537e-16 
  222       7.707463353419e-10       1.252415984680e-13       2.234920750490e-12       2.268931011549e-15       1.041013614442e-12       2.345102611159e-13      -7.235352807757e-17 
  223       7.705674654898e-10       1.288333984533e-13       2.453067336033e-12       2.290920923097e-15       1.026821612741e-12       2.316285828995e-13      -3.016956206290e-17 
  224       7.703040977341e-10       1.326495855227e-13       2.672424247472e-12       2.312966412704e-15       1.012849025739e-12       2.287712864554e-13       1.153538290438e-17 
  225       7.699563370462e-10       1.366938172044e-13       2.892911837708e-12       2.335065194748e-15       9.990938884120e-13       2.259386521773e-13       5.275706540830e-17 
  226       7.695243332018e-10       1.409693716923e-13       3.114453944559e-12       2.357215051676e-15       9.855566540985e-13       2.231313709188e-13       9.349535207058e-17 
  227       7.690082624025e-10       1.454795078522e-13       3.336972642240e-12       2.379413727277e-15       9.722374719642e-13       2.203501055035e-13       1.337507998451e-16 
  228       7.684083275324e-10       1.502274645526e-13       3.560388228411e-12       2.401658926434e-15       9.591361821181e-13       2.175954901481e-13       1.735246668217e-16 
  229       7.677247584166e-10       1.552164599966e-13       3.784619211238e-12       2.423948314861e-15       9.462523107288e-13       2.148681298844e-13       2.128189230300e-16 
  230       7.669578120781e-10       1.604496910527e-13       4.009582296440e-12       2.446279518848e-15       9.335850651399e-13       2.121685999813e-13       2.516362612427e-16 
  231       7.661077729956e-10       1.659303325869e-13       4.235192374343e-12       2.468650125010e-15       9.211333289864e-13       2.094974453675e-13       2.899801077801e-16 
  232       7.651749533614e-10       1.716615367930e-13       4.461362506937e-12       2.491057680024e-15       9.088956573101e-13       2.068551800539e-13       3.278546333130e-16 
  233       7.641596933384e-10       1.776464325249e-13       4.688003914924e-12       2.513499690376e-15       8.968702716759e-13       2.042422865552e-13       3.652647636671e-16 
  234       7.630623613182e-10       1.838881246276e-13       4.915025964773e-12       2.535973622104e-15       8.850550552875e-13       2.016592153128e-13       4.022161906261e-16 
  235       7.618833541784e-10       1.903896932681e-13       5.142336155777e-12       2.558476900544e-15       8.734475481034e-13       1.991063841171e-13       4.387153827363e-16 
  236       7.606230975405e-10       1.971541932674e-13       5.369840107099e-12       2.581006910071e-15       8.620449419528e-13       1.965841775293e-13       4.747695961093e-16 
  237       7.592820460270e-10       2.041846534317e-13       5.597441544829e-12       2.603560993841e-15       8.508440756513e-13       1.940929463042e-13       5.103868852268e-16 
  238       7.578606835193e-10       2.114840758833e-13       5.825042289039e-12       2.626136453542e-15       8.398414301173e-13       1.916330068122e-13       5.455761137433e-16 
  239       7.563595234155e-10       2.190554353925e-13       6.052542240832e-12       2.648730549128e-15       8.290331234873e-13       1.892046404618e-13       5.803469652908e-16 
  240       7.547791088873e-10       2.269016787085e-13       6.279839369397e-12       2.671340498573e-15       8.184149062322e-13       1.868080931216e-13       6.147099542817e-16 
  241       7.531200131384e-10       2.350257238910e-13       6.506829699062e-12       2.693963477607e-15       8.079821562733e-13       1.844435745429e-13       6.486764367132e-16 
  242       7.513828396615e-10       2.434304596416e-13       6.733407296349e-12       2.716596619461e-15       7.977298740977e-13       1.821112577817e-13       6.822586209707e-16 
  243       7.495682224963e-10       2.521187446348e-13       6.959464257023e-12       2.739237014614e-15       7.876526778747e-13       1.798112786212e-13       7.154695786314e-16 
  244       7.476768264865e-10       2.610934068496e-13       7.184890693149e-12       2.761881710536e-15       7.777447985715e-13       1.775437349941e-13       7.483232552685e-16 
  245       7.457093475381e-10       2.703572429009e-13       7.409574720141e-12       2.784527711428e-15       7.680000750692e-13       1.753086864049e-13       7.808344812545e-16 
  246       7.436665128766e-10       2.799130173706e-13       7.633402443821e-12       2.807171977970e-15       7.584119492786e-13       1.731061533517e-13       8.130189825653e-16 
  247       7.415490813046e-10       2.897634621392e-13       7.856257947465e-12       2.829811427064e-15       7.489734612560e-13       1.709361167495e-13       8.448933915836e-16 
  248       7.393578434594e-10       2.999112757168e-13       8.078023278864e-12       2.852442931574e-15       7.396772443196e-13       1.687985173513e-13       8.764752579027e-16 
  249       7.370936220706e-10       3.103591225749e-13       8.298578437368e-12       2.875063320075e-15       7.305155201646e-13       1.666932551713e-13       9.077830591305e-16 
  250       7.347572442368e-10       3.211092745545e-13       8.517808692775e-12       2.897669561896e-15       7.214815823774e-13       1.646201861684e-13       9.388315994395e-16 
  251       7.323494559489e-10       3.321625135219e-13       8.735627037098e-12       2.920259334625e-15       7.125743520006e-13       1.625791132778e-13       9.696178884262e-16 
  252       7.298710031330e-10       3.435191640732e-13       8.951953003612e-12       2.942830488865e-15       7.037940754383e-13       1.605697937396e-13       1.000134468133e-15 
  253       7.273226593908e-10       3.551794444119e-13       9.166705452710e-12       2.965380865975e-15       6.951408576927e-13       1.585919412107e-13       1.030373953932e-15 
  254       7.247052262034e-10       3.671434649950e-13       9.379802572974e-12       2.987908298171e-15       6.866146603267e-13       1.566452251822e-13       1.060329036506e-15 
  255       7.220195331352e-10       3.794112271807e-13       9.591161882251e-12       3.010410608624e-15       6.782152994258e-13       1.547292703962e-13       1.089992483833e-15 
  256       7.192664380386e-10       3.919826218744e-13       9.800700228727e-12       3.032885611554e-15       6.699424435607e-13       1.528436562627e-13       1.119357143170e-15 
  257       7.164468272575e-10       4.048574281763e-13       1.000833379200e-11       3.055331112334e-15       6.617956117491e-13       1.509879162770e-13       1.148415943037e-15 
  258       7.135616158316e-10       4.180353120280e-13       1.021397808416e-11       3.077744907584e-15       6.537741714184e-13       1.491615374366e-13       1.177161895200e-15 
  259       7.106117477004e-10       4.315158248592e-13       1.041754795085e-11       3.100124785270e-15       6.458773363677e-13       1.473639596580e-13       1.205588096653e-15 
  260       7.075981959074e-10       4.452984022349e-13       1.061895757235e-11       3.122468524802e-15       6.381041647299e-13       1.455945751944e-13       1.233687731604e-15 
  261       7.045219628042e-10       4.593823625018e-13       1.081812046467e-11       3.144773897135e-15       6.304535569344e-13       1.438527280521e-13       1.261454073456e-15 
  262       7.013840802542e-10       4.737669054358e-13       1.101494948056e-11       3.167038664863e-15       6.229242536688e-13       1.421377134078e-13       1.288880486794e-15 
  263       6.981856098374e-10       4.884511108881e-13       1.120935681067e-11       3.189260582318e-15       6.155148338417e-13       1.404487770256e-13       1.315960429364e-15 
  264       6.949276430536e-10       5.034339374330e-13       1.140125398457e-11       3.211437395670e-15       6.082237125444e-13       1.387851146743e-13       1.342687454061e-15 
  265       6.916113015273e-10       5.187142210137e-13       1.159055187181e-11       3.233566843025e-15       6.010491390136e-13       1.371458715442e-13       1.369055210907e-15 
  266       6.882377372110e-10       5.342906735900e-13       1.177716068307e-11       3.255646654521e-15       5.939891945933e-13       1.355301416640e-13       1.395057449041e-15 
  267       6.848081325901e-10       5.501618817849e-13       1.196098997113e-11       3.277674552426e-15       5.870417906973e-13       1.339369673185e-13       1.420688018697e-15 
  268       6.813237008863e-10       5.663263055314e-13       1.214194863204e-11       3.299648251241e-15       5.802046667713e-13       1.323653384648e-13       1.445940873192e-15 
  269       6.777856862619e-10       5.827822767192e-13       1.231994490613e-11       3.321565457791e-15       5.734753882552e-13       1.308141921501e-13       1.470810070906e-15 
  270       6.741953640241e-10       5.995279978421e-13       1.249488637911e-11       3.343423871328e-15       5.668513445453e-13       1.292824119281e-13       1.495289777266e-15 
  271       6.705540408288e-10       6.165615406444e-13       1.266667998316e-11       3.365221183628e-15       5.603297469565e-13       1.277688272767e-13       1.519374266731e-15 
  272       6.668630548847e-10       6.338808447677e-13       1.283523199795e-11       3.386955079089e-15       5.539076266848e-13       1.262722130145e-13       1.543057924775e-15 
  273       6.631237761575e-10       6.514837163983e-13       1.300044805178e-11       3.408623234828e-15       5.475818327692e-13       1.247912887182e-13       1.566335249870e-15 
  274       6.593376065740e-10       6.693678269136e-13       1.316223312260e-11       3.430223320781e-15       5.413490300543e-13       1.233247181396e-13       1.589200855470e-15 
  275       6.555059802259e-10       6.875307115291e-13       1.332049153913e-11       3.451752999800e-15       5.352056971520e-13       1.218711086226e-13       1.611649471992e-15 
  276       6.516303635742e-10       7.059697679451e-13       1.347512698189e-11       3.473209927751e-15       5.291481244045e-13       1.204290105200e-13       1.633675948805e-15 
  277       6.477122556533e-10       7.246822549941e-13       1.362604248431e-11       3.494591753614e-15       5.231724118458e-13       1.189969166110e-13       1.655275256208e-15 
  278       6.437531882747e-10       7.436652912869e-13       1.377314043378e-11       3.515896119577e-15       5.172744671646e-13       1.175732615182e-13       1.676442487417e-15 
  279       6.397546442436e-10       7.629157508671e-13       1.391633029920e-11       3.537120869263e-15       5.114507802441e-13       1.161567439508e-13       1.697173749468e-15 
  280       6.357178068984e-10       7.824299469720e-13       1.405555225445e-11       3.558264684144e-15       5.057007953943e-13       1.147473131155e-13       1.717468882944e-15 
  281       6.316437979926e-10       8.022039292515e-13       1.419075478094e-11       3.579326480284e-15       5.000246580520e-13       1.133452322749e-13       1.737328887021e-15 
  282       6.275337585916e-10       8.222335837807e-13       1.432188706423e-11       3.600305203608e-15       4.944224484327e-13       1.119507604373e-13       1.756755046567e-15 
  283       6.233888491508e-10       8.425146315491e-13       1.444889900697e-11       3.621199830314e-15       4.888941806851e-13       1.105641522697e-13       1.775748935494e-15 
  284       6.192102495939e-10       8.630426269486e-13       1.457174124188e-11       3.642009367294e-15       4.834398020464e-13       1.091856580108e-13       1.794312420106e-15 
  285       6.149991593909e-10       8.838129562628e-13       1.469036514467e-11       3.662732852550e-15       4.780591919976e-13       1.078155233842e-13       1.812447662448e-15 
  286       6.107567976363e-10       9.048208361552e-13       1.480472284697e-11       3.683369355613e-15       4.727521614185e-13       1.064539895106e-13       1.830157123655e-15 
  287       6.064844031271e-10       9.260613121582e-13       1.491476724931e-11       3.703917977961e-15       4.675184517430e-13       1.051012928216e-13       1.847443567300e-15 
  288       6.021832344412e-10       9.475292571614e-13       1.502045203402e-11       3.724377853433e-15       4.623577341141e-13       1.037576649721e-13       1.864310062745e-15 
  289       5.978545700151e-10       9.692193699005e-13       1.512173167820e-11       3.744748148653e-15       4.572696085390e-13       1.024233327534e-13       1.880759988488e-15 
  290       5.934997082226e-10       9.911261734460e-13       1.521856146665e-11       3.765028063445e-15       4.522536030443e-13       1.010985180063e-13       1.896797035514e-15 
  291       5.891199674525e-10       1.013244013692e-12       1.531089750484e-11       3.785216831248e-15       4.473091728314e-13       9.978343753380e-14       1.912425210642e-15 
  292       5.847166861869e-10       1.035567057843e-12       1.539869673180e-11       3.805313719538e-15       4.424356994312e-13       9.847830301410e-14       1.927648839873e-15 
  293       5.802912230794e-10       1.058089292907e-12       1.548191693311e-11       3.825318030244e-15       4.376324898597e-13       9.718332091369e-14       1.942472571744e-15 
  294       5.758449570330e-10       1.080804524180e-12       1.556051675383e-11       3.845229100167e-15       4.328987757725e-13       9.589869240020e-14       1.956901380671e-15 
  295       5.713792872785e-10       1.103706373734e-12       1.563445571144e-11       3.865046301395e-15       4.282337126208e-13       9.462461325533e-14       1.970940570303e-15 
  296       5.668956334525e-10       1.126788278911e-12       1.570369420877e-11       3.884769041725e-15       4.236363788058e-13       9.336127378785e-14       1.984595776865e-15 
  297       5.623954356756e-10       1.150043490807e-12       1.576819354695e-11       3.904396765074e-15       4.191057748344e-13       9.210885874648e-14       1.997872972515e-15 
  298       5.578801546306e-10       1.173465072761e-12       1.582791593838e-11       3.923928951908e-15       4.146408224738e-13       9.086754723290e-14       2.010778468684e-15 
  299       5.533512716402e-10       1.197045898845e-12       1.588282451964e-11       3.943365119647e-15       4.102403639071e-13       8.963751261467e-14       2.023318919434e-15 
  300       5.488102887459e-10       1.220778652353e-12       1.593288336443e-11       3.962704823092e-15       4.059031608884e-13       8.841892243816e-14       2.035501324798e-15 
  301       5.442587287854e-10       1.244655824289e-12       1.597805749654e-11       3.981947654840e-15       4.016278938975e-13       8.721193834155e-14       2.047333034136e-15 
  302       5.396981354712e-10       1.268669711855e-12       1.601831290277e-11       4.001093245700e-15       3.974131612957e-13       8.601671596771e-14       2.058821749482e-15 
  303       5.351300734686e-10       1.292812416941e-12       1.605361654589e-11       4.020141265113e-15       3.932574784805e-13       8.483340487720e-14       2.069975528890e-15 
  304       5.305561284737e-10       1.317075844612e-12       1.608393637757e-11       4.039091421571e-15       3.891592770407e-13       8.366214846116e-14       2.080802789786e-15 
  305       5.259779072918e-10       1.341451701598e-12       1.610924135131e-11       4.057943463029e-15       3.851169039119e-13       8.250308385435e-14       2.091312312318e-15 
  306       5.213970379152e-10       1.365931494781e-12       1.612950143542e-11       4.076697177331e-15       3.811286205314e-13       8.135634184798e-14       2.101513242702e-15 
  307       5.168151696019e-10       1.390506529688e-12       1.614468762595e-11       4.095352392621e-15       3.771926019935e-13       8.022204680275e-14       2.111415096570e-15 
  308       5.122339729529e-10       1.415167908974e-12       1.615477195958e-11       4.113908977765e-15       3.733069362042e-13       7.910031656177e-14       2.121027762325e-15 
  309       5.076551399911e-10       1.439906530914e-12       1.615972752665e-11       4.132366842767e-15       3.694696230371e-13       7.799126236347e-14       2.130361504484e-15 
  310       5.030803842392e-10       1.464713087891e-12       1.615952848405e-11       4.150725939187e-15       3.656785734878e-13       7.689498875459e-14       2.139426967029e-15 
  311       4.985114407975e-10       1.489578064883e-12       1.615415006817e-11       4.168986260557e-15       3.619316088297e-13       7.581159350311e-14       2.148235176756e-15 
  312       4.939499481825e-10       1.514492224247e-12       1.614357300438e-11       4.187147931964e-15       3.582268696967e-13       7.474115547800e-14       2.156795408977e-15 
  313       4.893970876210e-10       1.539448088018e-12       1.612779693516e-11       4.205211482513e-15       3.545640660452e-13       7.368369784534e-14       2.165108668304e-15 
  314       4.848539271717e-10       1.564438521431e-12       1.610682764031e-11       4.223177586318e-15       3.509432835398e-13       7.263922299446e-14       2.173173911916e-15 
  315       4.803215383896e-10       1.589456251927e-12       1.608067271487e-11       4.241046975009e-15       3.473645785143e-13       7.160772431573e-14       2.180990160656e-15 
  316       4.758009962586e-10       1.614493868232e-12       1.604934158745e-11       4.258820438261e-15       3.438279776302e-13       7.058918609876e-14       2.188556499753e-15 
  317       4.712933791248e-10       1.639543819448e-12       1.601284553859e-11       4.276498824316e-15       3.403334775361e-13       6.958358343053e-14       2.195872079544e-15 
  318       4.667997686289e-10       1.664598414135e-12       1.597119771909e-11       4.294083040515e-15       3.368810445265e-13       6.859088209357e-14       2.202936116195e-15 
  319       4.623212496392e-10       1.689649819402e-12       1.592441316836e-11       4.311574053825e-15       3.334706142001e-13       6.761103846413e-14       2.209747892427e-15 
  320       4.578589101846e-10       1.714690059990e-12       1.587250883275e-11       4.328972891364e-15       3.301020911194e-13       6.664399941030e-14       2.216306758234e-15 
  321       4.534138413871e-10       1.739711017361e-12       1.581550358395e-11       4.346280640929e-15       3.267753484691e-13       6.568970219021e-14       2.222612131607e-15 
  322       4.489871373949e-10       1.764704428778e-12       1.575341823725e-11       4.363498451527e-15       3.234902277151e-13       6.474807435019e-14       2.228663499257e-15 
  323       4.445798953152e-10       1.789661886401e-12       1.568627556998e-11       4.380627533895e-15       3.202465382633e-13       6.381903362288e-14       2.234460417334e-15 
  324       4.401932151472e-10       1.814574836363e-12       1.561410033976e-11       4.397669161037e-15       3.170440571187e-13       6.290248782546e-14       2.240002512154e-15 
  325       4.358281997143e-10       1.839434577864e-12       1.553691930293e-11       4.414624668743e-15       3.138825285440e-13       6.199833475776e-14       2.245289480918e-15 
  326       4.314859545980e-10       1.864232262253e-12       1.545476123283e-11       4.431495456119e-15       3.107616637185e-13       6.110646210045e-14       2.250321092435e-15 
  327       4.271675880696e-10       1.888958892115e-12       1.536765693818e-11       4.448282986118e-15       3.076811403972e-13       6.022674731317e-14       2.255097187843e-15 
  328       4.228742110239e-10       1.913605320360e-12       1.527563928144e-11       4.464988786062e-15       3.046406025694e-13       5.935905753273e-14       2.259617681335e-15 
  329       4.186069369118e-10       1.938162249303e-12       1.517874319710e-11       4.481614448171e-15       3.016396601176e-13       5.850324947123e-14       2.263882560875e-15 
  330       4.143668816729e-10       1.962620229757e-12       1.507700571008e-11       4.498161630095e-15       2.986778884765e-13       5.765916931425e-14       2.267891888927e-15 
  331       4.101551636685e-10       1.986969660116e-12       1.497046595404e-11       4.514632055434e-15       2.957548282918e-13       5.682665261899e-14       2.271645803173e-15 
  332       4.059729036147e-10       2.011200785440e-12       1.485916518974e-11       4.531027514269e-15       2.928699850791e-13       5.600552421244e-14       2.275144517236e-15 
  333       4.018212245147e-10       2.035303696544e-12       1.474314682339e-11       4.547349863691e-15       2.900228288826e-13       5.519559808956e-14       2.278388321402e-15 
  334       3.977012515922e-10       2.059268329083e-12       1.462245642500e-11       4.563601028326e-15       2.872127939341e-13       5.439667731139e-14       2.281377583344e-15 
  335       3.936141122238e-10       2.083084462637e-12       1.449714174668e-11       4.579783000862e-15       2.844392783121e-13       5.360855390326e-14       2.284112748841e-15 
  336       3.895609358723e-10       2.106741719799e-12       1.436725274106e-11       4.595897842579e-15       2.817016436002e-13       5.283100875292e-14       2.286594342505e-15 
  337       3.855428540190e-10       2.130229565261e-12       1.423284157956e-11       4.611947683873e-15       2.789992145462e-13       5.206381150872e-14       2.288822968498e-15 
  338       3.815610000969e-10       2.153537304900e-12       1.409396267080e-11       4.627934724787e-15       2.763312787210e-13       5.130672047775e-14       2.290799311257e-15 
  339       3.776165094237e-10       2.176654084862e-12       1.395067267888e-11       4.643861235535e-15       2.736970861774e-13       5.055948252403e-14       2.292524136215e-15 
  340       3.737105191339e-10       2.199568890652e-12       1.380303054179e-11       4.659729557031e-15       2.710958491091e-13       4.982183296664e-14       2.293998290526e-15 
  341       3.698441681128e-10       2.222270546218e-12       1.365109748972e-11       4.675542101419e-15       2.685267415093e-13       4.909349547789e-14       2.295222703784e-15 
  342       3.660185969281e-10       2.244747713039e-12       1.349493706339e-11       4.691301352593e-15       2.659888988298e-13       4.837418198148e-14       2.296198388747e-15 
  343       3.622349477637e-10       2.266988889206e-12       1.333461513245e-11       4.707009866732e-15       2.634814176398e-13       4.766359255068e-14       2.296926442057e-15 
  344       3.584943643521e-10       2.288982408517e-12       1.317019991377e-11       4.722670272824e-15       2.610033552847e-13       4.696141530646e-14       2.297408044966e-15 
  345       3.547979919073e-10       2.310716439554e-12       1.300176198980e-11       4.738285273195e-15       2.585537295451e-13       4.626732631566e-14       2.297644464054e-15 
  346       3.511469770575e-10       2.332178984777e-12       1.282937432693e-11       4.753857644032e-15       2.561315182955e-13       4.558098948916e-14       2.297637051955e-15 
  347       3.475424677785e-10       2.353357879604e-12       1.265311229383e-11       4.769390235916e-15       2.537356591632e-13       4.490205648003e-14       2.297387248077e-15 
  348       3.439856133258e-10       2.374240791500e-12       1.247305367980e-11       4.784885974347e-15       2.513650491874e-13       4.423016658171e-14       2.296896579324e-15 
  349       3.404774646618e-10       2.394816349858e-12       1.228927491155e-11       4.800347665147e-15       2.490187481852e-13       4.356501520778e-14       2.296166523451e-15 
  350       3.370186713092e-10       2.415077589292e-12       1.210183949274e-11       4.815777400679e-15       2.466965988713e-13       4.290656267919e-14       2.295198091383e-15 
  351       3.336097717737e-10       2.435018647579e-12       1.191080912018e-11       4.831177129996e-15       2.443986318287e-13       4.225483391009e-14       2.293992228959e-15 
  352       3.302512917500e-10       2.454633647968e-12       1.171624745663e-11       4.846548852076e-15       2.421248639847e-13       4.160985057437e-14       2.292549953322e-15 
  353       3.269437439570e-10       2.473916699375e-12       1.151822014537e-11       4.861894616157e-15       2.398752984700e-13       4.097163107122e-14       2.290872353506e-15 
  354       3.236876279727e-10       2.492861896583e-12       1.131679482484e-11       4.877216522071e-15       2.376499244776e-13       4.034019049064e-14       2.288960591024e-15 
  355       3.204834300690e-10       2.511463320435e-12       1.111204114323e-11       4.892516720582e-15       2.354487171219e-13       3.971554057900e-14       2.286815900452e-15 
  356       3.173316230474e-10       2.529715038036e-12       1.090403077311e-11       4.907797413718e-15       2.332716372979e-13       3.909768970454e-14       2.284439590022e-15 
  357       3.142326660736e-10       2.547611102949e-12       1.069283742603e-11       4.923060855113e-15       2.311186315396e-13       3.848664282295e-14       2.281833042202e-15 
  358       3.111870045128e-10       2.565145555387e-12       1.047853686713e-11       4.938309350335e-15       2.289896318795e-13       3.788240144286e-14       2.278997714291e-15 
  359       3.081950697649e-10       2.582312422417e-12       1.026120692974e-11       4.953545257229e-15       2.268845557075e-13       3.728496359141e-14       2.275935138999e-15 
  360       3.052572790991e-10       2.599105718154e-12       1.004092753003e-11       4.968770986248e-15       2.248033056297e-13       3.669432377976e-14       2.272646925039e-15 
  361       3.023740354896e-10       2.615519443958e-12       9.817780681566e-12       4.983989000787e-15       2.227457693274e-13       3.611047296865e-14       2.269134757714e-15 
  362       2.995457274503e-10       2.631547588629e-12       9.591850509965e-12       4.999201817528e-15       2.207118194165e-13       3.553339853390e-14       2.265400399502e-15 
  363       2.967727288700e-10       2.647184128611e-12       9.363223267481e-12       5.014412006762e-15       2.187013133058e-13       3.496308423199e-14       2.261445690645e-15 
  364       2.940553988476e-10       2.662423028181e-12       9.131987347625e-12       5.029622192739e-15       2.167140930567e-13       3.439951016555e-14       2.257272549734e-15 
  365       2.913940815269e-10       2.677258239650e-12       8.898233299775e-12       5.044835053991e-15       2.147499852417e-13       3.384265274892e-14       2.252882974300e-15 
  366       2.887891059320e-10       2.691683703562e-12       8.662053843783e-12       5.060053323677e-15       2.128088008034e-13       3.329248467368e-14       2.248279041399e-15 
  367       2.862407858021e-10       2.705693348886e-12       8.423543884590e-12       5.075279789913e-15       2.108903349138e-13       3.274897487419e-14       2.243462908200e-15 
  368       2.837494194270e-10       2.719281093218e-12       8.182800526833e-12       5.090517296113e-15       2.089943668332e-13       3.221208849311e-14       2.238436812569e-15 
  369       2.813152894818e-10       2.732440842976e-12       7.939923089459e-12       5.105768741316e-15       2.071206597689e-13       3.168178684694e-14       2.233203073662e-15 
  370       2.789386628619e-10       2.745166493596e-12       7.695013120331e-12       5.121037080533e-15       2.052689607345e-13       3.115802739159e-14       2.227764092509e-15 
  371       2.766197905186e-10       2.757451929731e-12       7.448174410844e-12       5.136325325072e-15       2.034390004087e-13       3.064076368784e-14       2.222122352600e-15 
  372       2.743589072938e-10       2.769291025446e-12       7.199513010531e-12       5.151636542883e-15       2.016304929944e-13       3.012994536694e-14       2.216280420474e-15 
  373       2.721562317552e-10       2.780677644420e-12       6.949137241677e-12       5.166973858886e-15       1.998431360777e-13       2.962551809614e-14       2.210240946308e-15 
  374       2.700119660314e-10       2.791605640137e-12       6.697157713927e-12       5.182340455310e-15       1.980766104869e-13       2.912742354418e-14       2.204006664500e-15 
  375       2.679262956467e-10       2.802068856084e-12       6.443687338898e-12       5.197739572031e-15       1.963305801513e-13       2.863559934686e-14       2.197580394262e-15 
  376       2.658993893569e-10       2.812061125954e-12       6.188841344789e-12       5.213174506904e-15       1.946046919602e-13       2.814997907258e-14       2.190965040199e-15 
  377       2.639313989835e-10       2.821576273836e-12       5.932737290993e-12       5.228648616098e-15       1.928985756224e-13       2.767049218786e-14       2.184163592905e-15 
  378       2.620224592495e-10       2.830608114416e-12       5.675495082705e-12       5.244165314438e-15       1.912118435243e-13       2.719706402286e-14       2.177179129546e-15 
  379       2.601726876141e-10       2.839150453172e-12       5.417236985535e-12       5.259728075732e-15       1.895440905899e-13       2.672961573696e-14       2.170014814446e-15 
  380       2.583821841080e-10       2.847197086574e-12       5.158087640118e-12       5.275340433114e-15       1.878948941389e-13       2.626806428424e-14       2.162673899678e-15 
  381       2.566510311682e-10       2.854741802278e-12       4.898174076723e-12       5.291005979376e-15       1.862638137461e-13       2.581232237905e-14       2.155159725647e-15 
  382       2.549792934735e-10       2.861778379325e-12       4.637625729866e-12       5.306728367303e-15       1.846503911004e-13       2.536229846156e-14       2.147475721681e-15 
  383       2.533670177792e-10       2.868300588336e-12       4.376574452919e-12       5.322511310012e-15       1.830541498639e-13       2.491789666324e-14       2.139625406616e-15 
  384       2.518142327525e-10       2.874302191714e-12       4.115154532721e-12       5.338358581286e-15       1.814745955304e-13       2.447901677245e-14       2.131612389385e-15 
  385       2.503209488072e-10       2.879776943835e-12       3.853502704188e-12       5.354274015908e-15       1.799112152850e-13       2.404555419993e-14       2.123440369604e-15 
  386       2.488871579393e-10       2.884718591247e-12       3.591758164925e-12       5.370261509999e-15       1.783634778626e-13       2.361739994437e-14       2.115113138158e-15 
  387       2.475128335617e-10       2.889120872872e-12       3.330062589837e-12       5.386325021352e-15       1.768308334071e-13       2.319444055794e-14       2.106634577792e-15 
  388       2.461979168799e-10       2.892978655773e-12       3.068548047084e-12       5.402468132838e-15       1.753128118827e-13       2.277658002680e-14       2.098008221462e-15 
  389       2.449422757935e-10       2.896291388924e-12       2.807300217832e-12       5.418692723922e-15       1.738093226533e-13       2.236380638544e-14       2.089235907979e-15 
  390       2.437457441338e-10       2.899059779023e-12       2.546393829383e-12       5.435000250111e-15       1.723203658323e-13       2.195612752648e-14       2.080319077237e-15 
  391       2.426081348093e-10       2.901284667672e-12       2.285904634573e-12       5.451392175389e-15       1.708459346797e-13       2.155354949366e-14       2.071259208132e-15 
  392       2.415292396303e-10       2.902967032480e-12       2.025909416765e-12       5.467869972201e-15       1.693860155396e-13       2.115607646485e-14       2.062057818800e-15 
  393       2.405088291330e-10       2.904107988164e-12       1.766485994838e-12       5.484435121448e-15       1.679405877772e-13       2.076371073494e-14       2.052716466855e-15 
  394       2.395466524043e-10       2.904708787646e-12       1.507713228180e-12       5.501089112470e-15       1.665096237168e-13       2.037645269887e-14       2.043236749624e-15 
  395       2.386424369057e-10       2.904770823153e-12       1.249671021678e-12       5.517833443036e-15       1.650930885783e-13       1.999430083452e-14       2.033620304380e-15 
  396       2.377958882981e-10       2.904295627319e-12       9.924403307101e-13       5.534669619333e-15       1.636909404153e-13       1.961725168573e-14       2.023868808581e-15 
  397       2.370066902659e-10       2.903284874285e-12       7.361031661385e-13       5.551599155953e-15       1.623031300519e-13       1.924529984522e-14       2.013983980104e-15 
  398       2.362745043417e-10       2.901740380798e-12       4.807425992982e-13       5.568623575881e-15       1.609296010204e-13       1.887843793757e-14       2.003967577480e-15 
  399       2.355989697302e-10       2.899664107308e-12       2.264427669901e-13       5.585744410485e-15       1.595702894983e-13       1.851665660213e-14       1.993821400131e-15 
  400       2.349797031332e-10       2.897058159075e-12      -2.671112352773e-14       5.602963199506e-15       1.582251242461e-13       1.815994447607e-14       1.983547288606e-15 
  401       2.344162985734e-10       2.893924787263e-12      -2.786327895489e-13       5.620281491039e-15       1.568940265443e-13       1.780828817725e-14       1.973147124815e-15 
  402       2.339083272192e-10       2.890266390040e-12      -5.292348679272e-13       5.637700841531e-15       1.555769101307e-13       1.746167228722e-14       1.962622832266e-15 
  403       2.334553372089e-10       2.886085513684e-12      -7.784289100850e-13       5.655222815759e-15       1.542736811379e-13       1.712007933418e-14       1.951976376299e-15 
  404       2.330568534752e-10       2.881384853676e-12      -1.026125377022e-12       5.672848986830e-15       1.529842380309e-13       1.678348977592e-14       1.941209764324e-15 
  405       2.327123775694e-10       2.876167255802e-12      -1.272233634323e-12       5.690580936157e-15       1.517084715439e-13       1.645188198281e-14       1.930325046056e-15 
  406       2.324213874860e-10       2.870435717256e-12      -1.516661947169e-12       5.708420253458e-15       1.504462646177e-13       1.612523222071e-14       1.919324313749e-15 
  407       2.321833374868e-10       2.864193387736e-12      -1.759317475342e-12       5.726368536737e-15       1.491974923378e-13       1.580351463397e-14       1.908209702433e-15 
  408       2.319976579259e-10       2.857443570546e-12      -2.000106268236e-12       5.744427392276e-15       1.479620218707e-13       1.548670122838e-14       1.896983390151e-15 
  409       2.318637550732e-10       2.850189723696e-12      -2.238933259866e-12       5.762598434621e-15       1.467397124019e-13       1.517476185412e-14       1.885647598190e-15 
  410       2.317810109396e-10       2.842435461001e-12      -2.475702263874e-12       5.780883286573e-15       1.455304150731e-13       1.486766418873e-14       1.874204591324e-15 
  411       2.317487831007e-10       2.834184553181e-12      -2.710315968540e-12       5.799283579175e-15       1.443339729195e-13       1.456537372003e-14       1.862656678041e-15 
  412       2.317664045219e-10       2.825440928962e-12      -2.942675931790e-12       5.817800951698e-15       1.431502208071e-13       1.426785372916e-14       1.851006210787e-15 
  413       2.318331833821e-10       2.816208676176e-12      -3.172682576204e-12       5.836437051633e-15       1.419789853702e-13       1.397506527344e-14       1.839255586196e-15 
  414       2.319484028986e-10       2.806492042860e-12      -3.400235184024e-12       5.855193534678e-15       1.408200849486e-13       1.368696716940e-14       1.827407245327e-15 
  415       2.321113211512e-10       2.796295438355e-12      -3.625231892166e-12       5.874072064726e-15       1.396733295248e-13       1.340351597573e-14       1.815463673902e-15 
  416       2.323211709068e-10       2.785623434408e-12      -3.847569687222e-12       5.893074313852e-15       1.385385206620e-13       1.312466597619e-14       1.803427402537e-15 
  417       2.325771594435e-10       2.774480766272e-12      -4.067144400476e-12       5.912201962304e-15       1.374154514404e-13       1.285036916262e-14       1.791301006984e-15 
  418       2.328784683751e-10       2.762872333805e-12      -4.283850702907e-12       5.931456698489e-15       1.363039063955e-13       1.258057521788e-14       1.779087108359e-15 
  419       2.332242534758e-10       2.750803202569e-12      -4.497582100201e-12       5.950840218964e-15       1.352036614550e-13       1.231523149882e-14       1.766788373386e-15 
  420       2.336136445041e-10       2.738278604931e-12      -4.708230927758e-12       5.970354228420e-15       1.341144838760e-13       1.205428301921e-14       1.754407514626e-15 
  421       2.340457450276e-10       2.725303941164e-12      -4.915688345698e-12       5.990000439675e-15       1.330361321828e-13       1.179767243272e-14       1.741947290714e-15 
  422       2.345196322469e-10       2.711884780547e-12      -5.119844333877e-12       6.009780573659e-15       1.319683561038e-13       1.154534001589e-14       1.729410506600e-15 
  423       2.350343568207e-10       2.698026862461e-12      -5.320587686888e-12       6.029696359404e-15       1.309108965091e-13       1.129722365107e-14       1.716800013775e-15 
  424       2.355889426893e-10       2.683736097494e-12      -5.517806009072e-12       6.049749534031e-15       1.298634853478e-13       1.105325880936e-14       1.704118710516e-15 
  425       2.361823869000e-10       2.669018568538e-12      -5.711385709528e-12       6.069941842740e-15       1.288258455854e-13       1.081337853362e-14       1.691369542118e-15 
  426       2.368136594304e-10       2.653880531891e-12      -5.901211997122e-12       6.090275038798e-15       1.277976911407e-13       1.057751342139e-14       1.678555501125e-15 
  427       2.374817867918e-10       2.638328612194e-12      -6.087182865083e-12       6.110750494067e-15       1.267787764057e-13       1.034560107124e-14       1.665679294268e-15 
  428       2.381861063271e-10       2.622370392314e-12      -6.269251578998e-12       6.131368016034e-15       1.257690467858e-13       1.011761481049e-14       1.652742330280e-15 
  429       2.389260202188e-10       2.606013845694e-12      -6.447385624520e-12       6.152126990514e-15       1.247684931576e-13       9.893535911389e-15       1.639745698104e-15 
  430       2.397009123725e-10       2.589267145550e-12      -6.621552852563e-12       6.173026767203e-15       1.237771027201e-13       9.673344205181e-15       1.626690497102e-15 
  431       2.405101482964e-10       2.572138666098e-12      -6.791721483494e-12       6.194066659411e-15       1.227948589641e-13       9.457018071316e-15       1.613577837080e-15 
  432       2.413530749806e-10       2.554636983779e-12      -6.957860111333e-12       6.215245943796e-15       1.218217416428e-13       9.244534426614e-15       1.600408838295e-15 
  433       2.422290207763e-10       2.536770878493e-12      -7.119937707940e-12       6.236563860095e-15       1.208577267409e-13       9.035868714432e-15       1.587184631478e-15 
  434       2.431372952756e-10       2.518549334816e-12      -7.277923627213e-12       6.258019610858e-15       1.199027864453e-13       8.830994893840e-15       1.573906357848e-15 
  435       2.440771891906e-10       2.499981543238e-12      -7.431787609284e-12       6.279612361180e-15       1.189568891143e-13       8.629885428797e-15       1.560575169132e-15 
  436       2.450479742329e-10       2.481076901382e-12      -7.581499784709e-12       6.301341238431e-15       1.180199992479e-13       8.432511277315e-15       1.547192227577e-15 
  437       2.460489029929e-10       2.461845015235e-12      -7.727030678666e-12       6.323205331994e-15       1.170920774576e-13       8.238841880640e-15       1.533758705972e-15 
  438       2.470792088193e-10       2.442295700376e-12      -7.868351215147e-12       6.345203692992e-15       1.161730804363e-13       8.048845152417e-15       1.520275787661e-15 
  439       2.481381056986e-10       2.422438983200e-12      -8.005432721154e-12       6.367335334024e-15       1.152629609283e-13       7.862487467868e-15       1.506744666560e-15 
  440       2.492247881342e-10       2.402285102148e-12      -8.138246930892e-12       6.389599228898e-15       1.143616676988e-13       7.679733652961e-15       1.493166547178e-15 
  441       2.503384310260e-10       2.381844508933e-12      -8.266765989965e-12       6.411994312361e-15       1.134691455045e-13       7.500546973584e-15       1.479542644628e-15 
  442       2.514781895498e-10       2.361127869769e-12      -8.390962459568e-12       6.434519479832e-15       1.125853350627e-13       7.324889124718e-15       1.465874184648e-15 
  443       2.526431990367e-10       2.340146066593e-12      -8.510809320682e-12       6.457173587137e-15       1.117101730219e-13       7.152720219607e-15       1.452162403614e-15 
  444       2.538325748523e-10       2.318910198300e-12      -8.626279978270e-12       6.479955450238e-15       1.108435919313e-13       6.983998778930e-15       1.438408548563e-15 
  445       2.550454122764e-10       2.297431581964e-12      -8.737348265469e-12       6.502863844971e-15       1.099855202106e-13       6.818681719979e-15       1.424613877203e-15 
  446       2.562807863822e-10       2.275721754069e-12      -8.843988447787e-12       6.525897506772e-15       1.091358821204e-13       6.656724345824e-15       1.410779657934e-15 
  447       2.575377519158e-10       2.253792471733e-12      -8.946175227294e-12       6.549055130414e-15       1.082945977315e-13       6.498080334491e-15       1.396907169863e-15 
  448       2.588153431754e-10       2.231655713939e-12      -9.043883746819e-12       6.572335369738e-15       1.074615828954e-13       6.342701728129e-15       1.382997702822e-15 
  449       2.601125738909e-10       2.209323682757e-12      -9.137089594143e-12       6.595736837386e-15       1.066367492136e-13       6.190538922189e-15       1.369052557383e-15 
  450       2.614284371034e-10       2.186808804578e-12      -9.225768806194e-12       6.619258104533e-15       1.058200040078e-13       6.041540654592e-15       1.355073044877e-15 
  451       2.627619050442e-10       2.164123731336e-12      -9.309897873241e-12       6.642897700621e-15       1.050112502901e-13       5.895653994900e-15       1.341060487411e-15 
  452       2.641119290145e-10       2.141281341736e-12      -9.389453743086e-12       6.666654113090e-15       1.042103867322e-13       5.752824333493e-15       1.327016217880e-15 
  453       2.654774392648e-10       2.118294742484e-12      -9.464413825265e-12       6.690525787112e-15       1.034173076359e-13       5.612995370739e-15       1.312941579991e-15 
  454       2.668573448742e-10       2.095177269511e-12      -9.534755995235e-12       6.714511125321e-15       1.026319029028e-13       5.476109106164e-15       1.298837928275e-15 
  455       2.682505336298e-10       2.071942489201e-12      -9.600458598570e-12       6.738608487549e-15       1.018540580039e-13       5.342105827630e-15       1.284706628105e-15 
  456       2.696558719061e-10       2.048604199621e-12      -9.661500455159e-12       6.762816190557e-15       1.010836539502e-13       5.210924100500e-15       1.270549055712e-15 
  457       2.710722045444e-10       2.025176431744e-12      -9.717860863398e-12       6.787132507766e-15       1.003205672618e-13       5.082500756820e-15       1.256366598204e-15 
  458       2.724983547323e-10       2.001673450679e-12      -9.769519604382e-12       6.811555668993e-15       9.956466993846e-14       4.956770884480e-15       1.242160653580e-15 
  459       2.739331238830e-10       1.978109756899e-12      -9.816456946102e-12       6.836083860180e-15       9.881582942903e-14       4.833667816396e-15       1.227932630750e-15 
  460       2.753752915146e-10       1.954500087464e-12      -9.858653647641e-12       6.860715223129e-15       9.807390860159e-14       4.713123119677e-15       1.213683949550e-15 
  461       2.768236151297e-10       1.930859417252e-12      -9.896090963362e-12       6.885447855235e-15       9.733876571331e-14       4.595066584800e-15       1.199416040757e-15 
  462       2.782768300947e-10       1.907202960186e-12      -9.928750647111e-12       6.910279809216e-15       9.661025438032e-14       4.479426214780e-15       1.185130346108e-15 
  463       2.797336495191e-10       1.883546170461e-12      -9.956614956403e-12       6.935209092846e-15       9.588822354763e-14       4.366128214345e-15       1.170828318319e-15 
  464       2.811927641352e-10       1.859904743768e-12      -9.979666656622e-12       6.960233668691e-15       9.517251745899e-14       4.255096979106e-15       1.156511421097e-15 
  465       2.826528421770e-10       1.836294618526e-12      -9.997889025213e-12       6.985351453838e-15       9.446297562685e-14       4.146255084731e-15       1.142181129160e-15 
  466       2.841126695220e-10       1.812730919230e-12      -1.001127376074e-11       7.010560257847e-15       9.375945969851e-14       4.039535918113e-15       1.127838889817e-15 
  467       2.855715751722e-10       1.789224747721e-12      -1.001984497309e-11       7.035857595008e-15       9.306193503838e-14       3.934922026597e-15       1.113486006362e-15 
  468       2.870290188099e-10       1.765786294223e-12      -1.002363594999e-11       7.061240865705e-15       9.237039163177e-14       3.832407943896e-15       1.099123751074e-15 
  469       2.884844516930e-10       1.742425886811e-12      -1.002268132837e-11       7.086707417359e-15       9.168481740344e-14       3.731987652411e-15       1.084753403322e-15 
  470       2.899373166115e-10       1.719153992058e-12      -1.001701710285e-11       7.112254544130e-15       9.100519820237e-14       3.633654579372e-15       1.070376249560e-15 
  471       2.913870478443e-10       1.695981215677e-12      -1.000668063437e-11       7.137879486619e-15       9.033151778642e-14       3.537401592980e-15       1.055993583320e-15 
  472       2.928330711161e-10       1.672918303162e-12      -9.991710658688e-12       7.163579431560e-15       8.966375780714e-14       3.443220998550e-15       1.041606705211e-15 
  473       2.942748035539e-10       1.649976140439e-12      -9.972147294945e-12       7.189351511525e-15       8.900189779444e-14       3.351104534658e-15       1.027216922912e-15 
  474       2.957116536438e-10       1.627165754504e-12      -9.948032054234e-12       7.215192804617e-15       8.834591514133e-14       3.261043369281e-15       1.012825551170e-15 
  475       2.971430211879e-10       1.604498314067e-12      -9.919407848139e-12       7.241100334172e-15       8.769578508869e-14       3.173028095942e-15       9.984339117943e-16 
  476       2.985682972607e-10       1.581985130199e-12      -9.886318997293e-12       7.267071068457e-15       8.705148070994e-14       3.087048729851e-15       9.840433336510e-16 
  477       2.999868641663e-10       1.559637656976e-12      -9.848811239931e-12       7.293101920366e-15       8.641297289582e-14       3.003094704052e-15       9.696551526608e-16 
  478       3.013980953948e-10       1.537467492119e-12      -9.806931740439e-12       7.319189747124e-15       8.578023033910e-14       2.921154865564e-15       9.552707117932e-16 
  479       3.028013555792e-10       1.515486377641e-12      -9.760729097915e-12       7.345331349977e-15       8.515321951929e-14       2.841217471524e-15       9.408913610629e-16 
  480       3.041960004518e-10       1.493706200491e-12      -9.710253354716e-12       7.371523473901e-15       8.453190468741e-14       2.763270185332e-15       9.265184575247e-16 
  481       3.055813768017e-10       1.472138993196e-12      -9.655556005011e-12       7.397762807291e-15       8.391624785069e-14       2.687300072793e-15       9.121533652697e-16 
  482       3.069568224305e-10       1.450796934507e-12      -9.596690003340e-12       7.424045981665e-15       8.330620875732e-14       2.613293598261e-15       8.977974554205e-16 
  483       3.083216661101e-10       1.429692350042e-12      -9.533709773160e-12       7.450369571361e-15       8.270174488116e-14       2.541236620782e-15       8.834521061273e-16 
  484       3.096752275386e-10       1.408837712927e-12      -9.466671215402e-12       7.476730093236e-15       8.210281140648e-14       2.471114390239e-15       8.691187025629e-16 
  485       3.110168172975e-10       1.388245644448e-12      -9.395631717027e-12       7.503124006363e-15       8.150936121268e-14       2.402911543492e-15       8.547986369187e-16 
  486       3.123457368083e-10       1.367928914684e-12      -9.320650159570e-12       7.529547711731e-15       8.092134485906e-14       2.336612100524e-15       8.404933084004e-16 
  487       3.136612782893e-10       1.347900443161e-12      -9.241786927705e-12       7.555997551943e-15       8.033871056949e-14       2.272199460584e-15       8.262041232233e-16 
  488       3.149627247122e-10       1.328173299488e-12      -9.159103917787e-12       7.582469810916e-15       7.976140421717e-14       2.209656398331e-15       8.119324946080e-16 
  489       3.162493497590e-10       1.308760704007e-12      -9.072664546414e-12       7.608960713576e-15       7.918936930938e-14       2.148965059973e-15       7.976798427762e-16 
  490       3.175204177786e-10       1.289676028433e-12      -8.982533758975e-12       7.635466425560e-15       7.862254697218e-14       2.090106959417e-15       7.834475949464e-16 
  491       3.187751837436e-10       1.270932796499e-12      -8.888778038204e-12       7.661983052913e-15       7.806087593512e-14       2.033062974408e-15       7.692371853288e-16 
  492       3.200128932073e-10       1.252544684600e-12      -8.791465412736e-12       7.688506641785e-15       7.750429251605e-14       1.977813342673e-15       7.550500551219e-16 
  493       3.212327822598e-10       1.234525522437e-12      -8.690665465655e-12       7.715033178133e-15       7.695273060576e-14       1.924337658066e-15       7.408876525075e-16 
  494       3.224340774855e-10       1.216889293663e-12      -8.586449343053e-12       7.741558587419e-15       7.640612165276e-14       1.872614866708e-15       7.267514326462e-16 
  495       3.236159959192e-10       1.199650136521e-12      -8.478889762579e-12       7.768078734303e-15       7.586439464800e-14       1.822623263135e-15       7.126428576737e-16 
  496       3.247777450032e-10       1.182822344494e-12      -8.368061021994e-12       7.794589422349e-15       7.532747610959e-14       1.774340486437e-15       6.985633966957e-16 
  497       3.259185225439e-10       1.166420366947e-12      -8.254039007722e-12       7.821086393719e-15       7.479529006756e-14       1.727743516404e-15       6.845145257838e-16 
  498       3.270375166688e-10       1.150458809769e-12      -8.136901203408e-12       7.847565328874e-15       7.426775804854e-14       1.682808669669e-15       6.704977279712e-16 
  499       3.281339057828e-10       1.134952436018e-12      -8.016726698465e-12       7.874021846269e-15       7.374479906054e-14       1.639511595849e-15       6.565144932482e-16 
  500       3.292068585252e-10       1.119916166568e-12      -7.893596196633e-12       7.900451502056e-15       7.322632957764e-14       1.597827273694e-15       6.425663185579e-16 
  501       3.302555337264e-10       1.105365080747e-12      -7.767592024526e-12       7.926849789778e-15       7.271226352476e-14       1.557730007222e-15       6.286547077916e-16 
  502       3.312790803648e-10       1.091314416987e-12      -7.638798140191e-12       7.953212140072e-15       7.220251226233e-14       1.519193421870e-15       6.147811717847e-16 
  503       3.322766375233e-10       1.077779573462e-12      -7.507300141658e-12       7.979533920364e-15       7.169698457111e-14       1.482190460635e-15       6.009472283122e-16 
  504       3.332473343459e-10       1.064776108738e-12      -7.373185275495e-12       8.005810434569e-15       7.119558663682e-14       1.446693380213e-15       5.871544020842e-16 
  505       3.341904176483e-10       1.052317891451e-12      -7.236539536412e-12       8.032037262690e-15       7.069823719565e-14       1.412676724420e-15       5.734041348775e-16 
  506       3.351056388781e-10       1.040411489431e-12      -7.097438856813e-12       8.058211290985e-15       7.020491348141e-14       1.380126346466e-15       5.596975130922e-16 
  507       3.359928782171e-10       1.029061620206e-12      -6.955957680288e-12       8.084329710884e-15       6.971560657197e-14       1.349030639000e-15       5.460355323374e-16 
  508       3.368520179526e-10       1.018272987116e-12      -6.812171854766e-12       8.110389681631e-15       6.923030634009e-14       1.319377577891e-15       5.324191865394e-16 
  509       3.376829424942e-10       1.008050279094e-12      -6.666158639710e-12       8.136388330141e-15       6.874900144531e-14       1.291154719772e-15       5.188494678948e-16 
  510       3.384855383905e-10       9.983981704354e-13      -6.517996713296e-12       8.162322750860e-15       6.827167932578e-14       1.264349199581e-15       5.053273668243e-16 
  511       3.392596943456e-10       9.893213205737e-13      -6.367766179609e-12       8.188190005622e-15       6.779832619008e-14       1.238947728101e-15       4.918538719257e-16 
  512       3.400053012361e-10       9.808243738570e-13      -6.215548575823e-12       8.213987123505e-15       6.732892700915e-14       1.214936589503e-15       4.784299699275e-16 
  513       3.407222521275e-10       9.729119593210e-13      -6.061426879391e-12       8.239711100694e-15       6.686346550805e-14       1.192301638889e-15       4.650566456423e-16 
  514       3.414104422911e-10       9.655886904644e-13      -5.905485515232e-12       8.265358900335e-15       6.640192415788e-14       1.171028299828e-15       4.517348819204e-16 
  515       3.420697692206e-10       9.588591650231e-13      -5.747810362917e-12       8.290927452396e-15       6.594428416756e-14       1.151101561904e-15       4.384656596027e-16 
  516       3.427001326488e-10       9.527279647455e-13      -5.588488763858e-12       8.316413653522e-15       6.549052547576e-14       1.132505978254e-15       4.252499574746e-16 
  517       3.433014345641e-10       9.471996551664e-13      -5.427609528494e-12       8.341814366895e-15       6.504062674269e-14       1.115225663111e-15       4.120887522195e-16 
  518       3.438735792275e-10       9.422787853822e-13      -5.265262943478e-12       8.367126422093e-15       6.459456534196e-14       1.099244289342e-15       3.989830183716e-16 
  519       3.444164731892e-10       9.379698878256e-13      -5.101540778862e-12       8.392346614947e-15       6.415231735245e-14       1.084545085995e-15       3.859337282698e-16 
  520       3.449300253051e-10       9.342774780400e-13      -4.936536295291e-12       8.417471707399e-15       6.371385755015e-14       1.071110835837e-15       3.729418520110e-16 
  521       3.454141467536e-10       9.312060544541e-13      -4.770344251180e-12       8.442498427360e-15       6.327915939998e-14       1.058923872896e-15       3.600083574037e-16 
  522       3.458687510525e-10       9.287600981570e-13      -4.603060909911e-12       8.467423468569e-15       6.284819504771e-14       1.047966080004e-15       3.471342099209e-16 
  523       3.462937540754e-10       9.269440726727e-13      -4.434784047012e-12       8.492243490451e-15       6.242093531171e-14       1.038218886335e-15       3.343203726540e-16 
  524       3.466890740682e-10       9.257624237343e-13      -4.265612957350e-12       8.516955117973e-15       6.199734967491e-14       1.029663264950e-15       3.215678062661e-16 
  525       3.470546316666e-10       9.252195790594e-13      -4.095648462316e-12       8.541554941506e-15       6.157740627657e-14       1.022279730338e-15       3.088774689452e-16 
  526       3.473903499118e-10       9.253199481243e-13      -3.924992917010e-12       8.566039516681e-15       6.116107190413e-14       1.016048335958e-15       2.962503163579e-16 
  527       3.476961542679e-10       9.260679219389e-13      -3.753750217430e-12       8.590405364245e-15       6.074831198514e-14       1.010948671775e-15       2.836873016027e-16 
  528       3.479719726381e-10       9.274678728212e-13      -3.582025807661e-12       8.614648969924e-15       6.033909057900e-14       1.006959861810e-15       2.711893751633e-16 
  529       3.482177353819e-10       9.295241541721e-13      -3.409926687059e-12       8.638766784276e-15       5.993337036888e-14       1.004060561677e-15       2.587574848621e-16 
  530       3.484333753313e-10       9.322411002499e-13      -3.237561417439e-12       8.662755222554e-15       5.953111265358e-14       1.002228956123e-15       2.463925758138e-16 
  531       3.486188278078e-10       9.356230259453e-13      -3.065040130263e-12       8.686610664560e-15       5.913227733931e-14       1.001442756573e-15       2.340955903784e-16 
  532       3.487740306388e-10       9.396742265556e-13      -2.892474533825e-12       8.710329454505e-15       5.873682293160e-14       1.001679198670e-15       2.218674681151e-16 
  533       3.488989241747e-10       9.443989775599e-13      -2.719977920441e-12       8.733907900868e-15       5.834470652714e-14       1.002915039815e-15       2.097091457352e-16 
  534       3.489934513051e-10       9.498015343933e-13      -2.547665173634e-12       8.757342276252e-15       5.795588380561e-14       1.005126556713e-15       1.976215570559e-16 
  535       3.490575574761e-10       9.558861322219e-13      -2.375652775323e-12       8.780628817244e-15       5.757030902154e-14       1.008289542907e-15       1.856056329538e-16 
  536       3.490911907061e-10       9.626569857173e-13      -2.204058813006e-12       8.803763724272e-15       5.718793499616e-14       1.012379306329e-15       1.736623013177e-16 
  537       3.490943016035e-10       9.701182888313e-13      -2.033002986952e-12       8.826743161464e-15       5.680871310925e-14       1.017370666833e-15       1.617924870028e-16 
  538       3.490668433827e-10       9.782742145706e-13      -1.862606617385e-12       8.849563256504e-15       5.643259329099e-14       1.023237953742e-15       1.499971117833e-16 
  539       3.490087718810e-10       9.871289147715e-13      -1.692992651673e-12       8.872220100495e-15       5.605952401382e-14       1.029955003387e-15       1.382770943067e-16 
  540       3.489200455751e-10       9.966865198744e-13      -1.524285671514e-12       8.894709747810e-15       5.568945228425e-14       1.037495156649e-15       1.266333500465e-16 
  541       3.488006255983e-10       1.006951138699e-12      -1.356611900122e-12       8.917028215957e-15       5.532232363476e-14       1.045831256501e-15       1.150667912559e-16 
  542       3.486504757566e-10       1.017926858218e-12      -1.190099209418e-12       8.939171485433e-15       5.495808211562e-14       1.054935645550e-15       1.035783269211e-16 
  543       3.484695625457e-10       1.029617743332e-12      -1.024877127211e-12       8.961135499584e-15       5.459667028675e-14       1.064780163574e-15       9.216886271500e-17 
  544       3.482579127991e-10       1.042026352935e-12      -8.610649141819e-13       8.982916694526e-15       5.423803816445e-14       1.075339500314e-15       8.083919032983e-17 
  545       3.480157882940e-10       1.055149244911e-12      -6.987354295550e-13       9.004513604787e-15       5.388217034135e-14       1.086601357413e-15       6.958965231586e-17 
  546       3.477435158507e-10       1.068981350412e-12      -5.379503126813e-13       9.025925300353e-15       5.352905957608e-14       1.098556553549e-15       5.842046818230e-17 
  547       3.474414301636e-10       1.083517445856e-12      -3.787718281265e-13       9.047150860561e-15       5.317869789952e-14       1.111195692690e-15       4.733184411516e-17 
  548       3.471098738413e-10       1.098752152110e-12      -2.212628680286e-13       9.068189374172e-15       5.283107661030e-14       1.124509162998e-15       3.632397288596e-17 
  549       3.467491974467e-10       1.114679933656e-12      -6.548695445645e-14       9.089039939443e-15       5.248618627024e-14       1.138487135726e-15       2.539703376032e-17 
  550       3.463597595366e-10       1.131295097773e-12       8.849175823193e-14       9.109701664204e-15       5.214401669985e-14       1.153119564120e-15       1.455119240661e-17 
  551       3.459419267024e-10       1.148591793702e-12       2.406084810310e-13       9.130173665922e-15       5.180455697379e-14       1.168396182314e-15       3.786600804593e-18 
  552       3.454960736094e-10       1.166564011830e-12       3.907977879291e-13       9.150455071784e-15       5.146779541633e-14       1.184306504234e-15      -6.896602845918e-18 
  553       3.450225830375e-10       1.185205582856e-12       5.389936135508e-13       9.170545018762e-15       5.113371959687e-14       1.200839822497e-15      -1.749829421645e-17 
  554       3.445218459205e-10       1.204510176970e-12       6.851292507976e-13       9.190442653689e-15       5.080231632537e-14       1.217985207308e-15      -2.801836294122e-17 
  555       3.439942613866e-10       1.224471303025e-12       8.291373484903e-13       9.210147133331e-15       5.047357164784e-14       1.235731505362e-15      -3.845671270848e-17 
  556       3.434402367984e-10       1.245082307712e-12       9.709499090104e-13       9.229657624459e-15       5.014747084181e-14       1.254067338742e-15      -4.881326135191e-17 
  557       3.428601877927e-10       1.266336374733e-12       1.110498285942e-12       9.248973303924e-15       4.982399841181e-14       1.272981103820e-15      -5.908794094194e-17 
  558       3.422545383206e-10       1.288226523978e-12       1.247713181712e-12       9.268093358726e-15       4.950313808485e-14       1.292460970155e-15      -6.928069787714e-17 
  559       3.416237206876e-10       1.310745610696e-12       1.382524645235e-12       9.287016986090e-15       4.918487280588e-14       1.312494879393e-15      -7.939149297557e-17 
  560       3.409681755934e-10       1.333886324669e-12       1.514862069550e-12       9.305743393538e-15       4.886918473325e-14       1.333070544168e-15      -8.942030156613e-17 
  561       3.402883521723e-10       1.357641189389e-12       1.644654189469e-12       9.324271798959e-15       4.855605523424e-14       1.354175447000e-15      -9.936711357995e-17 
  562       3.395847080326e-10       1.382002561230e-12       1.771829079210e-12       9.342601430685e-15       4.824546488047e-14       1.375796839195e-15      -1.092319336417e-16 
  563       3.388577092973e-10       1.406962628623e-12       1.896314150047e-12       9.360731527563e-15       4.793739344342e-14       1.397921739744e-15      -1.190147811610e-16 
  564       3.381078306437e-10       1.432513411231e-12       2.018036147946e-12       9.378661339026e-15       4.763181988986e-14       1.420536934222e-15      -1.287156904238e-16 
  565       3.373355553434e-10       1.458646759119e-12       2.136921151209e-12       9.396390125167e-15       4.732872237737e-14       1.443628973692e-15      -1.383347106837e-16 
  566       3.365413753025e-10       1.485354351933e-12       2.252894568114e-12       9.413917156811e-15       4.702807824980e-14       1.467184173598e-15      -1.478719062532e-16 
  567       3.357257911016e-10       1.512627698073e-12       2.365881134560e-12       9.431241715590e-15       4.672986403272e-14       1.491188612670e-15      -1.573273565953e-16 
  568       3.348893120357e-10       1.540458133865e-12       2.475804911705e-12       9.448363094012e-15       4.643405542891e-14       1.515628131818e-15      -1.667011564146e-16 
  569       3.340324561542e-10       1.568836822737e-12       2.582589283609e-12       9.465280595536e-15       4.614062731386e-14       1.540488333037e-15      -1.759934157491e-16 
  570       3.331557503010e-10       1.597754754393e-12       2.686156954876e-12       9.481993534644e-15       4.584955373120e-14       1.565754578306e-15      -1.852042600608e-16 
  571       3.322597301545e-10       1.627202743986e-12       2.786429948297e-12       9.498501236914e-15       4.556080788819e-14       1.591411988482e-15      -1.943338303279e-16 
  572       3.313449402676e-10       1.657171431294e-12       2.883329602487e-12       9.514803039092e-15       4.527436215121e-14       1.617445442207e-15      -2.033822831356e-16 
  573       3.304119341076e-10       1.687651279893e-12       2.976776569533e-12       9.530898289166e-15       4.499018804122e-14       1.643839574802e-15      -2.123497907677e-16 
  574       3.294612740967e-10       1.718632576330e-12       3.066690812629e-12       9.546786346437e-15       4.470825622923e-14       1.670578777168e-15      -2.212365412978e-16 
  575       3.284935316511e-10       1.750105429299e-12       3.152991603723e-12       9.562466581594e-15       4.442853653180e-14       1.697647194688e-15      -2.300427386809e-16 
  576       3.275092872219e-10       1.782059768816e-12       3.235597521157e-12       9.577938376784e-15       4.415099790646e-14       1.725028726123e-15      -2.387686028445e-16 
  577       3.265091303347e-10       1.814485345390e-12       3.314426447307e-12       9.593201125685e-15       4.387560844724e-14       1.752707022515e-15      -2.474143697801e-16 
  578       3.254936596298e-10       1.847371729200e-12       3.389395566228e-12       9.608254233582e-15       4.360233538012e-14       1.780665486082e-15      -2.559802916347e-16 
  579       3.244634829017e-10       1.880708309265e-12       3.460421361290e-12       9.623097117434e-15       4.333114505851e-14       1.808887269123e-15      -2.644666368017e-16 
  580       3.234192171400e-10       1.914484292625e-12       3.527419612826e-12       9.637729205954e-15       4.306200295871e-14       1.837355272914e-15      -2.728736900128e-16 
  581       3.223614885685e-10       1.948688703510e-12       3.590305395770e-12       9.652149939674e-15       4.279487367541e-14       1.866052146607e-15      -2.812017524291e-16 
  582       3.212909326860e-10       1.983310382513e-12       3.648993077301e-12       9.666358771022e-15       4.252972091712e-14       1.894960286132e-15      -2.894511417323e-16 
  583       3.202081675869e-10       2.018337902006e-12       3.703409941706e-12       9.680355527181e-15       4.226651295831e-14       1.924064060263e-15      -2.976220027896e-16 
  584       3.191137131130e-10       2.053759311716e-12       3.753537443690e-12       9.694141508465e-15       4.200523915448e-14       1.953356552137e-15      -3.057137342650e-16 
  585       3.180080697609e-10       2.089562385162e-12       3.799370980984e-12       9.707718417527e-15       4.174589383066e-14       1.982832983977e-15      -3.137255478643e-16 
  586       3.168917452493e-10       2.125734701984e-12       3.840906362819e-12       9.721087999251e-15       4.148847085963e-14       2.012488504846e-15      -3.216566564899e-16 
  587       3.157652545490e-10       2.162263647093e-12       3.878139812371e-12       9.734252040957e-15       4.123296365921e-14       2.042318190336e-15      -3.295062742654e-16 
  588       3.146291199136e-10       2.199136409810e-12       3.911067969209e-12       9.747212372601e-15       4.097936518975e-14       2.072317042251e-15      -3.372736165604e-16 
  589       3.134838709104e-10       2.236339983019e-12       3.939687891735e-12       9.759970866973e-15       4.072766795146e-14       2.102479988291e-15      -3.449579000151e-16 
  590       3.123300444505e-10       2.273861162301e-12       3.963997059633e-12       9.772529439900e-15       4.047786398185e-14       2.132801881736e-15      -3.525583425647e-16 
  591       3.111681848199e-10       2.311686545089e-12       3.983993376307e-12       9.784890050445e-15       4.022994485311e-14       2.163277501134e-15      -3.600741634641e-16 
  592       3.099988437097e-10       2.349802529804e-12       3.999675171335e-12       9.797054701110e-15       3.998390166949e-14       2.193901549980e-15      -3.675045833124e-16 
  593       3.088225802469e-10       2.388195315006e-12       4.011041202905e-12       9.809025438033e-15       3.973972506475e-14       2.224668656405e-15      -3.748488240778e-16 
  594       3.076399610250e-10       2.426850898534e-12       4.018090660264e-12       9.820804351190e-15       3.949740519950e-14       2.255573372859e-15      -3.821061091218e-16 
  595       3.064515601346e-10       2.465755076654e-12       4.020823166162e-12       9.832393574598e-15       3.925693175861e-14       2.286610175795e-15      -3.892756632241e-16 
  596       3.052579591937e-10       2.504893443202e-12       4.019238779296e-12       9.843795286512e-15       3.901829394865e-14       2.317773465355e-15      -3.963567126070e-16 
  597       3.040597473788e-10       2.544251388729e-12       4.013337996753e-12       9.855011709627e-15       3.878148049522e-14       2.349057565053e-15      -4.033484849601e-16 
  598       3.028575214552e-10       2.583814099644e-12       4.003121756460e-12       9.866045111279e-15       3.854647964042e-14       2.380456721459e-15      -4.102502094649e-16 
  599       3.016518858074e-10       2.623566557362e-12       3.988591439622e-12       9.876897803645e-15       3.831327914017e-14       2.411965103886e-15      -4.170611168193e-16 
  600       3.004434524704e-10       2.663493537447e-12       3.969748873170e-12       9.887572143943e-15       3.808186626167e-14       2.443576804073e-15      -4.237804392624e-16 
  601       2.992328411593e-10       2.703579608753e-12       3.946596332206e-12       9.898070534634e-15       3.785222778077e-14       2.475285835868e-15      -4.304074105988e-16 
  602       2.980206793007e-10       2.743809132576e-12       3.919136542447e-12       9.908395423620e-15       3.762434997937e-14       2.507086134917e-15      -4.369412662234e-16 
  603       2.968076020631e-10       2.784166261792e-12       3.887372682667e-12       9.918549304449e-15       3.739821864282e-14       2.538971558343e-15      -4.433812431461e-16 
  604       2.955942523873e-10       2.824634940005e-12       3.851308387148e-12       9.928534716510e-15       3.717381905731e-14       2.570935884435e-15      -4.497265800161e-16 
  605       2.943812810170e-10       2.865198900691e-12       3.810947748116e-12       9.938354245237e-15       3.695113600728e-14       2.602972812329e-15      -4.559765171466e-16 
  606       2.931693465297e-10       2.905841666342e-12       3.766295318193e-12       9.948010522310e-15       3.673015377280e-14       2.635075961695e-15      -4.621302965396e-16 
  607       2.919591153670e-10       2.946546547612e-12       3.717356112838e-12       9.957506225854e-15       3.651085612699e-14       2.667238872421e-15      -4.681871619102e-16 
  608       2.907512618654e-10       2.987296642458e-12       3.664135612791e-12       9.966844080639e-15       3.629322633340e-14       2.699455004298e-15      -4.741463587116e-16 
  609       2.895464682867e-10       3.028074835291e-12       3.606639766521e-12       9.976026858282e-15       3.607724714340e-14       2.731717736703e-15      -4.800071341591e-16 
  610       2.883454248487e-10       3.068863796113e-12       3.544874992667e-12       9.985057377446e-15       3.586290079360e-14       2.764020368282e-15      -4.857687372551e-16 
  611       2.871488297558e-10       3.109645979670e-12       3.478848182484e-12       9.993938504044e-15       3.565016900324e-14       2.796356116641e-15      -4.914304188139e-16 
  612       2.859573892298e-10       3.150403624587e-12       3.408566702288e-12       1.000267315144e-14       3.543903297157e-14       2.828718118023e-15      -4.969914314857e-16 
  613       2.847718175398e-10       3.191118752522e-12       3.334038395901e-12       1.001126428063e-14       3.522947337528e-14       2.861099426997e-15      -5.024510297817e-16 
  614       2.835928370338e-10       3.231773167304e-12       3.255271587092e-12       1.001971490048e-14       3.502147036585e-14       2.893493016142e-15      -5.078084700985e-16 
  615       2.824211781684e-10       3.272348454082e-12       3.172275082029e-12       1.002802806789e-14       3.481500356701e-14       2.925891775731e-15      -5.130630107426e-16 
  616       2.812575795401e-10       3.312825978464e-12       3.085058171714e-12       1.003620688803e-14       3.461005207207e-14       2.958288513413e-15      -5.182139119552e-16 
  617       2.801027879151e-10       3.353186885668e-12       2.993630634436e-12       1.004425451450e-14       3.440659444137e-14       2.990675953903e-15      -5.232604359368e-16 
  618       2.789575582609e-10       3.393412099665e-12       2.898002738210e-12       1.005217414956e-14       3.420460869965e-14       3.023046738661e-15      -5.282018468716e-16 
  619       2.778226537761e-10       3.433482322319e-12       2.798185243226e-12       1.005996904431e-14       3.400407233345e-14       3.055393425581e-15      -5.330374109521e-16 
  620       2.766988459211e-10       3.473378032537e-12       2.694189404289e-12       1.006764249894e-14       3.380496228851e-14       3.087708488671e-15      -5.377663964040e-16 
  621       2.755869144492e-10       3.513079485412e-12       2.586026973267e-12       1.007519786284e-14       3.360725496719e-14       3.119984317742e-15      -5.423880735104e-16 
  622       2.744875672891e-10       3.552568206107e-12       2.473717316406e-12       1.008263847696e-14       3.341092965342e-14       3.152213395474e-15      -5.469019825079e-16 
  623       2.734011980716e-10       3.591831511681e-12       2.357308944411e-12       1.008996749864e-14       3.321597888113e-14       3.184388833814e-15      -5.513087441148e-16 
  624       2.723281229836e-10       3.630858093494e-12       2.236858491548e-12       1.009718807304e-14       3.302239830361e-14       3.216503849520e-15      -5.556092680383e-16 
  625       2.712686604071e-10       3.669636531674e-12       2.112423651065e-12       1.010430339089e-14       3.283018328629e-14       3.248551587655e-15      -5.598044869294e-16 
  626       2.702231309252e-10       3.708155294714e-12       1.984063179840e-12       1.011131668863e-14       3.263932890528e-14       3.280525121326e-15      -5.638953564905e-16 
  627       2.691918573276e-10       3.746402739086e-12       1.851836903032e-12       1.011823124867e-14       3.244982994577e-14       3.312417451424e-15      -5.678828555831e-16 
  628       2.681751646164e-10       3.784367108847e-12       1.715805718723e-12       1.012505039948e-14       3.226168090053e-14       3.344221506363e-15      -5.717679863349e-16 
  629       2.671733800123e-10       3.822036535245e-12       1.576031602570e-12       1.013177751585e-14       3.207487596832e-14       3.375930141819e-15      -5.755517742479e-16 
  630       2.661868329598e-10       3.859399036327e-12       1.432577612453e-12       1.013841601903e-14       3.188940905239e-14       3.407536140471e-15      -5.792352683055e-16 
  631       2.652158551333e-10       3.896442516549e-12       1.285507893120e-12       1.014496937692e-14       3.170527375893e-14       3.439032211737e-15      -5.828195410803e-16 
  632       2.642607804428e-10       3.933154766379e-12       1.134887680837e-12       1.015144110429e-14       3.152246339552e-14       3.470410991520e-15      -5.863056888417e-16 
  633       2.633219450399e-10       3.969523461910e-12       9.807833080363e-13       1.015783476287e-14       3.134097096959e-14       3.501665041940e-15      -5.896948316631e-16 
  634       2.623996873229e-10       4.005536164461e-12       8.232622079626e-13       1.016415396166e-14       3.116078918689e-14       3.532786851076e-15      -5.929881135299e-16 
  635       2.614943479436e-10       4.041180320192e-12       6.623929193221e-13       1.017040235698e-14       3.098191044992e-14       3.563768832711e-15      -5.961867024467e-16 
  636       2.606062698120e-10       4.076443259703e-12       4.982450909300e-13       1.017658365277e-14       3.080432685643e-14       3.594603326061e-15      -5.992917905450e-16 
  637       2.597357981031e-10       4.111312197649e-12       3.308894863586e-13       1.018270160069e-14       3.062803019784e-14       3.625282595523e-15      -6.023045941907e-16 
  638       2.588832802617e-10       4.145774232345e-12       1.603979885847e-13       1.018876000035e-14       3.045301195774e-14       3.655798830413e-15      -6.052263540918e-16 
  639       2.580490660090e-10       4.179816345370e-12      -1.315639536198e-14       1.019476269946e-14       3.027926331029e-14       3.686144144701e-15      -6.080583354056e-16 
  640       2.572335073478e-10       4.213425401181e-12      -1.896995297514e-13       1.020071359404e-14       3.010677511875e-14       3.716310576754e-15      -6.108018278468e-16 
  641       2.564369585686e-10       4.246588146713e-12      -3.691561455051e-13       1.020661662857e-14       2.993553793388e-14       3.746290089077e-15      -6.134581457944e-16 
  642       2.556597762554e-10       4.279291210995e-12      -5.514498355482e-13       1.021247579623e-14       2.976554199242e-14       3.776074568048e-15      -6.160286283997e-16 
  643       2.549023192911e-10       4.311521104750e-12      -7.365030501619e-13       1.021829513901e-14       2.959677721555e-14       3.805655823661e-15      -6.185146396939e-16 
  644       2.541649488638e-10       4.343264220006e-12      -9.242370923352e-13       1.022407874795e-14       2.942923320736e-14       3.835025589264e-15      -6.209175686951e-16 
  645       2.534480284721e-10       4.374506829703e-12      -1.114572113117e-12       1.022983076330e-14       2.926289925328e-14       3.864175521299e-15      -6.232388295166e-16 
  646       2.527519239311e-10       4.405235087302e-12      -1.307427106970e-12       1.023555537468e-14       2.909776431858e-14       3.893097199041e-15      -6.254798614737e-16 
  647       2.520770033784e-10       4.435435026387e-12      -1.502719907118e-12       1.024125682131e-14       2.893381704677e-14       3.921782124337e-15      -6.276421291919e-16 
  648       2.514236372794e-10       4.465092560282e-12      -1.700367180905e-12       1.024693939217e-14       2.877104575811e-14       3.950221721347e-15      -6.297271227141e-16 
  649       2.507921984334e-10       4.494193481648e-12      -1.900284425142e-12       1.025260742617e-14       2.860943844807e-14       3.978407336282e-15      -6.317363576082e-16 
  650       2.501830619792e-10       4.522723462098e-12      -2.102385961460e-12       1.025826531234e-14       2.844898278573e-14       4.006330237143e-15      -6.336713750746e-16 
  651       2.495966054013e-10       4.550668051802e-12      -2.306584931665e-12       1.026391749003e-14       2.828966611232e-14       4.033981613463e-15      -6.355337420539e-16 
  652       2.490332085348e-10       4.578012679094e-12      -2.512793293085e-12       1.026956844907e-14       2.813147543960e-14       4.061352576044e-15      -6.373250513343e-16 
  653       2.484932535723e-10       4.604742650079e-12      -2.720921813928e-12       1.027522272997e-14       2.797439744838e-14       4.088434156698e-15      -6.390469216592e-16 
  654       2.479771250687e-10       4.630843148244e-12      -2.930880068631e-12       1.028088492409e-14       2.781841848695e-14       4.115217307986e-15      -6.407009978349e-16 
  655       2.474852099476e-10       4.656299234060e-12      -3.142576433210e-12       1.028655967381e-14       2.766352456953e-14       4.141692902954e-15      -6.422889508378e-16 
  656       2.470178975067e-10       4.681095844594e-12      -3.355918080617e-12       1.029225167277e-14       2.750970137476e-14       4.167851734880e-15      -6.438124779223e-16 
  657       2.465755794238e-10       4.705217793115e-12      -3.570810976089e-12       1.029796566596e-14       2.735693424414e-14       4.193684517006e-15      -6.452733027282e-16 
  658       2.461586497627e-10       4.728649768702e-12      -3.787159872501e-12       1.030370645001e-14       2.720520818048e-14       4.219181882283e-15      -6.466731753883e-16 
  659       2.457675049784e-10       4.751376335849e-12      -4.004868305718e-12       1.030947887327e-14       2.705450784636e-14       4.244334383106e-15      -6.480138726357e-16 
  660       2.454025439235e-10       4.773381934076e-12      -4.223838589946e-12       1.031528783606e-14       2.690481756261e-14       4.269132491056e-15      -6.492971979117e-16 
  661       2.450640902128e-10       4.794653086008e-12      -4.443975264973e-12       1.032113784073e-14       2.675612351080e-14       4.293568464950e-15      -6.505244952188e-16 
  662       2.447521574271e-10       4.815185075868e-12      -4.665195530732e-12       1.032703163057e-14       2.660842039711e-14       4.317642000743e-15      -6.516951786944e-16 
  663       2.444666787428e-10       4.834975417476e-12      -4.887419033644e-12       1.033297152126e-14       2.646170493236e-14       4.341354705698e-15      -6.528081708240e-16 
  664       2.442075840892e-10       4.854021659334e-12      -5.110564431874e-12       1.033895984827e-14       2.631597364034e-14       4.364708241613e-15      -6.538623857346e-16 
  665       2.439748001326e-10       4.872321384827e-12      -5.334549391627e-12       1.034499896699e-14       2.617122285688e-14       4.387704325069e-15      -6.548567291682e-16 
  666       2.437682502608e-10       4.889872212447e-12      -5.559290583448e-12       1.035109125271e-14       2.602744872888e-14       4.410344727683e-15      -6.557900984565e-16 
  667       2.435878545677e-10       4.906671795997e-12      -5.784703678520e-12       1.035723910075e-14       2.588464721344e-14       4.432631276358e-15      -6.566613824946e-16 
  668       2.434335298377e-10       4.922717824810e-12      -6.010703344965e-12       1.036344492647e-14       2.574281407683e-14       4.454565853540e-15      -6.574694617158e-16 
  669       2.433051895302e-10       4.938008023961e-12      -6.237203244139e-12       1.036971116535e-14       2.560194489364e-14       4.476150397463e-15      -6.582132080655e-16 
  670       2.432027437643e-10       4.952540154479e-12      -6.464116026934e-12       1.037604027306e-14       2.546203504580e-14       4.497386902405e-15      -6.588914849752e-16 
  671       2.431260993028e-10       4.966312013560e-12      -6.691353330077e-12       1.038243472548e-14       2.532307972163e-14       4.518277418939e-15      -6.595031473371e-16 
  672       2.430751595371e-10       4.979321434780e-12      -6.918825772424e-12       1.038889701882e-14       2.518507391495e-14       4.538824054185e-15      -6.600470414780e-16 
  673       2.430498244716e-10       4.991566288311e-12      -7.146442951267e-12       1.039542966960e-14       2.504801242410e-14       4.559028972059e-15      -6.605220051337e-16 
  674       2.430499907081e-10       5.003044481132e-12      -7.374113438622e-12       1.040203521480e-14       2.491188985102e-14       4.578894393532e-15      -6.609268674230e-16 
  675       2.430755514303e-10       5.013753957239e-12      -7.601744777539e-12       1.040871621184e-14       2.477670060031e-14       4.598422596871e-15      -6.612604488221e-16 
  676       2.431263963883e-10       5.023692697866e-12      -7.829243478393e-12       1.041547523867e-14       2.464243887832e-14       4.617615917903e-15      -6.615215611388e-16 
  677       2.432024118832e-10       5.032858721689e-12      -8.056515015185e-12       1.042231489385e-14       2.450909869215e-14       4.636476750255e-15      -6.617090074864e-16 
  678       2.433034807514e-10       5.041250085047e-12      -8.283463821841e-12       1.042923779658e-14       2.437667384879e-14       4.655007545616e-15      -6.618215822582e-16 
  679       2.434294823492e-10       5.048864882149e-12      -8.509993288511e-12       1.043624658678e-14       2.424515795410e-14       4.673210813982e-15      -6.618580711018e-16 
  680       2.435802925372e-10       5.055701245292e-12      -8.736005757869e-12       1.044334392511e-14       2.411454441197e-14       4.691089123909e-15      -6.618172508928e-16 
  681       2.437557836648e-10       5.061757345071e-12      -8.961402521407e-12       1.045053249308e-14       2.398482642329e-14       4.708645102768e-15      -6.616978897097e-16 
  682       2.439558245550e-10       5.067031390593e-12      -9.186083815740e-12       1.045781499308e-14       2.385599698506e-14       4.725881436995e-15      -6.614987468074e-16 
  683       2.441802804882e-10       5.071521629691e-12      -9.409948818899e-12       1.046519414846e-14       2.372804888947e-14       4.742800872339e-15      -6.612185725918e-16 
  684       2.444290131874e-10       5.075226349135e-12      -9.632895646636e-12       1.047267270354e-14       2.360097472292e-14       4.759406214122e-15      -6.608561085941e-16 
  685       2.447018808022e-10       5.078143874849e-12      -9.854821348715e-12       1.048025342374e-14       2.347476686511e-14       4.775700327481e-15      -6.604100874446e-16 
  686       2.449987378936e-10       5.080272572119e-12      -1.007562190522e-11       1.048793909559e-14       2.334941748809e-14       4.791686137630e-15      -6.598792328474e-16 
  687       2.453194354182e-10       5.081610845811e-12      -1.029519222284e-11       1.049573252679e-14       2.322491855534e-14       4.807366630103e-15      -6.592622595539e-16 
  688       2.456638207130e-10       5.082157140580e-12      -1.051342613119e-11       1.050363654630e-14       2.310126182081e-14       4.822744851011e-15      -6.585578733380e-16 
  689       2.460317374797e-10       5.081909941086e-12      -1.073021637908e-11       1.051165400436e-14       2.297843882800e-14       4.837823907292e-15      -6.577647709692e-16 
  690       2.464230257689e-10       5.080867772207e-12      -1.094545463085e-11       1.051978777260e-14       2.285644090902e-14       4.852606966962e-15      -6.568816401876e-16 
  691       2.468375219653e-10       5.079029199251e-12      -1.115903146263e-11       1.052804074403e-14       2.273525918367e-14       4.867097259371e-15      -6.559071596779e-16 
  692       2.472750587715e-10       5.076392828168e-12      -1.137083635866e-11       1.053641583318e-14       2.261488455844e-14       4.881298075447e-15      -6.548399990433e-16 
  693       2.477354651929e-10       5.072957305767e-12      -1.158075770761e-11       1.054491597608e-14       2.249530772567e-14       4.895212767957e-15      -6.536788187802e-16 
  694       2.482185665219e-10       5.068721319925e-12      -1.178868279881e-11       1.055354413038e-14       2.237651916252e-14       4.908844751753e-15      -6.524222702520e-16 
  695       2.487241843227e-10       5.063683599802e-12      -1.199449781864e-11       1.056230327537e-14       2.225850913010e-14       4.922197504022e-15      -6.510689956634e-16 
  696       2.492521364156e-10       5.057842916055e-12      -1.219808784676e-11       1.057119641207e-14       2.214126767248e-14       4.935274564546e-15      -6.496176280347e-16 
  697       2.498022368613e-10       5.051198081051e-12      -1.239933685242e-11       1.058022656326e-14       2.202478461582e-14       4.948079535945e-15      -6.480667911761e-16 
  698       2.503742959457e-10       5.043747949076e-12      -1.259812769081e-11       1.058939677357e-14       2.190904956736e-14       4.960616083933e-15      -6.464150996613e-16 
  699       2.509681201644e-10       5.035491416555e-12      -1.279434209926e-11       1.059871010949e-14       2.179405191452e-14       4.972887937571e-15      -6.446611588027e-16 
  700       2.515834828872e-10       5.026428973499e-12      -1.298787223986e-11       1.060816910917e-14       2.167978227120e-14       4.984898140468e-15      -6.428041395316e-16 
  701       2.522200357140e-10       5.016567392895e-12      -1.317865559814e-11       1.061777411881e-14       2.156623685148e-14       4.996646786764e-15      -6.408455162344e-16 
  702       2.528773952420e-10       5.005915139422e-12      -1.336664080397e-11       1.062752492171e-14       2.145341318520e-14       5.008133238486e-15      -6.387873650654e-16 
  703       2.535551721953e-10       4.994480827648e-12      -1.355177615033e-11       1.063742128538e-14       2.134130867832e-14       5.019356870395e-15      -6.366317924330e-16 
  704       2.542529714023e-10       4.982273222624e-12      -1.373400959238e-11       1.064746296144e-14       2.122992061240e-14       5.030317070053e-15      -6.343809351142e-16 
  705       2.549703917730e-10       4.969301240475e-12      -1.391328874661e-11       1.065764968557e-14       2.111924614398e-14       5.041013237891e-15      -6.320369603698e-16 
  706       2.557070262764e-10       4.955573948994e-12      -1.408956088999e-11       1.066798117743e-14       2.100928230404e-14       5.051444787280e-15      -6.296020660586e-16 
  707       2.564624619176e-10       4.941100568233e-12      -1.426277295903e-11       1.067845714058e-14       2.090002599735e-14       5.061611144596e-15      -6.270784807528e-16 
  708       2.572362797155e-10       4.925890471097e-12      -1.443287154897e-11       1.068907726240e-14       2.079147400197e-14       5.071511749293e-15      -6.244684638526e-16 
  709       2.580280546796e-10       4.909953183936e-12      -1.459980291285e-11       1.069984121403e-14       2.068362296859e-14       5.081146053969e-15      -6.217743057006e-16 
  710       2.588373557877e-10       4.893298387137e-12      -1.476351296066e-11       1.071074865027e-14       2.057646941999e-14       5.090513524436e-15      -6.189983276973e-16 
  711       2.596637459632e-10       4.875935915715e-12      -1.492394725845e-11       1.072179920954e-14       2.047000975046e-14       5.099613639784e-15      -6.161428824154e-16 
  712       2.605067820522e-10       4.857875759910e-12      -1.508105102747e-11       1.073299251378e-14       2.036424022520e-14       5.108445892459e-15      -6.132103537145e-16 
  713       2.613660148009e-10       4.839128065775e-12      -1.523476914326e-11       1.074432816835e-14       2.025915697972e-14       5.117009788321e-15      -6.102031568565e-16 
  714       2.622409888331e-10       4.819703135770e-12      -1.538504613481e-11       1.075580576202e-14       2.015475601931e-14       5.125304846721e-15      -6.071237386196e-16 
  715       2.631312426272e-10       4.799611429356e-12      -1.553182618366e-11       1.076742486685e-14       2.005103321841e-14       5.133330600564e-15      -6.039745774139e-16 
  716       2.640363084938e-10       4.778863563586e-12      -1.567505312302e-11       1.077918503811e-14       1.994798432003e-14       5.141086596381e-15      -6.007581833954e-16 
  717       2.649557125527e-10       4.757470313696e-12      -1.581467043690e-11       1.079108581422e-14       1.984560493522e-14       5.148572394396e-15      -5.974770985815e-16 
  718       2.658889747106e-10       4.735442613701e-12      -1.595062125924e-11       1.080312671669e-14       1.974389054240e-14       5.155787568597e-15      -5.941338969654e-16 
  719       2.668356086383e-10       4.712791556985e-12      -1.608284837301e-11       1.081530724999e-14       1.964283648686e-14       5.162731706799e-15      -5.907311846308e-16 
  720       2.677951217476e-10       4.689528396894e-12      -1.621129420937e-11       1.082762690155e-14       1.954243798011e-14       5.169404410720e-15      -5.872715998670e-16 
  721       2.687670151692e-10       4.665664547329e-12      -1.633590084674e-11       1.084008514163e-14       1.944269009935e-14       5.175805296045e-15      -5.837578132837e-16 
  722       2.697507837297e-10       4.641211583337e-12      -1.645661000998e-11       1.085268142324e-14       1.934358778687e-14       5.181933992493e-15      -5.801925279255e-16 
  723       2.707459159291e-10       4.616181241707e-12      -1.657336306945e-11       1.086541518212e-14       1.924512584943e-14       5.187790143892e-15      -5.765784793867e-16 
  724       2.717518939178e-10       4.590585421558e-12      -1.668610104019e-11       1.087828583661e-14       1.914729895774e-14       5.193373408242e-15      -5.729184359266e-16 
  725       2.727681934742e-10       4.564436184934e-12      -1.679476458101e-11       1.089129278759e-14       1.905010164584e-14       5.198683457786e-15      -5.692151985836e-16 
  726       2.737942839820e-10       4.537745757397e-12      -1.689929399363e-11       1.090443541841e-14       1.895352831051e-14       5.203719979078e-15      -5.654716012907e-16 
  727       2.748296284072e-10       4.510526528617e-12      -1.699962922178e-11       1.091771309483e-14       1.885757321070e-14       5.208482673050e-15      -5.616905109895e-16 
  728       2.758736832759e-10       4.482791052968e-12      -1.709570985034e-11       1.093112516491e-14       1.876223046697e-14       5.212971255086e-15      -5.578748277457e-16 
  729       2.769258986514e-10       4.454552050118e-12      -1.718747510445e-11       1.094467095896e-14       1.866749406086e-14       5.217185455085e-15      -5.540274848637e-16 
  730       2.779857181112e-10       4.425822405620e-12      -1.727486384866e-11       1.095834978944e-14       1.857335783433e-14       5.221125017530e-15      -5.501514490009e-16 
  731       2.790525787249e-10       4.396615171509e-12      -1.735781458601e-11       1.097216095093e-14       1.847981548920e-14       5.224789701562e-15      -5.462497202834e-16 
  732       2.801259110311e-10       4.366943566891e-12      -1.743626545719e-11       1.098610372000e-14       1.838686058653e-14       5.228179281041e-15      -5.423253324199e-16 
  733       2.812051390147e-10       4.336820978538e-12      -1.751015423964e-11       1.100017735518e-14       1.829448654605e-14       5.231293544621e-15      -5.383813528171e-16 
  734       2.822896800845e-10       4.306260961476e-12      -1.757941834667e-11       1.101438109685e-14       1.820268664557e-14       5.234132295815e-15      -5.344208826942e-16 
  735       2.833789450504e-10       4.275277239584e-12      -1.764399482662e-11       1.102871416719e-14       1.811145402044e-14       5.236695353065e-15      -5.304470571979e-16 
  736       2.844723381006e-10       4.243883706180e-12      -1.770382036192e-11       1.104317577008e-14       1.802078166290e-14       5.238982549812e-15      -5.264630455169e-16 
  737       2.855692567789e-10       4.212094424618e-12      -1.775883126827e-11       1.105776509106e-14       1.793066242154e-14       5.240993734560e-15      -5.224720509970e-16 
  738       2.866690919622e-10       4.179923628880e-12      -1.780896349373e-11       1.107248129722e-14       1.784108900071e-14       5.242728770950e-15      -5.184773112556e-16 
  739       2.877712592294e-10       4.147385626148e-12      -1.785416501378e-11       1.108732324388e-14       1.775205492721e-14       5.244187347343e-15      -5.144814520579e-16 
  740       2.888752936930e-10       4.114494501229e-12      -1.789443328656e-11       1.110228858848e-14       1.766355747255e-14       5.245368401322e-15      -5.104845347224e-16 
  741       2.899807569942e-10       4.081264407471e-12      -1.792977853518e-11       1.111737465902e-14       1.757559478720e-14       5.246270683965e-15      -5.064859704038e-16 
  742       2.910872060651e-10       4.047709664823e-12      -1.796021142053e-11       1.113257874565e-14       1.748816493818e-14       5.246892949333e-15      -5.024851628145e-16 
  743       2.921941931130e-10       4.013844760405e-12      -1.798574304318e-11       1.114789810050e-14       1.740126590871e-14       5.247233954490e-15      -4.984815081971e-16 
  744       2.933012656042e-10       3.979684349078e-12      -1.800638494518e-11       1.116332993755e-14       1.731489559780e-14       5.247292459530e-15      -4.944743952980e-16 
  745       2.944079662489e-10       3.945243254020e-12      -1.802214911194e-11       1.117887143247e-14       1.722905181991e-14       5.247067227609e-15      -4.904632053397e-16 
  746       2.955138329845e-10       3.910536467290e-12      -1.803304797405e-11       1.119451972250e-14       1.714373230454e-14       5.246557024967e-15      -4.864473119942e-16 
  747       2.966183989608e-10       3.875579150403e-12      -1.803909440910e-11       1.121027190633e-14       1.705893469593e-14       5.245760620957e-15      -4.824260813561e-16 
  748       2.977211925232e-10       3.840386634901e-12      -1.804030174359e-11       1.122612504390e-14       1.697465655261e-14       5.244676788070e-15      -4.783988719151e-16 
  749       2.988217371977e-10       3.804974422923e-12      -1.803668375471e-11       1.124207615631e-14       1.689089534707e-14       5.243304301966e-15      -4.743650345296e-16 
  750       2.999195516749e-10       3.769358187776e-12      -1.802825467221e-11       1.125812222568e-14       1.680764846541e-14       5.241641941494e-15      -4.703239123992e-16 
  751       3.010141497937e-10       3.733553774507e-12      -1.801502918022e-11       1.127426019497e-14       1.672491320691e-14       5.239688488725e-15      -4.662748410377e-16 
  752       3.021050405264e-10       3.697577200472e-12      -1.799702241912e-11       1.129048696790e-14       1.664268678371e-14       5.237442728978e-15      -4.622171482466e-16 
  753       3.031917279619e-10       3.661444655908e-12      -1.797424998739e-11       1.130679940874e-14       1.656096632042e-14       5.234903450842e-15      -4.581501540874e-16 
  754       3.042737112909e-10       3.625172504506e-12      -1.794672794340e-11       1.132319434224e-14       1.647974885374e-14       5.232069446208e-15      -4.540731708551e-16 
  755       3.053504847894e-10       3.588777283979e-12      -1.791447280730e-11       1.133966855343e-14       1.639903133213e-14       5.228939510295e-15      -4.499855030511e-16 
  756       3.064215378030e-10       3.552275706635e-12      -1.787750156286e-11       1.135621878754e-14       1.631881061537e-14       5.225512441675e-15      -4.458864473557e-16 
  757       3.074863547314e-10       3.515684659944e-12      -1.783583165929e-11       1.137284174979e-14       1.623908347425e-14       5.221787042300e-15      -4.417752926019e-16 
  758       3.085444150124e-10       3.479021207117e-12      -1.778948101310e-11       1.138953410531e-14       1.615984659019e-14       5.217762117530e-15      -4.376513197478e-16 
  759       3.095951931060e-10       3.442302587669e-12      -1.773846800992e-11       1.140629247898e-14       1.608109655483e-14       5.213436476160e-15      -4.335138018497e-16 
  760       3.106381584791e-10       3.405546217993e-12      -1.768281150637e-11       1.142311345529e-14       1.600282986971e-14       5.208808930445e-15      -4.293620040351e-16 
  761       3.116727755888e-10       3.368769691933e-12      -1.762253083189e-11       1.143999357818e-14       1.592504294586e-14       5.203878296130e-15      -4.251951834759e-16 
  762       3.126985038677e-10       3.331990781350e-12      -1.755764579059e-11       1.145692935094e-14       1.584773210345e-14       5.198643392473e-15      -4.210125893612e-16 
  763       3.137147977070e-10       3.295227436699e-12      -1.748817666308e-11       1.147391723604e-14       1.577089357142e-14       5.193103042274e-15      -4.168134628700e-16 
  764       3.147211064418e-10       3.258497787595e-12      -1.741414420831e-11       1.149095365500e-14       1.569452348710e-14       5.187256071902e-15      -4.125970371449e-16 
  765       3.157168743343e-10       3.221820143387e-12      -1.733556966543e-11       1.150803498824e-14       1.561861789585e-14       5.181101311321e-15      -4.083625372644e-16 
  766       3.167015405586e-10       3.185212993729e-12      -1.725247475563e-11       1.152515757498e-14       1.554317275065e-14       5.174637594117e-15      -4.041091802162e-16 
  767       3.176745391850e-10       3.148695009147e-12      -1.716488168395e-11       1.154231771304e-14       1.546818391181e-14       5.167863757526e-15      -3.998361748702e-16 
  768       3.186352991635e-10       3.112285041616e-12      -1.707281314118e-11       1.155951165874e-14       1.539364714652e-14       5.160778642458e-15      -3.955427219514e-16 
  769       3.195832443089e-10       3.076002125125e-12      -1.697629230564e-11       1.157673562675e-14       1.531955812851e-14       5.153381093528e-15      -3.912280140129e-16 
  770       3.205177932843e-10       3.039865476254e-12      -1.687534284508e-11       1.159398578996e-14       1.524591243770e-14       5.145669959078e-15      -3.868912354091e-16 
  771       3.214383595858e-10       3.003894494739e-12      -1.676998891848e-11       1.161125827932e-14       1.517270555978e-14       5.137644091207e-15      -3.825315622681e-16 
  772       3.223443515262e-10       2.968108764048e-12      -1.666025517792e-11       1.162854918372e-14       1.509993288589e-14       5.129302345799e-15      -3.781481624654e-16 
  773       3.232351722196e-10       2.932528051949e-12      -1.654616677038e-11       1.164585454982e-14       1.502758971222e-14       5.120643582546e-15      -3.737401955965e-16 
  774       3.241102195656e-10       2.897172311082e-12      -1.642774933966e-11       1.166317038197e-14       1.495567123965e-14       5.111666664977e-15      -3.693068129499e-16 
  775       3.249688862332e-10       2.862061679530e-12      -1.630502902813e-11       1.168049264200e-14       1.488417257335e-14       5.102370460485e-15      -3.648471574802e-16 
  776       3.258105596454e-10       2.827216481388e-12      -1.617803247865e-11       1.169781724912e-14       1.481308872248e-14       5.092753840354e-15      -3.603603637809e-16 
  777       3.266346219629e-10       2.792657227338e-12      -1.604678683636e-11       1.171514007978e-14       1.474241459974e-14       5.082815679782e-15      -3.558455580576e-16 
  778       3.274405178548e-10       2.758402910840e-12      -1.591132561269e-11       1.173245711611e-14       1.467214567795e-14       5.072555832484e-15      -3.513021628245e-16 
  779       3.282279592340e-10       2.724465860518e-12      -1.577170639419e-11       1.174976489464e-14       1.460227997388e-14       5.061978074455e-15      -3.467308173138e-16 
  780       3.289967243295e-10       2.690856792374e-12      -1.562799346940e-11       1.176706006573e-14       1.453281610089e-14       5.051087215458e-15      -3.421324742734e-16 
  781       3.297465902463e-10       2.657586505650e-12      -1.548025199987e-11       1.178433924560e-14       1.446375261512e-14       5.039888129682e-15      -3.375080968397e-16 
  782       3.304773329626e-10       2.624665883065e-12      -1.532854802310e-11       1.180159901627e-14       1.439508801528e-14       5.028385755956e-15      -3.328586585714e-16 
  783       3.311887273277e-10       2.592105891047e-12      -1.517294845556e-11       1.181883592540e-14       1.432682074242e-14       5.016585097970e-15      -3.281851434829e-16 
  784       3.318805470595e-10       2.559917579966e-12      -1.501352109573e-11       1.183604648622e-14       1.425894917964e-14       5.004491224497e-15      -3.234885460769e-16 
  785       3.325525647421e-10       2.528112084366e-12      -1.485033462703e-11       1.185322717738e-14       1.419147165190e-14       4.992109269611e-15      -3.187698713788e-16 
  786       3.332045518235e-10       2.496700623205e-12      -1.468345862089e-11       1.187037444288e-14       1.412438642574e-14       4.979444432907e-15      -3.140301349690e-16 
  787       3.338362786134e-10       2.465694500078e-12      -1.451296353973e-11       1.188748469194e-14       1.405769170909e-14       4.966501979722e-15      -3.092703630171e-16 
  788       3.344475142803e-10       2.435105103462e-12      -1.433892073996e-11       1.190455429887e-14       1.399138565095e-14       4.953287241352e-15      -3.044915923143e-16 
  789       3.350380268498e-10       2.404943906941e-12      -1.416140247497e-11       1.192157960299e-14       1.392546634125e-14       4.939805615275e-15      -2.996948703077e-16 
  790       3.356075832016e-10       2.375222469443e-12      -1.398048189817e-11       1.193855690853e-14       1.385993181051e-14       4.926062565370e-15      -2.948812551329e-16 
  791       3.361559490676e-10       2.345952435472e-12      -1.379623306595e-11       1.195548248447e-14       1.379478002968e-14       4.912063622134e-15      -2.900518156475e-16 
  792       3.366828890292e-10       2.317145535346e-12      -1.360873094072e-11       1.197235256446e-14       1.373000890984e-14       4.897814382905e-15      -2.852076314646e-16 
  793       3.371881665152e-10       2.288813585423e-12      -1.341805139389e-11       1.198916334674e-14       1.366561630199e-14       4.883320512082e-15      -2.803497929862e-16 
  794       3.376715437991e-10       2.260968488341e-12      -1.322427120888e-11       1.200591099395e-14       1.360159999681e-14       4.868587741341e-15      -2.754794014359e-16 
  795       3.381327819971e-10       2.233622233247e-12      -1.302746808413e-11       1.202259163312e-14       1.353795772440e-14       4.853621869861e-15      -2.705975688929e-16 
  796       3.385716410654e-10       2.206786896036e-12      -1.282772063608e-11       1.203920135546e-14       1.347468715408e-14       4.838428764536e-15      -2.657054183251e-16 
  797       3.389878797980e-10       2.180474639579e-12      -1.262510840221e-11       1.205573621634e-14       1.341178589409e-14       4.823014360201e-15      -2.608040836224e-16 
  798       3.393812558242e-10       2.154697713957e-12      -1.241971184402e-11       1.207219223509e-14       1.334925149139e-14       4.807384659851e-15      -2.558947096299e-16 
  799       3.397515256066e-10       2.129468456699e-12      -1.221161235003e-11       1.208856539497e-14       1.328708143142e-14       4.791545734857e-15      -2.509784521814e-16 
  800       3.400984444380e-10       2.104799293012e-12      -1.200089223878e-11       1.210485164302e-14       1.322527313783e-14       4.775503725189e-15      -2.460564781327e-16 
  801       3.404217664397e-10       2.080702736014e-12      -1.178763476187e-11       1.212104688996e-14       1.316382397229e-14       4.759264839636e-15      -2.411299653949e-16 
  802       3.407212445590e-10       2.057191386969e-12      -1.157192410690e-11       1.213714701004e-14       1.310273123417e-14       4.742835356024e-15      -2.362001029675e-16 
  803       3.409966305665e-10       2.034277935522e-12      -1.135384540054e-11       1.215314784102e-14       1.304199216040e-14       4.726221621438e-15      -2.312680909722e-16 
  804       3.412476750539e-10       2.011975159928e-12      -1.113348471150e-11       1.216904518397e-14       1.298160392514e-14       4.709430052438e-15      -2.263351406858e-16 
  805       3.414741274319e-10       1.990295927291e-12      -1.091092905350e-11       1.218483480319e-14       1.292156363959e-14       4.692467135284e-15      -2.214024745737e-16 
  806       3.416757359273e-10       1.969253193793e-12      -1.068626638836e-11       1.220051242612e-14       1.286186835173e-14       4.675339426151e-15      -2.164713263232e-16 
  807       3.418522475811e-10       1.948860004930e-12      -1.045958562891e-11       1.221607374321e-14       1.280251504609e-14       4.658053551351e-15      -2.115429408768e-16 
  808       3.420034082459e-10       1.929129495743e-12      -1.023097664205e-11       1.223151440781e-14       1.274350064350e-14       4.640616207555e-15      -2.066185744656e-16 
  809       3.421289625835e-10       1.910074891056e-12      -1.000053025174e-11       1.224683003607e-14       1.268482200085e-14       4.623034162006e-15      -2.016994946424e-16 
  810       3.422286540626e-10       1.891709505706e-12      -9.768338242009e-12       1.226201620680e-14       1.262647591087e-14       4.605314252748e-15      -1.967869803154e-16 
  811       3.423022249564e-10       1.874046744777e-12      -9.534493359927e-12       1.227706846142e-14       1.256845910184e-14       4.587463388838e-15      -1.918823217812e-16 
  812       3.423494163403e-10       1.857100103833e-12      -9.299089318649e-12       1.229198230377e-14       1.251076823741e-14       4.569488550569e-15      -1.869868207581e-16 
  813       3.423699680894e-10       1.840883169154e-12      -9.062220800396e-12       1.230675320007e-14       1.245339991632e-14       4.551396789691e-15      -1.821017904197e-16 
  814       3.423636188762e-10       1.825409617967e-12      -8.823983459462e-12       1.232137657878e-14       1.239635067217e-14       4.533195229628e-15      -1.772285554281e-16 
  815       3.423301061680e-10       1.810693218680e-12      -8.584473925218e-12       1.233584783046e-14       1.233961697317e-14       4.514891065700e-15      -1.723684519670e-16 
  816       3.422691662252e-10       1.796747831117e-12      -8.343789805117e-12       1.235016230774e-14       1.228319522193e-14       4.496491565341e-15      -1.675228277755e-16 
  817       3.421805964536e-10       1.783585137739e-12      -8.102025916984e-12       1.236431581223e-14       1.222708220808e-14       4.478002878059e-15      -1.626928406943e-16 
  818       3.420644436913e-10       1.771207792402e-12      -7.859262906053e-12       1.237830606535e-14       1.217127647568e-14       4.459426441560e-15      -1.578788502944e-16 
  819       3.419208192803e-10       1.759616149686e-12      -7.615578430560e-12       1.239213126357e-14       1.211577697974e-14       4.440762511863e-15      -1.530810154478e-16 
  820       3.417498370254e-10       1.748810522640e-12      -7.371050916352e-12       1.240578959370e-14       1.206058263546e-14       4.422011347753e-15      -1.482994948267e-16 
  821       3.415516132022e-10       1.738791182610e-12      -7.125759559211e-12       1.241927923285e-14       1.200569231797e-14       4.403173210788e-15      -1.435344469006e-16 
  822       3.413262665663e-10       1.729558359066e-12      -6.879784327182e-12       1.243259834838e-14       1.195110486225e-14       4.384248365299e-15      -1.387860299331e-16 
  823       3.410739183622e-10       1.721112239426e-12      -6.633205962896e-12       1.244574509793e-14       1.189681906293e-14       4.365237078405e-15      -1.340544019797e-16 
  824       3.407946923317e-10       1.713452968883e-12      -6.386105985901e-12       1.245871762934e-14       1.184283367415e-14       4.346139620012e-15      -1.293397208843e-16 
  825       3.404887147234e-10       1.706580650232e-12      -6.138566694982e-12       1.247151408069e-14       1.178914740938e-14       4.326956262822e-15      -1.246421442769e-16 
  826       3.401561143007e-10       1.700495343694e-12      -5.890671170495e-12       1.248413258020e-14       1.173575894129e-14       4.307687282339e-15      -1.199618295704e-16 
  827       3.397970223514e-10       1.695197066745e-12      -5.642503276683e-12       1.249657124630e-14       1.168266690154e-14       4.288332956874e-15      -1.152989339575e-16 
  828       3.394115726960e-10       1.690685793938e-12      -5.394147664013e-12       1.250882818750e-14       1.162986988070e-14       4.268893567552e-15      -1.106536144086e-16 
  829       3.389999016966e-10       1.686961456734e-12      -5.145689771491e-12       1.252090150247e-14       1.157736642800e-14       4.249369398319e-15      -1.060260276683e-16 
  830       3.385621482661e-10       1.684023943324e-12      -4.897215828999e-12       1.253278927996e-14       1.152515505125e-14       4.229760735944e-15      -1.014163302526e-16 
  831       3.380984538764e-10       1.681873098459e-12      -4.648812859613e-12       1.254448959877e-14       1.147323421662e-14       4.210067870032e-15      -9.682467844650e-17 
  832       3.376089625677e-10       1.680508723270e-12      -4.400568681932e-12       1.255600052777e-14       1.142160234852e-14       4.190291093023e-15      -9.225122830060e-17 
  833       3.370938209573e-10       1.679930575102e-12      -4.152571912406e-12       1.256732012582e-14       1.137025782943e-14       4.170430700201e-15      -8.769613562854e-17 
  834       3.365531782482e-10       1.680138367334e-12      -3.904911967657e-12       1.257844644183e-14       1.131919899973e-14       4.150486989702e-15      -8.315955600409e-17 
  835       3.359871862378e-10       1.681131769206e-12      -3.657679066811e-12       1.258937751463e-14       1.126842415754e-14       4.130460262518e-15      -7.864164475826e-17 
  836       3.353959993274e-10       1.682910405649e-12      -3.410964233820e-12       1.260011137304e-14       1.121793155860e-14       4.110350822502e-15      -7.414255697648e-17 
  837       3.347797745301e-10       1.685473857107e-12      -3.164859299790e-12       1.261064603581e-14       1.116771941604e-14       4.090158976376e-15      -6.966244749573e-17 
  838       3.341386714804e-10       1.688821659363e-12      -2.919456905306e-12       1.262097951158e-14       1.111778590029e-14       4.069885033737e-15      -6.520147090165e-17 
  839       3.334728524425e-10       1.692953303369e-12      -2.674850502759e-12       1.263110979889e-14       1.106812913888e-14       4.049529307061e-15      -6.075978152575e-17 
  840       3.327824823194e-10       1.697868235067e-12      -2.431134358672e-12       1.264103488613e-14       1.101874721629e-14       4.029092111713e-15      -5.633753344250e-17 
  841       3.320677286618e-10       1.703565855221e-12      -2.188403556025e-12       1.265075275154e-14       1.096963817380e-14       4.008573765948e-15      -5.193488046649e-17 
  842       3.313287616765e-10       1.710045519236e-12      -1.946753996583e-12       1.266026136318e-14       1.092080000931e-14       3.987974590923e-15      -4.755197614957e-17 
  843       3.305657542357e-10       1.717306536991e-12      -1.706282403219e-12       1.266955867888e-14       1.087223067721e-14       3.967294910696e-15      -4.318897377801e-17 
  844       3.297788818855e-10       1.725348172661e-12      -1.467086322245e-12       1.267864264628e-14       1.082392808819e-14       3.946535052238e-15      -3.884602636961e-17 
  845       3.289683228548e-10       1.734169644544e-12      -1.229264125733e-12       1.268751120272e-14       1.077589010910e-14       3.925695345437e-15      -3.452328667089e-17 
  846       3.281342580643e-10       1.743770124886e-12      -9.929150138433e-13       1.269616227531e-14       1.072811456278e-14       3.904776123104e-15      -3.022090715419e-17 
  847       3.272768711350e-10       1.754148739709e-12      -7.581390171519e-13       1.270459378083e-14       1.068059922793e-14       3.883777720977e-15      -2.593904001482e-17 
  848       3.263963483974e-10       1.765304568639e-12      -5.250369989744e-13       1.271280362576e-14       1.063334183890e-14       3.862700477733e-15      -2.167783716824e-17 
  849       3.254928788999e-10       1.777236644725e-12      -2.937106576932e-13       1.272078970622e-14       1.058634008556e-14       3.841544734987e-15      -1.743745024715e-17 
  850       3.245666544180e-10       1.789943954273e-12      -6.426252908324e-14       1.272854990797e-14       1.053959161316e-14       3.820310837303e-15      -1.321803059868e-17 
  851       3.236178694628e-10       1.803425436667e-12       1.632040113617e-13       1.273608210639e-14       1.049309402212e-14       3.798999132197e-15      -9.019729281499e-18 
  852       3.226467212903e-10       1.817679984198e-12       3.885847461029e-13       1.274338416643e-14       1.044684486792e-14       3.777609970145e-15      -4.842697062985e-18 
  853       3.216534099095e-10       1.832706441887e-12       6.117746132308e-13       1.275045394263e-14       1.040084166091e-14       3.756143704589e-15      -6.870844163475e-19 
  854       3.206381380919e-10       1.848503607314e-12       8.326677041389e-13       1.275728927904e-14       1.035508186617e-14       3.734600691941e-15       3.446958482220e-18 
  855       3.196011113799e-10       1.865070230443e-12       1.051157261197e-12       1.276388800924e-14       1.030956290333e-14       3.712981291594e-15       7.559281756397e-18 
  856       3.185425608475e-10       1.882403563409e-12       1.267146340414e-12       1.277024846690e-14       1.026428246319e-14       3.691285759613e-15       1.164966707390e-17 
  857       3.174628117888e-10       1.900494983116e-12       1.480580003418e-12       1.277637102693e-14       1.021923946376e-14       3.669513927831e-15       1.571762008806e-17 
  858       3.163622162183e-10       1.919334293649e-12       1.691413669809e-12       1.278225659056e-14       1.017443311020e-14       3.647665519298e-15       1.976257446258e-17 
  859       3.152411302379e-10       1.938911169138e-12       1.899602501337e-12       1.278790607720e-14       1.012986257944e-14       3.625740254080e-15       2.378396030107e-17 
  860       3.140999140491e-10       1.959215153350e-12       2.105101401324e-12       1.279332042447e-14       1.008552702003e-14       3.603737849248e-15       2.778120413870e-17 
  861       3.129389319660e-10       1.980235659273e-12       2.307865014078e-12       1.279850058832e-14       1.004142555210e-14       3.581658018864e-15       3.175372893377e-17 
  862       3.117585524277e-10       2.001961968708e-12       2.507847724318e-12       1.280344754302e-14       9.997557267196e-15       3.559500473977e-15       3.570095405934e-17 
  863       3.105591480107e-10       2.024383231858e-12       2.705003656585e-12       1.280816228128e-14       9.953921228198e-15       3.537264922603e-15       3.962229529482e-17 
  864       3.093410954416e-10       2.047488466916e-12       2.899286674664e-12       1.281264581429e-14       9.910516469205e-15       3.514951069720e-15       4.351716481762e-17 
  865       3.081047756096e-10       2.071266559652e-12       3.090650381003e-12       1.281689917177e-14       9.867341995433e-15       3.492558617254e-15       4.738497119470e-17 
  866       3.068505735790e-10       2.095706263008e-12       3.279048116133e-12       1.282092340202e-14       9.824396783102e-15       3.470087264067e-15       5.122511937424e-17 
  867       3.055788786018e-10       2.120796196680e-12       3.464432958081e-12       1.282471957204e-14       9.781679779332e-15       3.447536705948e-15       5.503701067721e-17 
  868       3.042900841302e-10       2.146524846710e-12       3.646757721793e-12       1.282828876752e-14       9.739189902033e-15       3.424906635601e-15       5.882004278897e-17 
  869       3.029845878292e-10       2.172880565075e-12       3.825974958551e-12       1.283163209294e-14       9.696926039799e-15       3.402196742630e-15       6.257360975094e-17 
  870       3.016627915891e-10       2.199851569276e-12       4.002036955394e-12       1.283475067161e-14       9.654887051800e-15       3.379406713536e-15       6.629710195213e-17 
  871       3.003251015380e-10       2.227425941926e-12       4.174895734530e-12       1.283764564576e-14       9.613071767675e-15       3.356536231694e-15       6.998990612080e-17 
  872       2.989719280543e-10       2.255591630341e-12       4.344503052761e-12       1.284031817658e-14       9.571478987422e-15       3.333584977355e-15       7.365140531607e-17 
  873       2.976036857797e-10       2.284336446124e-12       4.510810400901e-12       1.284276944427e-14       9.530107481296e-15       3.310552627622e-15       7.728097891949e-17 
  874       2.962207936310e-10       2.313648064760e-12       4.673769003189e-12       1.284500064813e-14       9.488955989696e-15       3.287438856448e-15       8.087800262671e-17 
  875       2.948236748131e-10       2.343514025201e-12       4.833329816712e-12       1.284701300658e-14       9.448023223057e-15       3.264243334620e-15       8.444184843903e-17 
  876       2.934127568316e-10       2.373921729456e-12       4.989443530825e-12       1.284880775727e-14       9.407307861749e-15       3.240965729749e-15       8.797188465503e-17 
  877       2.919884715052e-10       2.404858442180e-12       5.142060566564e-12       1.285038615711e-14       9.366808555963e-15       3.217605706259e-15       9.146747586219e-17 
  878       2.905512549780e-10       2.436311290264e-12       5.291131076068e-12       1.285174948233e-14       9.326523925606e-15       3.194162925374e-15       9.492798292851e-17 
  879       2.891015477327e-10       2.468267262420e-12       5.436604941999e-12       1.285289902855e-14       9.286452560195e-15       3.170637045110e-15       9.835276299407e-17 
  880       2.876397946023e-10       2.500713208775e-12       5.578431776956e-12       1.285383611084e-14       9.246593018744e-15       3.147027720259e-15       1.017411694627e-16 
  881       2.861664447834e-10       2.533635840457e-12       5.716560922897e-12       1.285456206377e-14       9.206943829663e-15       3.123334602383e-15       1.050925519935e-16 
  882       2.846819518483e-10       2.567021729183e-12       5.850941450556e-12       1.285507824149e-14       9.167503490648e-15       3.099557339797e-15       1.084062564927e-16 
  883       2.831867737576e-10       2.600857306851e-12       5.981522158862e-12       1.285538601778e-14       9.128270468572e-15       3.075695577564e-15       1.116816251047e-16 
  884       2.816813728730e-10       2.635128865126e-12       6.108251574358e-12       1.285548678609e-14       9.089243199378e-15       3.051748957478e-15       1.149179962045e-16 
  885       2.801662159695e-10       2.669822555031e-12       6.231077950616e-12       1.285538195964e-14       9.050420087973e-15       3.027717118055e-15       1.181147043886e-16 
  886       2.786417742482e-10       2.704924386535e-12       6.349949267662e-12       1.285507297146e-14       9.011799508119e-15       3.003599694522e-15       1.212710804668e-16 
  887       2.771085233486e-10       2.740420228141e-12       6.464813231388e-12       1.285456127444e-14       8.973379802328e-15       2.979396318807e-15       1.243864514543e-16 
  888       2.755669433613e-10       2.776295806476e-12       6.575617272975e-12       1.285384834143e-14       8.935159281749e-15       2.955106619523e-15       1.274601405623e-16 
  889       2.740175188406e-10       2.812536705880e-12       6.682308548307e-12       1.285293566524e-14       8.897136226066e-15       2.930730221963e-15       1.304914671908e-16 
  890       2.724607388171e-10       2.849128367996e-12       6.784833937395e-12       1.285182475875e-14       8.859308883388e-15       2.906266748082e-15       1.334797469191e-16 
  891       2.708970968098e-10       2.886056091355e-12       6.883140043791e-12       1.285051715496e-14       8.821675470143e-15       2.881715816491e-15       1.364242914984e-16 
  892       2.693270908392e-10       2.923305030968e-12       6.977173194008e-12       1.284901440703e-14       8.784234170967e-15       2.857077042445e-15       1.393244088424e-16 
  893       2.677512234395e-10       2.960860197916e-12       7.066879436939e-12       1.284731808837e-14       8.746983138601e-15       2.832350037828e-15       1.421794030200e-16 
  894       2.661700016712e-10       2.998706458935e-12       7.152204543275e-12       1.284542979268e-14       8.709920493779e-15       2.807534411145e-15       1.449885742459e-16 
  895       2.645839128731e-10       3.036828752581e-12       7.233105029236e-12       1.284335135175e-14       8.673044549970e-15       2.782631038166e-15       1.477514387063e-16 
  896       2.629933514597e-10       3.075212742400e-12       7.309581426013e-12       1.284108549260e-14       8.636354491826e-15       2.757645896599e-15       1.504683919803e-16 
  897       2.613986909543e-10       3.113844173599e-12       7.381645551883e-12       1.283863519117e-14       8.599849707584e-15       2.732586293949e-15       1.531400564237e-16 
  898       2.598003081507e-10       3.152708657055e-12       7.449309538151e-12       1.283600345567e-14       8.563529565153e-15       2.707459602707e-15       1.557670623410e-16 
  899       2.581985831217e-10       3.191791668941e-12       7.512585830222e-12       1.283319332666e-14       8.527393412040e-15       2.682273260533e-15       1.583500480100e-16 
  900       2.565938992284e-10       3.231078550346e-12       7.571487188665e-12       1.283020787716e-14       8.491440575275e-15       2.657034770430e-15       1.608896597060e-16 
  901       2.549866431290e-10       3.270554506896e-12       7.626026690284e-12       1.282705021272e-14       8.455670361335e-15       2.631751700927e-15       1.633865517267e-16 
  902       2.533772047874e-10       3.310204608373e-12       7.676217729185e-12       1.282372347153e-14       8.420082056076e-15       2.606431686257e-15       1.658413864164e-16 
  903       2.517659774825e-10       3.350013788343e-12       7.722074017844e-12       1.282023082451e-14       8.384674924652e-15       2.581082426534e-15       1.682548341906e-16 
  904       2.501533578172e-10       3.389966843770e-12       7.763609588176e-12       1.281657547538e-14       8.349448211448e-15       2.555711687932e-15       1.706275735606e-16 
  905       2.485397457268e-10       3.430048434642e-12       7.800838792601e-12       1.281276066081e-14       8.314401140000e-15       2.530327302867e-15       1.729602911578e-16 
  906       2.469255444882e-10       3.470243083588e-12       7.833776305116e-12       1.280878965044e-14       8.279532912926e-15       2.504937170171e-15       1.752536817585e-16 
  907       2.453111607290e-10       3.510535175506e-12       7.862437122358e-12       1.280466574705e-14       8.244842711848e-15       2.479549255275e-15       1.775084483082e-16 
  908       2.436970044362e-10       3.550908957177e-12       7.886836564678e-12       1.280039228657e-14       8.210329697323e-15       2.454171590387e-15       1.797253019460e-16 
  909       2.420834889650e-10       3.591348536891e-12       7.906990277206e-12       1.279597263826e-14       8.175993008762e-15       2.428812274666e-15       1.819049620294e-16 
  910       2.404710310481e-10       3.631837884066e-12       7.922914230916e-12       1.279141020474e-14       8.141831764364e-15       2.403479474410e-15       1.840481561585e-16 
  911       2.388600508040e-10       3.672360828871e-12       7.934624723702e-12       1.278670842209e-14       8.107845061038e-15       2.378181423226e-15       1.861556202008e-16 
  912       2.372509717467e-10       3.712901061847e-12       7.942138381439e-12       1.278187075998e-14       8.074031974327e-15       2.352926422214e-15       1.882280983156e-16 
  913       2.356442207940e-10       3.753442133526e-12       7.945472159053e-12       1.277690072173e-14       8.040391558339e-15       2.327722840144e-15       1.902663429783e-16 
  914       2.340402282764e-10       3.793967454056e-12       7.944643341594e-12       1.277180184442e-14       8.006922845670e-15       2.302579113634e-15       1.922711150051e-16 
  915       2.324394279466e-10       3.834460292820e-12       7.939669545296e-12       1.276657769897e-14       7.973624847332e-15       2.277503747333e-15       1.942431835776e-16 
  916       2.308422569879e-10       3.874903778056e-12       7.930568718650e-12       1.276123189024e-14       7.940496552677e-15       2.252505314092e-15       1.961833262672e-16 
  917       2.292491560230e-10       3.915280896483e-12       7.917359143475e-12       1.275576805711e-14       7.907536929323e-15       2.227592455152e-15       1.980923290594e-16 
  918       2.276605691236e-10       3.955574492917e-12       7.900059435978e-12       1.275018987262e-14       7.874744923083e-15       2.202773880316e-15       1.999709863786e-16 
  919       2.260769438185e-10       3.995767269896e-12       7.878688547829e-12       1.274450104400e-14       7.842119457888e-15       2.178058368131e-15       2.018201011125e-16 
  920       2.244987311030e-10       4.035841787299e-12       7.853265767228e-12       1.273870531280e-14       7.809659435717e-15       2.153454766066e-15       2.036404846367e-16 
  921       2.229263854479e-10       4.075780461968e-12       7.823810719969e-12       1.273280645498e-14       7.777363736518e-15       2.128971990691e-15       2.054329568390e-16 
  922       2.213603648078e-10       4.115565567332e-12       7.790343370515e-12       1.272680828100e-14       7.745231218138e-15       2.104619027854e-15       2.071983461439e-16 
  923       2.198011306307e-10       4.155179233023e-12       7.752884023059e-12       1.272071463590e-14       7.713260716246e-15       2.080404932863e-15       2.089374895375e-16 
  924       2.182491478667e-10       4.194603444502e-12       7.711453322598e-12       1.271452939943e-14       7.681451044262e-15       2.056338830665e-15       2.106512325916e-16 
  925       2.167048849767e-10       4.233820042678e-12       7.666072255997e-12       1.270825648608e-14       7.649800993284e-15       2.032429916019e-15       2.123404294881e-16 
  926       2.151688139414e-10       4.272810723529e-12       7.616762153060e-12       1.270189984525e-14       7.618309332010e-15       2.008687453682e-15       2.140059430442e-16 
  927       2.136414102704e-10       4.311557037726e-12       7.563544687598e-12       1.269546346129e-14       7.586974806666e-15       1.985120778585e-15       2.156486447362e-16 
  928       2.121231530110e-10       4.350040390251e-12       7.506441878493e-12       1.268895135361e-14       7.555796140932e-15       1.961739296010e-15       2.172694147240e-16 
  929       2.106145247570e-10       4.388242040020e-12       7.445476090773e-12       1.268236757676e-14       7.524772035871e-15       1.938552481770e-15       2.188691418763e-16 
  930       2.091160116578e-10       4.426143099504e-12       7.380670036673e-12       1.267571622055e-14       7.493901169851e-15       1.915569882390e-15       2.204487237944e-16 
  931       2.076281034271e-10       4.463724534351e-12       7.312046776710e-12       1.266900141011e-14       7.463182198472e-15       1.892801115284e-15       2.220090668370e-16 
  932       2.061512933521e-10       4.500967163006e-12       7.239629720746e-12       1.266222730604e-14       7.432613754494e-15       1.870255868932e-15       2.235510861447e-16 
  933       2.046860783022e-10       4.537851656333e-12       7.163442629057e-12       1.265539810441e-14       7.402194447761e-15       1.847943903063e-15       2.250757056645e-16 
  934       2.032329063142e-10       4.574360239241e-12       7.083514795387e-12       1.264851784349e-14       7.371923027052e-15       1.825872790731e-15       2.265835923864e-16 
  935       2.017920184325e-10       4.610481825474e-12       6.999896682725e-12       1.264158982005e-14       7.341798868551e-15       1.804041105518e-15       2.280743544513e-16 
  936       2.003636044140e-10       4.646206962348e-12       6.912644534102e-12       1.263461716410e-14       7.311821494867e-15       1.782445128173e-15       2.295473305548e-16 
  937       1.989478549293e-10       4.681526135881e-12       6.821815214545e-12       1.262760303154e-14       7.281990413749e-15       1.761081094923e-15       2.310018545863e-16 
  938       1.975449615642e-10       4.716429770646e-12       6.727466212856e-12       1.262055060428e-14       7.252305118038e-15       1.739945197348e-15       2.324372556173e-16 
  939       1.961551168217e-10       4.750908229627e-12       6.629655643397e-12       1.261346309027e-14       7.222765085615e-15       1.719033582239e-15       2.338528578890e-16 
  940       1.947785141237e-10       4.784951814075e-12       6.528442247863e-12       1.260634372358e-14       7.193369779346e-15       1.698342351476e-15       2.352479808005e-16 
  941       1.934153478124e-10       4.818550763362e-12       6.423885397068e-12       1.259919576445e-14       7.164118647033e-15       1.677867561893e-15       2.366219388969e-16 
  942       1.920658131523e-10       4.851695254838e-12       6.316045092724e-12       1.259202249938e-14       7.135011121363e-15       1.657605225143e-15       2.379740418570e-16 
  943       1.907301063318e-10       4.884375403684e-12       6.204981969219e-12       1.258482724121e-14       7.106046619854e-15       1.637551307573e-15       2.393035944817e-16 
  944       1.894084244650e-10       4.916581262767e-12       6.090757295399e-12       1.257761332912e-14       7.077224544806e-15       1.617701730089e-15       2.406098966813e-16 
  945       1.881009655934e-10       4.948302822498e-12       5.973432976349e-12       1.257038412877e-14       7.048544283245e-15       1.598052368023e-15       2.418922434642e-16 
  946       1.868079286872e-10       4.979530010685e-12       5.853071555171e-12       1.256314303233e-14       7.020005206879e-15       1.578599051007e-15       2.431499249245e-16 
  947       1.855295136478e-10       5.010252692388e-12       5.729736214766e-12       1.255589345856e-14       6.991606672038e-15       1.559337562834e-15       2.443822262300e-16 
  948       1.842659213088e-10       5.040460669776e-12       5.603490779613e-12       1.254863885286e-14       6.963348019626e-15       1.540263641333e-15       2.455884276104e-16 
  949       1.830173534381e-10       5.070143681980e-12       5.474399717551e-12       1.254138268735e-14       6.935228575073e-15       1.521372978235e-15       2.467678043450e-16 
  950       1.817840127393e-10       5.099291404949e-12       5.342528141557e-12       1.253412846095e-14       6.907247648275e-15       1.502661219040e-15       2.479196267509e-16 
  951       1.805661028538e-10       5.127893451307e-12       5.207941811527e-12       1.252687969939e-14       6.879404533552e-15       1.484123962890e-15       2.490431601707e-16 
  952       1.793638283623e-10       5.155939370205e-12       5.070707136058e-12       1.251963995536e-14       6.851698509587e-15       1.465756762432e-15       2.501376649609e-16 
  953       1.781773947863e-10       5.183418647178e-12       4.930891174226e-12       1.251241280851e-14       6.824128839381e-15       1.447555123690e-15       2.512023964796e-16 
  954       1.770070085903e-10       5.210320704000e-12       4.788561637366e-12       1.250520186555e-14       6.796694770201e-15       1.429514505933e-15       2.522366050745e-16 
  955       1.758528771830e-10       5.236634898539e-12       4.643786890854e-12       1.249801076031e-14       6.769395533523e-15       1.411630321544e-15       2.532395360709e-16 
  956       1.747152089193e-10       5.262350524614e-12       4.496635955887e-12       1.249084315378e-14       6.742230344987e-15       1.393897935886e-15       2.542104297599e-16 
  957       1.735942131021e-10       5.287456811846e-12       4.347178511261e-12       1.248370273422e-14       6.715198404340e-15       1.376312667174e-15       2.551485213860e-16 
  958       1.724900999836e-10       5.311942925517e-12       4.195484895154e-12       1.247659321722e-14       6.688298895389e-15       1.358869786341e-15       2.560530411352e-16 
  959       1.714030807675e-10       5.335797966424e-12       4.041626106905e-12       1.246951834572e-14       6.661530985944e-15       1.341564516908e-15       2.569232141234e-16 
  960       1.703333676104e-10       5.359010970733e-12       3.885673808793e-12       1.246248189013e-14       6.634893827773e-15       1.324392034852e-15       2.577582603836e-16 
  961       1.692811736235e-10       5.381570909835e-12       3.727700327821e-12       1.245548764838e-14       6.608386556544e-15       1.307347468473e-15       2.585573948548e-16 
  962       1.682467128745e-10       5.403466690204e-12       3.567778657491e-12       1.244853944597e-14       6.582008291778e-15       1.290425898265e-15       2.593198273691e-16 
  963       1.672302003891e-10       5.424687153247e-12       3.405982459588e-12       1.244164113606e-14       6.555758136794e-15       1.273622356785e-15       2.600447626404e-16 
  964       1.662318521529e-10       5.445221075162e-12       3.242386065960e-12       1.243479659952e-14       6.529635178659e-15       1.256931828518e-15       2.607314002518e-16 
  965       1.652518851130e-10       5.465057166795e-12       3.077064480296e-12       1.242800974501e-14       6.503638488139e-15       1.240349249748e-15       2.613789346441e-16 
  966       1.642905171798e-10       5.484184073490e-12       2.910093379908e-12       1.242128450903e-14       6.477767119639e-15       1.223869508428e-15       2.619865551033e-16 
  967       1.633479672285e-10       5.502590374950e-12       2.741549117512e-12       1.241462485601e-14       6.452020111164e-15       1.207487444043e-15       2.625534457491e-16 
  968       1.624244551011e-10       5.520264585087e-12       2.571508723004e-12       1.240803477836e-14       6.426396484253e-15       1.191197847486e-15       2.630787855223e-16 
  969       1.615202016077e-10       5.537195151884e-12       2.400049905248e-12       1.240151829652e-14       6.400895243941e-15       1.174995460920e-15       2.635617481734e-16 
  970       1.606354285288e-10       5.553370457240e-12       2.227251053846e-12       1.239507945907e-14       6.375515378698e-15       1.158874977651e-15       2.640015022501e-16 
  971       1.597703586165e-10       5.568778816836e-12       2.053191240927e-12       1.238872234276e-14       6.350255860379e-15       1.142831041994e-15       2.643972110855e-16 
  972       1.589252155963e-10       5.583408479983e-12       1.877950222925e-12       1.238245105260e-14       6.325115644178e-15       1.126858249143e-15       2.647480327859e-16 
  973       1.581001758583e-10       5.597249740282e-12       1.701605492369e-12       1.237626925933e-14       6.300093786900e-15       1.110952094644e-15       2.650533631898e-16 
  974       1.572952227316e-10       5.610301302608e-12       1.524223381210e-12       1.237017880414e-14       6.275189803862e-15       1.095111838694e-15       2.653135687625e-16 
  975       1.565102900258e-10       5.622564011405e-12       1.345867827485e-12       1.236418107316e-14       6.250403317248e-15       1.079337684577e-15       2.655292646786e-16 
  976       1.557453101390e-10       5.634038748678e-12       1.166603314607e-12       1.235827745812e-14       6.225733938230e-15       1.063629832944e-15       2.657010728672e-16 
  977       1.550002140532e-10       5.644726434111e-12       9.864948727696e-13       1.235246935637e-14       6.201181266932e-15       1.047988481800e-15       2.658296220307e-16 
  978       1.542749313304e-10       5.654628025189e-12       8.056080803505e-13       1.234675817091e-14       6.176744892389e-15       1.032413826495e-15       2.659155476635e-16 
  979       1.535693901075e-10       5.663744517322e-12       6.240090653224e-13       1.234114531035e-14       6.152424392513e-15       1.016906059713e-15       2.659594920710e-16 
  980       1.528835170925e-10       5.672076943969e-12       4.417645066581e-13       1.233563218898e-14       6.128219334057e-15       1.001465371458e-15       2.659621043878e-16 
  981       1.522172375598e-10       5.679626376757e-12       2.589416357365e-13       1.233022022671e-14       6.104129272578e-15       9.860919490457e-16       2.659240405972e-16 
  982       1.515704753458e-10       5.686393925603e-12       7.560823775051e-14       1.232491084915e-14       6.080153752399e-15       9.707859770909e-16       2.658459635494e-16 
  983       1.509431528446e-10       5.692380738843e-12      -1.081673468872e-13       1.231970548753e-14       6.056292306572e-15       9.555476374966e-16       2.657285429802e-16 
  984       1.503351910034e-10       5.697588003346e-12      -2.923162211371e-13       1.231460557881e-14       6.032544456846e-15       9.403771094426e-16       2.655724555302e-16 
  985       1.497465093184e-10       5.702016944643e-12      -4.767689299260e-13       1.230961256561e-14       6.008909713623e-15       9.252745693744e-16       2.653783847631e-16 
  986       1.491770258301e-10       5.705668827044e-12      -6.614554587408e-13       1.230472789625e-14       5.985387575927e-15       9.102401909919e-16       2.651470211850e-16 
  987       1.486266571189e-10       5.708544953766e-12      -8.463052322212e-13       1.229995302475e-14       5.961977531367e-15       8.952741452385e-16       2.648790622623e-16 
  988       1.480953183009e-10       5.710646667052e-12      -1.031247112754e-12       1.229528941083e-14       5.938679056097e-15       8.803766002892e-16       2.645752124413e-16 
  989       1.475829230235e-10       5.711975348293e-12      -1.216209399064e-12       1.229073851997e-14       5.915491614782e-15       8.655477215400e-16       2.642361831664e-16 
  990       1.470893834608e-10       5.712532418154e-12      -1.401119824812e-12       1.228630182332e-14       5.892414660559e-15       8.507876715964e-16       2.638626928992e-16 
  991       1.466146103091e-10       5.712319336692e-12      -1.585905557183e-12       1.228198079781e-14       5.869447635005e-15       8.360966102623e-16       2.634554671370e-16 
  992       1.461585127828e-10       5.711337603480e-12      -1.770493195482e-12       1.227777692610e-14       5.846589968096e-15       8.214746945286e-16       2.630152384315e-16 
  993       1.457209986099e-10       5.709588757733e-12      -1.954808769728e-12       1.227369169659e-14       5.823841078170e-15       8.069220785620e-16       2.625427464080e-16 
  994       1.453019740274e-10       5.707074378426e-12      -2.138777739244e-12       1.226972660344e-14       5.801200371895e-15       7.924389136940e-16       2.620387377835e-16 
  995       1.449013437773e-10       5.703796084416e-12      -2.322324991256e-12       1.226588314660e-14       5.778667244226e-15       7.780253484094e-16       2.615039663860e-16 
  996       1.445190111016e-10       5.699755534570e-12      -2.505374839480e-12       1.226216283176e-14       5.756241078375e-15       7.636815283353e-16       2.609391931729e-16 
  997       1.441548777384e-10       5.694954427882e-12      -2.687851022720e-12       1.225856717044e-14       5.733921245769e-15       7.494075962296e-16       2.603451862500e-16 
  998       1.438088439173e-10       5.689394503596e-12      -2.869676703459e-12       1.225509767990e-14       5.711707106016e-15       7.352036919701e-16       2.597227208900e-16 
  999       1.434808083550e-10       5.683077541332e-12      -3.050774466453e-12       1.225175588323e-14       5.689598006867e-15       7.210699525430e-16       2.590725795515e-16 
 1000       1.431706682508e-10       5.676005361206e-12      -3.231066317324e-12       1.224854330933e-14       5.667593284182e-15       7.070065120319e-16       2.583955518975e-16 
 1001       1.428783192825e-10       5.668179823952e-12      -3.410473681153e-12       1.224546149290e-14       5.645692261890e-15       6.930135016064e-16       2.576924348144e-16 
 1002       1.426036556015e-10       5.659602831044e-12      -3.588917401076e-12       1.224251197447e-14       5.623894251953e-15       6.790910495109e-16       2.569640324304e-16 
 1003       1.423465698290e-10       5.650276324822e-12      -3.766317736872e-12       1.223969630041e-14       5.602198554332e-15       6.652392810533e-16       2.562111561348e-16 
 1004       1.421069530509e-10       5.640202288611e-12      -3.942594363562e-12       1.223701602291e-14       5.580604456947e-15       6.514583185943e-16       2.554346245961e-16 
 1005       1.418846948140e-10       5.629382746845e-12      -4.117666369998e-12       1.223447270002e-14       5.559111235643e-15       6.377482815352e-16       2.546352637812e-16 
 1006       1.416796831213e-10       5.617819765187e-12      -4.291452257460e-12       1.223206789566e-14       5.537718154152e-15       6.241092863076e-16       2.538139069740e-16 
 1007       1.414918044277e-10       5.605515450656e-12      -4.463869938245e-12       1.222980317959e-14       5.516424464054e-15       6.105414463618e-16       2.529713947943e-16 
 1008       1.413209436353e-10       5.592471951746e-12      -4.634836734266e-12       1.222768012745e-14       5.495229404748e-15       5.970448721554e-16       2.521085752162e-16 
 1009       1.411669840894e-10       5.578691458548e-12      -4.804269375638e-12       1.222570032076e-14       5.474132203405e-15       5.836196711423e-16       2.512263035871e-16 
 1010       1.410298075739e-10       5.564176202877e-12      -4.972083999278e-12       1.222386534694e-14       5.453132074939e-15       5.702659477616e-16       2.503254426464e-16 
 1011       1.409092943070e-10       5.548928458388e-12      -5.138196147495e-12       1.222217679929e-14       5.432228221969e-15       5.569838034259e-16       2.494068625444e-16 
 1012       1.408053034882e-10       5.532951811649e-12      -5.302529337873e-12       1.222063583960e-14       5.411419922510e-15       5.437736772856e-16       2.484713274490e-16 
 1013       1.407176146421e-10       5.516254995195e-12      -5.465040911241e-12       1.221924187903e-14       5.390706794522e-15       5.306373739301e-16       2.475191535359e-16 
 1014       1.406459854191e-10       5.498848110044e-12      -5.625696554006e-12       1.221799387818e-14       5.370088535110e-15       5.175770504982e-16       2.465505460991e-16 
 1015       1.405901709609e-10       5.480741360034e-12      -5.784461760289e-12       1.221689078278e-14       5.349564833111e-15       5.045948772765e-16       2.455657125205e-16 
 1016       1.405499238931e-10       5.461945052102e-12      -5.941301831521e-12       1.221593152362e-14       5.329135369068e-15       4.916930377285e-16       2.445648622754e-16 
 1017       1.405249943192e-10       5.442469596547e-12      -6.096181876041e-12       1.221511501650e-14       5.308799815206e-15       4.788737285228e-16       2.435482069381e-16 
 1018       1.405151298133e-10       5.422325507308e-12      -6.249066808691e-12       1.221444016222e-14       5.288557835401e-15       4.661391595621e-16       2.425159601873e-16 
 1019       1.405200754140e-10       5.401523402232e-12      -6.399921350413e-12       1.221390584651e-14       5.268409085159e-15       4.534915540117e-16       2.414683378113e-16 
 1020       1.405395736171e-10       5.380074003343e-12      -6.548710027847e-12       1.221351094000e-14       5.248353211586e-15       4.409331483282e-16       2.404055577139e-16 
 1021       1.405733643695e-10       5.357988137118e-12      -6.695397172926e-12       1.221325429816e-14       5.228389853361e-15       4.284661922882e-16       2.393278399197e-16 
 1022       1.406211850620e-10       5.335276734756e-12      -6.839946922473e-12       1.221313476126e-14       5.208518640712e-15       4.160929490168e-16       2.382354065795e-16 
 1023       1.406827705231e-10       5.311950832449e-12      -6.982323217798e-12       1.221315115437e-14       5.188739195390e-15       4.038156950166e-16       2.371284819758e-16 
 1024       1.407578530119e-10       5.288021571653e-12      -7.122489804296e-12       1.221330228725e-14       5.169051130641e-15       3.916367201959e-16       2.360072925283e-16 
 1025       1.408461622116e-10       5.263500199360e-12      -7.260410231040e-12       1.221358695435e-14       5.149454051179e-15       3.795583278978e-16       2.348720667995e-16 
 1026       1.409474252230e-10       5.238398068368e-12      -7.396047850380e-12       1.221400393475e-14       5.129947553160e-15       3.675828349287e-16       2.337230354999e-16 
 1027       1.410613665574e-10       5.212726637556e-12      -7.529365817541e-12       1.221455199212e-14       5.110531224159e-15       3.557125715868e-16       2.325604314937e-16 
 1028       1.411877081303e-10       5.186497472150e-12      -7.660327090217e-12       1.221522987470e-14       5.091204643139e-15       3.439498816910e-16       2.313844898043e-16 
 1029       1.413261692544e-10       5.159722243996e-12      -7.788894428168e-12       1.221603631521e-14       5.071967380425e-15       3.322971226095e-16       2.301954476193e-16 
 1030       1.414764666332e-10       5.132412731834e-12      -7.915030392819e-12       1.221697003084e-14       5.052818997682e-15       3.207566652884e-16       2.289935442968e-16 
 1031       1.416383143541e-10       5.104580821565e-12      -8.038697346853e-12       1.221802972322e-14       5.033759047885e-15       3.093308942803e-16       2.277790213702e-16 
 1032       1.418114238818e-10       5.076238506527e-12      -8.159857453810e-12       1.221921407832e-14       5.014787075291e-15       2.980222077733e-16       2.265521225538e-16 
 1033       1.419955040518e-10       5.047397887760e-12      -8.278472677685e-12       1.222052176646e-14       4.995902615419e-15       2.868330176191e-16       2.253130937486e-16 
 1034       1.421902610633e-10       5.018071174283e-12      -8.394504782520e-12       1.222195144228e-14       4.977105195015e-15       2.757657493623e-16       2.240621830472e-16 
 1035       1.423953984728e-10       4.988270683364e-12      -8.507915332005e-12       1.222350174461e-14       4.958394332033e-15       2.648228422687e-16       2.227996407399e-16 
 1036       1.426106171874e-10       4.958008840788e-12      -8.618665689074e-12       1.222517129653e-14       4.939769535605e-15       2.540067493538e-16       2.215257193198e-16 
 1037       1.428356154581e-10       4.927298181131e-12      -8.726717015498e-12       1.222695870526e-14       4.921230306016e-15       2.433199374118e-16       2.202406734884e-16 
 1038       1.430700888731e-10       4.896151348031e-12      -8.832030271486e-12       1.222886256214e-14       4.902776134676e-15       2.327648870443e-16       2.189447601608e-16 
 1039       1.433137303509e-10       4.864581094459e-12      -8.934566215279e-12       1.223088144259e-14       4.884406504096e-15       2.223440926887e-16       2.176382384716e-16 
 1040       1.435662301342e-10       4.832600282991e-12      -9.034285402750e-12       1.223301390606e-14       4.866120887858e-15       2.120600626468e-16       2.163213697802e-16 
 1041       1.438272757825e-10       4.800221886076e-12      -9.131148186996e-12       1.223525849599e-14       4.847918750593e-15       2.019153191138e-16       2.149944176761e-16 
 1042       1.440965521659e-10       4.767458986311e-12      -9.225114717936e-12       1.223761373974e-14       4.829799547952e-15       1.919123982069e-16       2.136576479846e-16 
 1043       1.443737414582e-10       4.734324776711e-12      -9.316144941910e-12       1.224007814862e-14       4.811762726579e-15       1.820538499937e-16       2.123113287723e-16 
 1044       1.446585231305e-10       4.700832560981e-12      -9.404198601274e-12       1.224265021775e-14       4.793807724086e-15       1.723422385210e-16       2.109557303522e-16 
 1045       1.449505739440e-10       4.666995753784e-12      -9.489235233997e-12       1.224532842610e-14       4.775933969028e-15       1.627801418437e-16       2.095911252896e-16 
 1046       1.452495679438e-10       4.632827881015e-12      -9.571214173256e-12       1.224811123640e-14       4.758140880874e-15       1.533701520529e-16       2.082177884075e-16 
 1047       1.455551764520e-10       4.598342580074e-12      -9.650094547035e-12       1.225099709510e-14       4.740427869980e-15       1.441148753053e-16       2.068359967918e-16 
 1048       1.458670680610e-10       4.563553600132e-12      -9.725835277720e-12       1.225398443235e-14       4.722794337565e-15       1.350169318513e-16       2.054460297971e-16 
 1049       1.461849086268e-10       4.528474802407e-12      -9.798395081696e-12       1.225707166194e-14       4.705239675686e-15       1.260789560637e-16       2.040481690518e-16 
 1050       1.465083612627e-10       4.493120160433e-12      -9.867732468946e-12       1.226025718126e-14       4.687763267206e-15       1.173035964669e-16       2.026426984642e-16 
 1051       1.468371015811e-10       4.457503515111e-12      -9.933814533337e-12       1.226353921424e-14       4.670364551700e-15       1.086930705393e-16       2.012298327124e-16 
 1052       1.471708636676e-10       4.421637835581e-12      -9.996643458133e-12       1.226691533787e-14       4.653043224210e-15       1.002478222884e-16       1.998095016171e-16 
 1053       1.475093947330e-10       4.385535948617e-12      -1.005623037813e-11       1.227038294901e-14       4.635799039200e-15       9.196784607241e-17       1.983815627830e-16 
 1054       1.478524399172e-10       4.349210783155e-12      -1.011258662292e-11       1.227393942077e-14       4.618631744856e-15       8.385313011390e-17       1.969458728388e-16 
 1055       1.481997422840e-10       4.312675370541e-12      -1.016572371744e-11       1.227758210243e-14       4.601541083072e-15       7.590365648022e-17       1.955022874354e-16 
 1056       1.485510428161e-10       4.275942844776e-12      -1.021565338253e-11       1.228130831935e-14       4.584526789428e-15       6.811940106379e-17       1.940506612437e-16 
 1057       1.489060804102e-10       4.239026442758e-12      -1.026238753547e-11       1.228511537298e-14       4.567588593169e-15       6.050033356250e-17       1.925908479519e-16 
 1058       1.492645918719e-10       4.201939504529e-12      -1.030593829054e-11       1.228900054075e-14       4.550726217191e-15       5.304641746000e-17       1.911227002635e-16 
 1059       1.496263119105e-10       4.164695473517e-12      -1.034631795958e-11       1.229296107602e-14       4.533939378016e-15       4.575761000607e-17       1.896460698951e-16 
 1060       1.499909731343e-10       4.127307896786e-12      -1.038353905252e-11       1.229699420801e-14       4.517227785778e-15       3.863386219696e-17       1.881608075737e-16 
 1061       1.503583060453e-10       4.089790425273e-12      -1.041761427794e-11       1.230109714177e-14       4.500591144198e-15       3.167511875571e-17       1.866667630348e-16 
 1062       1.507280390344e-10       4.052156814038e-12      -1.044855654363e-11       1.230526705809e-14       4.484029150572e-15       2.488131811252e-17       1.851637850201e-16 
 1063       1.510998983759e-10       4.014420922508e-12      -1.047637895712e-11       1.230950111345e-14       4.467541495743e-15       1.825239238508e-17       1.836517212749e-16 
 1064       1.514736082232e-10       3.976596714721e-12      -1.050109482626e-11       1.231379643997e-14       4.451127864091e-15       1.178826735892e-17       1.821304185461e-16 
 1065       1.518488906032e-10       3.938698259567e-12      -1.052271765974e-11       1.231815014533e-14       4.434787933506e-15       5.488862467717e-18       1.805997225797e-16 
 1066       1.522254654114e-10       3.900739731040e-12      -1.054126116767e-11       1.232255931273e-14       4.418521375375e-15      -6.459092263117e-19       1.790594781188e-16 
 1067       1.526030504070e-10       3.862735408478e-12      -1.055673926209e-11       1.232702100082e-14       4.402327854556e-15      -6.616141052103e-18       1.775095289010e-16 
 1068       1.529813612078e-10       3.824699676805e-12      -1.056916605757e-11       1.233153224362e-14       4.386207029367e-15      -1.242193274939e-17       1.759497176563e-16 
 1069       1.533601112850e-10       3.786647026783e-12      -1.057855587172e-11       1.233609005050e-14       4.370158551559e-15      -1.806339048837e-17       1.743798861049e-16 
 1070       1.537390119585e-10       3.748592055250e-12      -1.058492322577e-11       1.234069140610e-14       4.354182066301e-15      -2.354062688936e-17       1.727998749544e-16 
 1071       1.541177723916e-10       3.710549465367e-12      -1.058828284511e-11       1.234533327025e-14       4.338277212161e-15      -2.885376104245e-17       1.712095238983e-16 
 1072       1.544960995863e-10       3.672534066865e-12      -1.058864965982e-11       1.235001257796e-14       4.322443621085e-15      -3.400291852715e-17       1.696086716130e-16 
 1073       1.548736983776e-10       3.634560776284e-12      -1.058603880526e-11       1.235472623930e-14       4.306680918378e-15      -3.898823143208e-17       1.679971557560e-16 
 1074       1.552502714293e-10       3.596644617224e-12      -1.058046562258e-11       1.235947113939e-14       4.290988722685e-15      -4.380983837461e-17       1.663748129633e-16 
 1075       1.556255192284e-10       3.558800720584e-12      -1.057194565932e-11       1.236424413829e-14       4.275366645974e-15      -4.846788452050e-17       1.647414788472e-16 
 1076       1.559991400804e-10       3.521044324811e-12      -1.056049466990e-11       1.236904207101e-14       4.259814293513e-15      -5.296252160361e-17       1.630969879942e-16 
 1077       1.563708301038e-10       3.483390776142e-12      -1.054612861622e-11       1.237386174737e-14       4.244331263851e-15      -5.729390794550e-17       1.614411739623e-16 
 1078       1.567402832258e-10       3.445855528849e-12      -1.052886366819e-11       1.237869995200e-14       4.228917148805e-15      -6.146220847511e-17       1.597738692792e-16 
 1079       1.571071911766e-10       3.408454145484e-12      -1.050871620429e-11       1.238355344425e-14       4.213571533432e-15      -6.546759474844e-17       1.580949054397e-16 
 1080       1.574712434846e-10       3.371202297125e-12      -1.048570281210e-11       1.238841895814e-14       4.198293996015e-15      -6.931024496816e-17       1.564041129034e-16 
 1081       1.578321274717e-10       3.334115763618e-12      -1.045984028888e-11       1.239329320230e-14       4.183084108043e-15      -7.299034400335e-17       1.547013210926e-16 
 1082       1.581895282476e-10       3.297210433823e-12      -1.043114564209e-11       1.239817285989e-14       4.167941434192e-15      -7.650808340904e-17       1.529863583898e-16 
 1083       1.585431287054e-10       3.260502305857e-12      -1.039963608998e-11       1.240305458859e-14       4.152865532303e-15      -7.986366144599e-17       1.512590521356e-16 
 1084       1.588926095162e-10       3.224007487344e-12      -1.036532906209e-11       1.240793502048e-14       4.137855953367e-15      -8.305728310026e-17       1.495192286264e-16 
 1085       1.592376491243e-10       3.187742195651e-12      -1.032824219985e-11       1.241281076201e-14       4.122912241502e-15      -8.608916010291e-17       1.477667131118e-16 
 1086       1.595779237418e-10       3.151722758141e-12      -1.028839335709e-11       1.241767839394e-14       4.108033933938e-15      -8.895951094965e-17       1.460013297929e-16 
 1087       1.599131073442e-10       3.115965612411e-12      -1.024580060064e-11       1.242253447129e-14       4.093220560993e-15      -9.166856092050e-17       1.442229018193e-16 
 1088       1.602428716647e-10       3.080487306542e-12      -1.020048221081e-11       1.242737552325e-14       4.078471646057e-15      -9.421654209943e-17       1.424312512873e-16 
 1089       1.605668861895e-10       3.045304499340e-12      -1.015245668200e-11       1.243219805314e-14       4.063786705571e-15      -9.660369339407e-17       1.406261992377e-16 
 1090       1.608848538998e-10       3.010432455197e-12      -1.010174685453e-11       1.243699872787e-14       4.049165299188e-15      -9.883093489226e-17       1.388076957896e-16 
 1091       1.611966190318e-10       2.975880506082e-12      -1.004839236966e-11       1.244177494930e-14       4.034607181020e-15      -1.009019007913e-16       1.369762124585e-16 
 1092       1.615020607512e-10       2.941656529204e-12      -9.992437382585e-12       1.244652429043e-14       4.020112150381e-15      -1.028209337597e-16       1.351323550931e-16 
 1093       1.618010575356e-10       2.907768446973e-12      -9.933926447326e-12       1.245124430650e-14       4.005680001776e-15      -1.045924131589e-16       1.332767342263e-16 
 1094       1.620934871735e-10       2.874224227090e-12      -9.872904517634e-12       1.245593253498e-14       3.991310524888e-15      -1.062207551313e-16       1.314099650861e-16 
 1095       1.623792267625e-10       2.841031882641e-12      -9.809416947988e-12       1.246058649551e-14       3.977003504561e-15      -1.077104126877e-16       1.295326676067e-16 
 1096       1.626581527079e-10       2.808199472190e-12      -9.743509494552e-12       1.246520368987e-14       3.962758720792e-15      -1.090658757951e-16       1.276454664390e-16 
 1097       1.629301407216e-10       2.775735099872e-12      -9.675228316149e-12       1.246978160195e-14       3.948575948708e-15      -1.102916714646e-16       1.257489909614e-16 
 1098       1.631950658203e-10       2.743646915485e-12      -9.604619975222e-12       1.247431769766e-14       3.934454958562e-15      -1.113923638388e-16       1.238438752912e-16 
 1099       1.634528023243e-10       2.711943114583e-12      -9.531731438807e-12       1.247880942494e-14       3.920395515711e-15      -1.123725542795e-16       1.219307582947e-16 
 1100       1.637032238560e-10       2.680631938569e-12      -9.456610079500e-12       1.248325421371e-14       3.906397380603e-15      -1.132368814556e-16       1.200102835986e-16 
 1101       1.639462033385e-10       2.649721674786e-12      -9.379303676420e-12       1.248764947581e-14       3.892460308768e-15      -1.139900214310e-16       1.180830996007e-16 
 1102       1.641816129941e-10       2.619220656614e-12      -9.299860416182e-12       1.249199260496e-14       3.878584050797e-15      -1.146366877516e-16       1.161498594804e-16 
 1103       1.644093243432e-10       2.589137263556e-12      -9.218328893863e-12       1.249628097675e-14       3.864768352332e-15      -1.151816315337e-16       1.142112212102e-16 
 1104       1.646292082022e-10       2.559479921339e-12      -9.134758113967e-12       1.250051194856e-14       3.851012954051e-15      -1.156296415515e-16       1.122678475658e-16 
 1105       1.648411346830e-10       2.530257101997e-12      -9.049197491396e-12       1.250468285954e-14       3.837317591655e-15      -1.159855443245e-16       1.103204061378e-16 
 1106       1.650449731907e-10       2.501477323973e-12      -8.961696852416e-12       1.250879103056e-14       3.823681995849e-15      -1.162542042059e-16       1.083695693415e-16 
 1107       1.652405924226e-10       2.473149152207e-12      -8.872306435624e-12       1.251283376419e-14       3.810105892335e-15      -1.164405234693e-16       1.064160144287e-16 
 1108       1.654278603670e-10       2.445281198227e-12      -8.781076892919e-12       1.251680834463e-14       3.796589001792e-15      -1.165494423974e-16       1.044604234980e-16 
 1109       1.656066443013e-10       2.417882120247e-12      -8.688059290462e-12       1.252071203768e-14       3.783131039864e-15      -1.165859393690e-16       1.025034835059e-16 
 1110       1.657768107907e-10       2.390960623255e-12      -8.593305109655e-12       1.252454209070e-14       3.769731717147e-15      -1.165550309473e-16       1.005458862774e-16 
 1111       1.659382256871e-10       2.364525459107e-12      -8.496866248096e-12       1.252829573259e-14       3.756390739173e-15      -1.164617719670e-16       9.858832851711e-17 
 1112       1.660907541274e-10       2.338585426622e-12      -8.398795020558e-12       1.253197017369e-14       3.743107806397e-15      -1.163112556223e-16       9.663151181981e-17 
 1113       1.662342605320e-10       2.313149371673e-12      -8.299144159948e-12       1.253556260582e-14       3.729882614180e-15      -1.161086135548e-16       9.467614268154e-17 
 1114       1.663686086037e-10       2.288226187276e-12      -8.197966818279e-12       1.253907020216e-14       3.716714852780e-15      -1.158590159408e-16       9.272293251036e-17 
 1115       1.664936613257e-10       2.263824813691e-12      -8.095316567636e-12       1.254249011728e-14       3.703604207335e-15      -1.155676715792e-16       9.077259763715e-17 
 1116       1.666092809610e-10       2.239954238507e-12      -7.991247401146e-12       1.254581948703e-14       3.690550357847e-15      -1.152398279794e-16       8.882585932649e-17 
 1117       1.667153290503e-10       2.216623496738e-12      -7.885813733941e-12       1.254905542855e-14       3.677552979169e-15      -1.148807714486e-16       8.688344378751e-17 
 1118       1.668116664109e-10       2.193841670917e-12      -7.779070404132e-12       1.255219504022e-14       3.664611740995e-15      -1.144958271799e-16       8.494608218469e-17 
 1119       1.668981531352e-10       2.171617891185e-12      -7.671072673769e-12       1.255523540160e-14       3.651726307840e-15      -1.140903593397e-16       8.301451064878e-17 
 1120       1.669746485890e-10       2.149961335388e-12      -7.561876229815e-12       1.255817357339e-14       3.638896339027e-15      -1.136697711555e-16       8.108947028755e-17 
 1121       1.670410114108e-10       2.128881229165e-12      -7.451537185110e-12       1.256100659743e-14       3.626121488677e-15      -1.132395050038e-16       7.917170719673e-17 
 1122       1.670970995095e-10       2.108386846046e-12      -7.340112079341e-12       1.256373149660e-14       3.613401405690e-15      -1.128050424974e-16       7.726197247076e-17 
 1123       1.671427700638e-10       2.088487507540e-12      -7.227657880007e-12       1.256634527481e-14       3.600735733732e-15      -1.123719045736e-16       7.536102221371e-17 
 1124       1.671778795199e-10       2.069192583231e-12      -7.114231983389e-12       1.256884491697e-14       3.588124111224e-15      -1.119456515813e-16       7.346961755006e-17 
 1125       1.672022835911e-10       2.050511490867e-12      -6.999892215515e-12       1.257122738892e-14       3.575566171322e-15      -1.115318833695e-16       7.158852463561e-17 
 1126       1.672158372553e-10       2.032453696458e-12      -6.884696833131e-12       1.257348963741e-14       3.563061541909e-15      -1.111362393743e-16       6.971851466826e-17 
 1127       1.672183947546e-10       2.015028714365e-12      -6.768704524665e-12       1.257562859007e-14       3.550609845577e-15      -1.107643987067e-16       6.786036389889e-17 
 1128       1.672098095930e-10       1.998246107391e-12      -6.651974411198e-12       1.257764115531e-14       3.538210699613e-15      -1.104220802409e-16       6.601485364220e-17 
 1129       1.671899682520e-10       1.982113688841e-12      -6.534563888791e-12       1.257952461371e-14       3.525863754612e-15      -1.101133344163e-16       6.418261149719e-17 
 1130       1.671588918161e-10       1.966632103015e-12      -6.416522122953e-12       1.258127779756e-14       3.513568810879e-15      -1.098353942623e-16       6.236363273672e-17 
 1131       1.671166356596e-10       1.951800174744e-12      -6.297896471888e-12       1.258289992647e-14       3.501325703503e-15      -1.095837579007e-16       6.055775274443e-17 
 1132       1.670632558514e-10       1.937616700997e-12      -6.178734638265e-12       1.258439021738e-14       3.489134263863e-15      -1.093538907132e-16       5.876480523923e-17 
 1133       1.669988091567e-10       1.924080450798e-12      -6.059084669978e-12       1.258574788460e-14       3.476994319610e-15      -1.091412252689e-16       5.698462227114e-17 
 1134       1.669233530386e-10       1.911190165153e-12      -5.938994960913e-12       1.258697213977e-14       3.464905694661e-15      -1.089411612507e-16       5.521703421723e-17 
 1135       1.668369456601e-10       1.898944556973e-12      -5.818514251709e-12       1.258806219186e-14       3.452868209191e-15      -1.087490653828e-16       5.346186977749e-17 
 1136       1.667396458854e-10       1.887342310996e-12      -5.697691630528e-12       1.258901724717e-14       3.440881679614e-15      -1.085602713575e-16       5.171895597081e-17 
 1137       1.666315132824e-10       1.876382083715e-12      -5.576576533815e-12       1.258983650933e-14       3.428945918583e-15      -1.083700797621e-16       4.998811813081e-17 
 1138       1.665126081236e-10       1.866062503296e-12      -5.455218747064e-12       1.259051917929e-14       3.417060734971e-15      -1.081737580063e-16       4.826917990180e-17 
 1139       1.663829913886e-10       1.856382169503e-12      -5.333668405585e-12       1.259106445533e-14       3.405225933863e-15      -1.079665402489e-16       4.656196323463e-17 
 1140       1.662427247651e-10       1.847339653627e-12      -5.211975995263e-12       1.259147153303e-14       3.393441316550e-15      -1.077436273250e-16       4.486628838269e-17 
 1141       1.660918706515e-10       1.838933498401e-12      -5.090192353328e-12       1.259173960527e-14       3.381706680511e-15      -1.075001866728e-16       4.318197389771e-17 
 1142       1.659304921578e-10       1.831162217931e-12      -4.968368669116e-12       1.259186786227e-14       3.370021819406e-15      -1.072313522610e-16       4.150883662575e-17 
 1143       1.657586531080e-10       1.824024297613e-12      -4.846556484838e-12       1.259185549150e-14       3.358386523069e-15      -1.069322245152e-16       3.984669170306e-17 
 1144       1.655764180416e-10       1.817518194064e-12      -4.724807696337e-12       1.259170167778e-14       3.346800577491e-15      -1.065978702458e-16       3.819535255201e-17 
 1145       1.653838522151e-10       1.811642335039e-12      -4.603174553860e-12       1.259140560319e-14       3.335263764812e-15      -1.062233225741e-16       3.655463087699e-17 
 1146       1.651810216044e-10       1.806395119357e-12      -4.481709662819e-12       1.259096644710e-14       3.323775863314e-15      -1.058035808602e-16       3.492433666033e-17 
 1147       1.649679929057e-10       1.801774916827e-12      -4.360465984556e-12       1.259038338618e-14       3.312336647405e-15      -1.053336106291e-16       3.330427815816e-17 
 1148       1.647448335380e-10       1.797780068167e-12      -4.239496837108e-12       1.258965559436e-14       3.300945887611e-15      -1.048083434986e-16       3.169426189639e-17 
 1149       1.645116116444e-10       1.794408884931e-12      -4.118855895971e-12       1.258878224286e-14       3.289603350566e-15      -1.042226771057e-16       3.009409266656e-17 
 1150       1.642683960941e-10       1.791659649433e-12      -3.998597194864e-12       1.258776250016e-14       3.278308799000e-15      -1.035714750340e-16       2.850357352177e-17 
 1151       1.640152564840e-10       1.789530614665e-12      -3.878775126496e-12       1.258659553202e-14       3.267061991732e-15      -1.028495667403e-16       2.692250577259e-17 
 1152       1.637522631404e-10       1.788020004228e-12      -3.759444443328e-12       1.258528050145e-14       3.255862683652e-15      -1.020517474823e-16       2.535068898295e-17 
 1153       1.634794871210e-10       1.787126012253e-12      -3.640660258338e-12       1.258381656873e-14       3.244710625720e-15      -1.011727782448e-16       2.378792096607e-17 
 1154       1.631970002163e-10       1.786846803321e-12      -3.522478045786e-12       1.258220289138e-14       3.233605564948e-15      -1.002073856675e-16       2.223399778036e-17 
 1155       1.629048749517e-10       1.787180512391e-12      -3.404953641980e-12       1.258043862418e-14       3.222547244391e-15      -9.915026197135e-17       2.068871372530e-17 
 1156       1.626031845891e-10       1.788125244722e-12      -3.288143246038e-12       1.257852291915e-14       3.211535403141e-15      -9.799606488606e-17       1.915186133740e-17 
 1157       1.622920031284e-10       1.789679075796e-12      -3.172103420654e-12       1.257645492557e-14       3.200569776312e-15      -9.673941757691e-17       1.762323138605e-17 
 1158       1.619714053097e-10       1.791840051242e-12      -3.056891092861e-12       1.257423378993e-14       3.189650095028e-15      -9.537490857178e-17       1.610261286948e-17 
 1159       1.616414666148e-10       1.794606186762e-12      -2.942563554798e-12       1.257185865596e-14       3.178776086417e-15      -9.389709168821e-17       1.458979301062e-17 
 1160       1.613022632689e-10       1.797975468050e-12      -2.829178464474e-12       1.256932866463e-14       3.167947473601e-15      -9.230048596042e-17       1.308455725305e-17 
 1161       1.609538722426e-10       1.801945850717e-12      -2.716793846531e-12       1.256664295414e-14       3.157163975677e-15      -9.057957556630e-17       1.158668925688e-17 
 1162       1.605963712533e-10       1.806515260219e-12      -2.605468093008e-12       1.256380065987e-14       3.146425307718e-15      -8.872880975446e-17       1.009597089466e-17 
 1163       1.602298387672e-10       1.811681591775e-12      -2.495259964109e-12       1.256080091447e-14       3.135731180754e-15      -8.674260277126e-17       8.612182247294e-18 
 1164       1.598543540010e-10       1.817442710292e-12      -2.386228588966e-12       1.255764284777e-14       3.125081301765e-15      -8.461533378781e-17       7.135101599941e-18 
 1165       1.594699969235e-10       1.823796450291e-12      -2.278433466400e-12       1.255432558681e-14       3.114475373670e-15      -8.234134682698e-17       5.664505437933e-18 
 1166       1.590768482577e-10       1.830740615827e-12      -2.171934465691e-12       1.255084825583e-14       3.103913095315e-15      -7.991495069048e-17       4.200168442672e-18 
 1167       1.586749894822e-10       1.838272980416e-12      -2.066791827341e-12       1.254720997628e-14       3.093394161467e-15      -7.733041888581e-17       2.741863487543e-18 
 1168       1.582645166544e-10       1.846390237603e-12      -1.963059771344e-12       1.254341021205e-14       3.082918292814e-15      -7.458388006936e-17       1.289414228027e-18 
 1169       1.578455820657e-10       1.855084838462e-12      -1.860767232916e-12       1.253944980991e-14       3.072485326427e-15      -7.167901541893e-17      -1.571463992833e-19 
 1170       1.574183531111e-10       1.864348114367e-12      -1.759936887229e-12       1.253532997208e-14       3.062095126410e-15      -6.862143240810e-17      -1.597732700513e-18 
 1171       1.569829985182e-10       1.874171322598e-12      -1.660591520245e-12       1.253105191221e-14       3.051747553982e-15      -6.541678084940e-17      -3.032258638299e-18 
 1172       1.565396883496e-10       1.884545646165e-12      -1.562754028916e-12       1.252661685536e-14       3.041442467466e-15      -6.207075298748e-17      -4.460637831264e-18 
 1173       1.560885940065e-10       1.895462193640e-12      -1.466447421385e-12       1.252202603808e-14       3.031179722283e-15      -5.858908359232e-17      -5.882783553482e-18 
 1174       1.556298882314e-10       1.906911998992e-12      -1.371694817193e-12       1.251728070839e-14       3.020959170942e-15      -5.497755005240e-17      -7.298608733953e-18 
 1175       1.551637451111e-10       1.918886021413e-12      -1.278519447480e-12       1.251238212586e-14       3.010780663034e-15      -5.124197246782e-17      -8.708025956068e-18 
 1176       1.546903400795e-10       1.931375145156e-12      -1.186944655185e-12       1.250733156155e-14       3.000644045225e-15      -4.738821374355e-17      -1.011094745709e-17 
 1177       1.542098499209e-10       1.944370179361e-12      -1.096993895255e-12       1.250213029815e-14       2.990549161244e-15      -4.342217968255e-17      -1.150728512760e-17 
 1178       1.537224527725e-10       1.957861857887e-12      -1.008690734839e-12       1.249677962990e-14       2.980495851878e-15      -3.934981907895e-17      -1.289695051102e-17 
 1179       1.532283281279e-10       1.971840839146e-12      -9.220588535008e-13       1.249128086267e-14       2.970483954966e-15      -3.517712381127e-17      -1.427985480300e-17 
 1180       1.527276568397e-10       1.986297705932e-12      -8.371220434125e-13       1.248563531400e-14       2.960513305387e-15      -3.091012893551e-17      -1.565590885098e-17 
 1181       1.522206211225e-10       2.001222965254e-12      -7.539042095633e-13       1.247984431307e-14       2.950583735054e-15      -2.655491277841e-17      -1.702502315358e-17 
 1182       1.517074045560e-10       2.016607048166e-12      -6.724293699596e-13       1.247390920079e-14       2.940695072907e-15      -2.211759703055e-17      -1.838710786014e-17 
 1183       1.511881920879e-10       2.032440309598e-12      -5.927216558285e-13       1.246783132978e-14       2.930847144904e-15      -1.760434683961e-17      -1.974207277014e-17 
 1184       1.506631700367e-10       2.048713028190e-12      -5.148053118205e-13       1.246161206441e-14       2.921039774011e-15      -1.302137090343e-17      -2.108982733269e-17 
 1185       1.501325260951e-10       2.065415406120e-12      -4.387046962119e-13       1.245525278083e-14       2.911272780201e-15      -8.374921563293e-18      -2.243028064599e-17 
 1186       1.495964493323e-10       2.082537568938e-12      -3.644442811080e-13       1.244875486700e-14       2.901545980438e-15      -3.671294897032e-18      -2.376334145683e-17 
 1187       1.490551301978e-10       2.100069565395e-12      -2.920486526454e-13       1.244211972271e-14       2.891859188672e-15       1.083169187774e-18      -2.508891816001e-17 
 1188       1.485087605234e-10       2.118001367279e-12      -2.215425111950e-13       1.243534875959e-14       2.882212215836e-15       5.882086860628e-18      -2.640691879787e-17 
 1189       1.479575335271e-10       2.136322869238e-12      -1.529506715648e-13       1.242844340118e-14       2.872604869829e-15       1.071903027494e-17      -2.771725105971e-17 
 1190       1.474016438153e-10       2.155023888621e-12      -8.629806320242e-14       1.242140508290e-14       2.863036955515e-15       1.558752747487e-17      -2.901982228129e-17 
 1191       1.468412873864e-10       2.174094165302e-12      -2.160973039783e-14       1.241423525212e-14       2.853508274715e-15       2.048106230211e-17      -3.031453944428e-17 
 1192       1.462766616333e-10       2.193523361514e-12       4.108916751371e-14       1.240693536818e-14       2.844018626194e-15       2.539307430278e-17      -3.160130917574e-17 
 1193       1.457079653464e-10       2.213301061683e-12       1.017733559491e-13       1.239950690237e-14       2.834567805657e-15       3.031695863417e-17      -3.288003774761e-17 
 1194       1.451353987170e-10       2.233416772253e-12       1.604174448744e-13       1.239195133804e-14       2.825155605741e-15       3.524606597165e-17      -3.415063107615e-17 
 1195       1.445591633397e-10       2.253859921526e-12       2.169959286026e-13       1.238427017054e-14       2.815781816008e-15       4.017370241544e-17      -3.541299472141e-17 
 1196       1.439794622157e-10       2.274619859484e-12       2.714831855903e-13       1.237646490731e-14       2.806446222931e-15       4.509312939745e-17      -3.666703388673e-17 
 1197       1.433964997556e-10       2.295685857626e-12       3.238534782354e-13       1.236853706786e-14       2.797148609896e-15       4.999756358812e-17      -3.791265341819e-17 
 1198       1.428104817826e-10       2.317047108802e-12       3.740809526742e-13       1.236048818385e-14       2.787888757185e-15       5.488017680323e-17      -3.914975780407e-17 
 1199       1.422216155352e-10       2.338692727034e-12       4.221396385784e-13       1.235231979904e-14       2.778666441974e-15       5.973409591073e-17      -4.037825117436e-17 
 1200       1.416301096704e-10       2.360611747360e-12       4.680034489531e-13       1.234403346939e-14       2.769481438322e-15       6.455240273757e-17      -4.159803730017e-17 
 1201       1.410361742662e-10       2.382793125657e-12       5.116461799333e-13       1.233563076305e-14       2.760333517164e-15       6.932813397653e-17      -4.280901959326e-17 
 1202       1.404400208253e-10       2.405225738472e-12       5.530415105815e-13       1.232711326038e-14       2.751222446304e-15       7.405428109305e-17      -4.401110110547e-17 
 1203       1.398418622775e-10       2.427898382862e-12       5.921630026850e-13       1.231848255400e-14       2.742147990405e-15       7.872379023203e-17      -4.520418452822e-17 
 1204       1.392419129827e-10       2.450799776213e-12       6.289841005530e-13       1.230974024880e-14       2.733109910984e-15       8.332956212467e-17      -4.638817219196e-17 
 1205       1.386403887341e-10       2.473918556082e-12       6.634781308141e-13       1.230088796197e-14       2.724107966401e-15       8.786445199533e-17      -4.756296606562e-17 
 1206       1.380375067612e-10       2.497243280024e-12       6.956183022133e-13       1.229192732302e-14       2.715141911855e-15       9.232126946830e-17      -4.872846775615e-17 
 1207       1.374334760331e-10       2.520762638278e-12       7.253841425826e-13       1.228286007845e-14       2.706211522882e-15       9.669454604175e-17      -4.988456034760e-17 
 1208       1.368284680359e-10       2.544466094999e-12       7.527808954884e-13       1.227368840704e-14       2.697316666197e-15       1.009858611268e-16      -5.103105367896e-17 
 1209       1.362226456474e-10       2.568343254458e-12       7.778203580779e-13       1.226441460842e-14       2.688457229698e-15       1.051985803223e-16      -5.216773840258e-17 
 1210       1.356161728067e-10       2.592383648740e-12       8.005144655392e-13       1.225504099883e-14       2.679633099024e-15       1.093360937510e-16      -5.329440408242e-17 
 1211       1.350092145162e-10       2.616576737590e-12       8.208752914283e-13       1.224556991113e-14       2.670844157553e-15       1.134018161112e-16      -5.441083919192e-17 
 1212       1.344019368437e-10       2.640911908267e-12       8.389150479962e-13       1.223600369488e-14       2.662090286392e-15       1.173991867295e-16      -5.551683111209e-17 
 1213       1.337945069250e-10       2.665378475386e-12       8.546460865160e-13       1.222634471633e-14       2.653371364373e-15       1.213316696130e-16      -5.661216612941e-17 
 1214       1.331870929653e-10       2.689965680772e-12       8.680808976101e-13       1.221659535847e-14       2.644687268048e-15       1.252027535016e-16      -5.769662943383e-17 
 1215       1.325798642420e-10       2.714662693309e-12       8.792321115768e-13       1.220675802108e-14       2.636037871682e-15       1.290159519200e-16      -5.877000511675e-17 
 1216       1.319729911068e-10       2.739458608784e-12       8.881124987178e-13       1.219683512073e-14       2.627423047245e-15       1.327748032305e-16      -5.983207616897e-17 
 1217       1.313666449875e-10       2.764342449742e-12       8.947349696651e-13       1.218682909086e-14       2.618842664410e-15       1.364828706852e-16      -6.088262447871e-17 
 1218       1.307609983904e-10       2.789303165330e-12       8.991125757078e-13       1.217674238177e-14       2.610296590545e-15       1.401437424778e-16      -6.192143082956e-17 
 1219       1.301562249028e-10       2.814329631149e-12       9.012585091197e-13       1.216657746070e-14       2.601784690706e-15       1.437610317965e-16      -6.294827489844e-17 
 1220       1.295524991944e-10       2.839410649102e-12       9.011861034859e-13       1.215633681182e-14       2.593306827634e-15       1.473383768760e-16      -6.396293525360e-17 
 1221       1.289499970201e-10       2.864534947242e-12       8.989088340300e-13       1.214602293629e-14       2.584862861744e-15       1.508794410499e-16      -6.496518935260e-17 
 1222       1.283488952219e-10       2.889691179622e-12       8.944403179411e-13       1.213563835228e-14       2.576452651125e-15       1.543879128030e-16      -6.595481354026e-17 
 1223       1.277493717312e-10       2.914867926142e-12       8.877943147010e-13       1.212518559505e-14       2.568076051531e-15       1.578675058233e-16      -6.693158304666e-17 
 1224       1.271516055708e-10       2.940053692401e-12       8.789847264111e-13       1.211466721690e-14       2.559732916374e-15       1.613219590550e-16      -6.789527198511e-17 
 1225       1.265557768573e-10       2.965236909544e-12       8.680255981194e-13       1.210408578729e-14       2.551423096721e-15       1.647550367499e-16      -6.884565335009e-17 
 1226       1.259620668028e-10       2.990405934109e-12       8.549311181479e-13       1.209344389282e-14       2.543146441286e-15       1.681705285206e-16      -6.978249901531e-17 
 1227       1.253706577178e-10       3.015549047881e-12       8.397156184193e-13       1.208274413729e-14       2.534902796423e-15       1.715722493919e-16      -7.070557973159e-17 
 1228       1.247817330126e-10       3.040654457735e-12       8.223935747840e-13       1.207198914174e-14       2.526692006123e-15       1.749640398540e-16      -7.161466512489e-17 
 1229       1.241954772001e-10       3.065710295489e-12       8.029796073476e-13       1.206118154445e-14       2.518513912006e-15       1.783497659141e-16      -7.250952369429e-17 
 1230       1.236120758974e-10       3.090704617752e-12       7.814884807974e-13       1.205032400100e-14       2.510368353315e-15       1.817333191490e-16      -7.338992280994e-17 
 1231       1.230317158285e-10       3.115625405772e-12       7.579351047299e-13       1.203941918433e-14       2.502255166913e-15       1.851186167573e-16      -7.425562871103e-17 
 1232       1.224545848260e-10       3.140460565283e-12       7.323345339776e-13       1.202846978471e-14       2.494174187271e-15       1.885096016120e-16      -7.510640650382e-17 
 1233       1.218808718337e-10       3.165197926360e-12       7.047019689363e-13       1.201747850983e-14       2.486125246469e-15       1.919102423122e-16      -7.594202015954e-17 
 1234       1.213107669083e-10       3.189825243262e-12       6.750527558916e-13       1.200644808482e-14       2.478108174185e-15       1.953245332361e-16      -7.676223251243e-17 
 1235       1.207444612220e-10       3.214330194283e-12       6.434023873467e-13       1.199538125227e-14       2.470122797690e-15       1.987564945927e-16      -7.756680525767e-17 
 1236       1.201821470644e-10       3.238700381600e-12       6.097665023490e-13       1.198428077228e-14       2.462168941845e-15       2.022101724745e-16      -7.835549894939e-17 
 1237       1.196240178447e-10       3.262923331124e-12       5.741608868171e-13       1.197314942250e-14       2.454246429091e-15       2.056896389097e-16      -7.912807299863e-17 
 1238       1.190702680940e-10       3.286986492348e-12       5.366014738680e-13       1.196198999813e-14       2.446355079447e-15       2.091989919141e-16      -7.988428567130e-17 
 1239       1.185210934672e-10       3.310877238193e-12       4.971043441444e-13       1.195080531201e-14       2.438494710500e-15       2.127423555443e-16      -8.062389408619e-17 
 1240       1.179766907457e-10       3.334582864863e-12       4.556857261412e-13       1.193959819460e-14       2.430665137400e-15       2.163238799490e-16      -8.134665421293e-17 
 1241       1.174372578386e-10       3.358090591685e-12       4.123619965331e-13       1.192837149405e-14       2.422866172859e-15       2.199477414220e-16      -8.205232086994e-17 
 1242       1.169029937861e-10       3.381387560969e-12       3.671496805011e-13       1.191712807623e-14       2.415097627137e-15       2.236181424542e-16      -8.274064772246e-17 
 1243       1.163740987607e-10       3.404460837845e-12       3.200654520601e-13       1.190587082475e-14       2.407359308043e-15       2.273393117859e-16      -8.341138728049e-17 
 1244       1.158507740697e-10       3.427297410123e-12       2.711261343856e-13       1.189460264099e-14       2.399651020924e-15       2.311155044591e-16      -8.406429089674e-17 
 1245       1.153332221574e-10       3.449884188133e-12       2.203487001410e-13       1.188332644418e-14       2.391972568662e-15       2.349510018700e-16      -8.469910876467e-17 
 1246       1.148216231183e-10       3.472209219629e-12       1.677531862789e-13       1.187204500294e-14       2.384323770204e-15       2.388488052941e-16      -8.531566872391e-17 
 1247       1.143160639310e-10       3.494265350385e-12       1.133714752166e-13       1.186076042787e-14       2.376704516411e-15       2.428066995800e-16      -8.591411369270e-17 
 1248       1.138166083983e-10       3.516046606241e-12       5.723861733529e-14       1.184947467311e-14       2.369114714848e-15       2.468211433774e-16      -8.649466701705e-17 
 1249       1.133233205612e-10       3.537546981899e-12      -6.100735978572e-16       1.183818970423e-14       2.361554271310e-15       2.508885714263e-16      -8.705755392006e-17 
 1250       1.128362646993e-10       3.558760440861e-12      -6.013901987727e-14       1.182690749828e-14       2.354023089813e-15       2.550053945086e-16      -8.760300150595e-17 
 1251       1.123555053311e-10       3.579680915371e-12      -1.213123793069e-13       1.181563004382e-14       2.346521072590e-15       2.591679993990e-16      -8.813123876411e-17 
 1252       1.118811072143e-10       3.600302306360e-12      -1.840940446480e-13       1.180435934090e-14       2.339048120088e-15       2.633727488166e-16      -8.864249657322e-17 
 1253       1.114131353464e-10       3.620618483389e-12      -2.484476430673e-13       1.179309740112e-14       2.331604130960e-15       2.676159813767e-16      -8.913700770522e-17 
 1254       1.109516549647e-10       3.640623284591e-12      -3.143365355842e-13       1.178184624764e-14       2.324189002065e-15       2.718940115416e-16      -8.961500682948e-17 
 1255       1.104967315469e-10       3.660310516613e-12      -3.817238165195e-13       1.177060791518e-14       2.316802628462e-15       2.762031295722e-16      -9.007673051675e-17 
 1256       1.100484308114e-10       3.679673954558e-12      -4.505723129424e-13       1.175938445010e-14       2.309444903402e-15       2.805396014797e-16      -9.052241724333e-17 
 1257       1.096068187175e-10       3.698707341930e-12      -5.208445841190e-13       1.174817791034e-14       2.302115718329e-15       2.848996689764e-16      -9.095230739506e-17 
 1258       1.091719614660e-10       3.717404390576e-12      -5.925029209599e-13       1.173699036551e-14       2.294814962870e-15       2.892795494276e-16      -9.136664327139e-17 
 1259       1.087439254995e-10       3.735758780629e-12      -6.655093454679e-13       1.172582389689e-14       2.287542524836e-15       2.936754358030e-16      -9.176566908947e-17 
 1260       1.083227775024e-10       3.753764160449e-12      -7.398256101862e-13       1.171468059744e-14       2.280298290212e-15       2.980834966275e-16      -9.214963098821e-17 
 1261       1.079085844017e-10       3.771414146566e-12      -8.154131976460e-13       1.170356257182e-14       2.273082143158e-15       3.024998759334e-16      -9.251877703230e-17 
 1262       1.075014133674e-10       3.788702323626e-12      -8.922333198145e-13       1.169247193645e-14       2.265893965999e-15       3.069206932112e-16      -9.287335721633e-17 
 1263       1.071013318122e-10       3.805622244328e-12      -9.702469175427e-13       1.168141081947e-14       2.258733639224e-15       3.113420433612e-16      -9.321362346882e-17 
 1264       1.067084073926e-10       3.822167429374e-12      -1.049414660013e-12       1.167038136081e-14       2.251601041482e-15       3.157599966450e-16      -9.353982965626e-17 
 1265       1.063227080089e-10       3.838331367404e-12      -1.129696944188e-12       1.165938571222e-14       2.244496049574e-15       3.201705986365e-16      -9.385223158723e-17 
 1266       1.059443018054e-10       3.854107514945e-12      -1.211053894257e-12       1.164842603722e-14       2.237418538452e-15       3.245698701741e-16      -9.415108701643e-17 
 1267       1.055732571711e-10       3.869489296350e-12      -1.293445361084e-12       1.163750451122e-14       2.230368381211e-15       3.289538073110e-16      -9.443665564872e-17 
 1268       1.052096427399e-10       3.884470103741e-12      -1.376830921657e-12       1.162662332145e-14       2.223345449088e-15       3.333183812675e-16      -9.470919914323e-17 
 1269       1.048535273909e-10       3.899043296954e-12      -1.461169878536e-12       1.161578466706e-14       2.216349611456e-15       3.376595383821e-16      -9.496898111737e-17 
 1270       1.045049802489e-10       3.913202203481e-12      -1.546421259298e-12       1.160499075909e-14       2.209380735820e-15       3.419732000625e-16      -9.521626715096e-17 
 1271       1.041640706843e-10       3.926940118409e-12      -1.632543815986e-12       1.159424382048e-14       2.202438687809e-15       3.462552627379e-16      -9.545132479022e-17 
 1272       1.038308683142e-10       3.940250304368e-12      -1.719496024560e-12       1.158354608618e-14       2.195523331177e-15       3.505015978092e-16      -9.567442355187e-17 
 1273       1.035054430021e-10       3.953125991471e-12      -1.807236084340e-12       1.157289980304e-14       2.188634527795e-15       3.547080516016e-16      -9.588583492719e-17 
 1274       1.031878648587e-10       3.965560377258e-12      -1.895721917458e-12       1.156230722997e-14       2.181772137647e-15       3.588704453151e-16      -9.608583238609e-17 
 1275       1.028782042419e-10       3.977546626636e-12      -1.984911168304e-12       1.155177063783e-14       2.174936018827e-15       3.629845749763e-16      -9.627469138115e-17 
 1276       1.025765317572e-10       3.989077871825e-12      -2.074761202972e-12       1.154129230957e-14       2.168126027532e-15       3.670462113898e-16      -9.645268935168e-17 
 1277       1.022829182585e-10       4.000147212298e-12      -2.165229108712e-12       1.153087454017e-14       2.161342018058e-15       3.710511000893e-16      -9.662010572782e-17 
 1278       1.019974348477e-10       4.010747714727e-12      -2.256271693374e-12       1.152051963669e-14       2.154583842799e-15       3.749949612895e-16      -9.677722193457e-17 
 1279       1.017201528758e-10       4.020872412923e-12      -2.347845484858e-12       1.151022991829e-14       2.147851352236e-15       3.788734898371e-16      -9.692432139585e-17 
 1280       1.014511439426e-10       4.030514307777e-12      -2.439906730563e-12       1.150000771627e-14       2.141144394938e-15       3.826823551620e-16      -9.706168953858e-17 
 1281       1.011904798977e-10       4.039666367209e-12      -2.532411396831e-12       1.148985537404e-14       2.134462817557e-15       3.864172012294e-16      -9.718961379674e-17 
 1282       1.009382328402e-10       4.048321526104e-12      -2.625315168397e-12       1.147977524721e-14       2.127806464820e-15       3.900736464906e-16      -9.730838361541e-17 
 1283       1.006944751195e-10       4.056472686259e-12      -2.718573447840e-12       1.146976970356e-14       2.121175179526e-15       3.936472838345e-16      -9.741829045488e-17 
 1284       1.004592793355e-10       4.064112716325e-12      -2.812141355024e-12       1.145984112309e-14       2.114568802544e-15       3.971336805393e-16      -9.751962779463e-17 
 1285       1.002326967123e-10       4.071235873885e-12      -2.905975475804e-12       1.144999158634e-14       2.107987187487e-15       4.005295786114e-16      -9.761263642701e-17 
 1286       1.000146919494e-10       4.077842089519e-12      -3.000039131011e-12       1.144022193554e-14       2.101430244939e-15       4.038365108483e-16      -9.769733964848e-17 
 1287       9.980520763005e-11       4.083932731368e-12      -3.094297166315e-12       1.143053270283e-14       2.094897898721e-15       4.070572258206e-16      -9.777370620134e-17 
 1288       9.960418577925e-11       4.089509187467e-12      -3.188714207984e-12       1.142092442099e-14       2.088390071255e-15       4.101944912550e-16      -9.784170481413e-17 
 1289       9.941156786272e-11       4.094572865785e-12      -3.283254662463e-12       1.141139762339e-14       2.081906683560e-15       4.132510940729e-16      -9.790130420176e-17 
 1290       9.922729478562e-11       4.099125194276e-12      -3.377882715944e-12       1.140195284404e-14       2.075447655247e-15       4.162298404289e-16      -9.795247306557e-17 
 1291       9.905130689132e-11       4.103167620924e-12      -3.472562333946e-12       1.139259061757e-14       2.069012904517e-15       4.191335557494e-16      -9.799518009344e-17 
 1292       9.888354396019e-11       4.106701613786e-12      -3.567257260886e-12       1.138331147923e-14       2.062602348156e-15       4.219650847710e-16      -9.802939395989e-17 
 1293       9.872394520839e-11       4.109728661044e-12      -3.661931019656e-12       1.137411596488e-14       2.056215901534e-15       4.247272915792e-16      -9.805508332614e-17 
 1294       9.857244928663e-11       4.112250271044e-12      -3.756546911195e-12       1.136500461099e-14       2.049853478599e-15       4.274230596473e-16      -9.807221684021e-17 
 1295       9.842899427897e-11       4.114267972346e-12      -3.851068014068e-12       1.135597795467e-14       2.043514991875e-15       4.300552918741e-16      -9.808076313703e-17 
 1296       9.829351770158e-11       4.115783313772e-12      -3.945457184039e-12       1.134703653360e-14       2.037200352457e-15       4.326269106232e-16      -9.808069083849e-17 
 1297       9.816595650155e-11       4.116797864445e-12      -4.039677053644e-12       1.133818088613e-14       2.030909470010e-15       4.351408577616e-16      -9.807196855357e-17 
 1298       9.804624705564e-11       4.117313213843e-12      -4.133690031769e-12       1.132941155119e-14       2.024642252765e-15       4.376000946975e-16      -9.805456487839e-17 
 1299       9.793432516910e-11       4.117330971839e-12      -4.227458303223e-12       1.132072906831e-14       2.018398607513e-15       4.400076024199e-16      -9.802844839635e-17 
 1300       9.783012607439e-11       4.116852768751e-12      -4.320943828313e-12       1.131213397766e-14       2.012178439603e-15       4.423663815361e-16      -9.799358767815e-17 
 1301       9.773358443004e-11       4.115880255385e-12      -4.414108342421e-12       1.130362682001e-14       2.005981652940e-15       4.446794523112e-16      -9.794995128195e-17 
 1302       9.764463431935e-11       4.114415103082e-12      -4.506913355574e-12       1.129520813673e-14       1.999808149980e-15       4.469498547060e-16      -9.789750775341e-17 
 1303       9.756320924924e-11       4.112459003766e-12      -4.599320152026e-12       1.128687846981e-14       1.993657831727e-15       4.491806484160e-16      -9.783622562582e-17 
 1304       9.748924214897e-11       4.110013669986e-12      -4.691289789825e-12       1.127863836183e-14       1.987530597730e-15       4.513749129096e-16      -9.776607342013e-17 
 1305       9.742266536898e-11       4.107080834966e-12      -4.782783100394e-12       1.127048835599e-14       1.981426346077e-15       4.535357474670e-16      -9.768701964510e-17 
 1306       9.736341067963e-11       4.103662252648e-12      -4.873760688103e-12       1.126242899610e-14       1.975344973396e-15       4.556662712185e-16      -9.759903279737e-17 
 1307       9.731140926998e-11       4.099759697740e-12      -4.964182929845e-12       1.125446082656e-14       1.969286374848e-15       4.577696231832e-16      -9.750208136153e-17 
 1308       9.726659174661e-11       4.095374965761e-12      -5.054009974610e-12       1.124658439239e-14       1.963250444123e-15       4.598489623075e-16      -9.739613381022e-17 
 1309       9.722888813236e-11       4.090509873087e-12      -5.143201743061e-12       1.123880023919e-14       1.957237073440e-15       4.619074675037e-16      -9.728115860425e-17 
 1310       9.719822786513e-11       4.085166256997e-12      -5.231717927107e-12       1.123110891318e-14       1.951246153543e-15       4.639483376886e-16      -9.715712419262e-17 
 1311       9.717453979664e-11       4.079345975719e-12      -5.319517989480e-12       1.122351096117e-14       1.945277573692e-15       4.659747918219e-16      -9.702399901268e-17 
 1312       9.715775219126e-11       4.073050908477e-12      -5.406561163309e-12       1.121600693057e-14       1.939331221667e-15       4.679900689450e-16      -9.688175149020e-17 
 1313       9.714779272472e-11       4.066282955536e-12      -5.492806451694e-12       1.120859736941e-14       1.933406983761e-15       4.699974282194e-16      -9.673035003942e-17 
 1314       9.714458848297e-11       4.059044038246e-12      -5.578212627283e-12       1.120128282629e-14       1.927504744776e-15       4.720001489652e-16      -9.656976306320e-17 
 1315       9.714806596089e-11       4.051336099094e-12      -5.662738231843e-12       1.119406385041e-14       1.921624388020e-15       4.740015306998e-16      -9.639995895304e-17 
 1316       9.715815106111e-11       4.043161101743e-12      -5.746341575842e-12       1.118694099158e-14       1.915765795306e-15       4.760048931766e-16      -9.622090608925e-17 
 1317       9.717476909278e-11       4.034521031081e-12      -5.828980738014e-12       1.117991480020e-14       1.909928846943e-15       4.780135764232e-16      -9.603257284098e-17 
 1318       9.719784477036e-11       4.025417893269e-12      -5.910613564944e-12       1.117298582726e-14       1.904113421739e-15       4.800309407802e-16      -9.583492756631e-17 
 1319       9.722730221239e-11       4.015853715783e-12      -5.991197670635e-12       1.116615462434e-14       1.898319396994e-15       4.820603669396e-16      -9.562793861239e-17 
 1320       9.726306494028e-11       4.005830547465e-12      -6.070690436087e-12       1.115942174363e-14       1.892546648495e-15       4.841052559837e-16      -9.541157431546e-17 
 1321       9.730505587707e-11       3.995350458562e-12      -6.149049008872e-12       1.115278773788e-14       1.886795050517e-15       4.861690294233e-16      -9.518580300100e-17 
 1322       9.735319734624e-11       3.984415540780e-12      -6.226230302706e-12       1.114625316046e-14       1.881064475817e-15       4.882551292363e-16      -9.495059298378e-17 
 1323       9.740741107047e-11       3.973027907322e-12      -6.302190997026e-12       1.113981856531e-14       1.875354795628e-15       4.903670179067e-16      -9.470591256798e-17 
 1324       9.746761021971e-11       3.961190504091e-12      -6.376892299939e-12       1.113348424880e-14       1.869665891329e-15       4.925070552370e-16      -9.445174754698e-17 
 1325       9.753367546171e-11       3.948909552974e-12      -6.450314295483e-12       1.112724947208e-14       1.863997689587e-15       4.946731151375e-16      -9.418815391426e-17 
 1326       9.760547864454e-11       3.936192135629e-12      -6.522441753959e-12       1.112111323012e-14       1.858350127590e-15       4.968619315520e-16      -9.391520573480e-17 
 1327       9.768289072162e-11       3.923045384884e-12      -6.593259382836e-12       1.111507450910e-14       1.852723141420e-15       4.990702182559e-16      -9.363297769942e-17 
 1328       9.776578174994e-11       3.909476484837e-12      -6.662751826652e-12       1.110913228637e-14       1.847116666041e-15       5.012946688172e-16      -9.334154512611e-17 
 1329       9.785402088828e-11       3.895492670961e-12      -6.730903666909e-12       1.110328553046e-14       1.841530635304e-15       5.035319565591e-16      -9.304098396127e-17 
 1330       9.794747639545e-11       3.881101230200e-12      -6.797699421981e-12       1.109753320104e-14       1.835964981937e-15       5.057787345209e-16      -9.273137078104e-17 
 1331       9.804601562854e-11       3.866309501078e-12      -6.863123547011e-12       1.109187424890e-14       1.830419637550e-15       5.080316354203e-16      -9.241278279254e-17 
 1332       9.814950504116e-11       3.851124873791e-12      -6.927160433812e-12       1.108630761594e-14       1.824894532628e-15       5.102872716147e-16      -9.208529783520e-17 
 1333       9.825781018165e-11       3.835554790319e-12      -6.989794410767e-12       1.108083223517e-14       1.819389596527e-15       5.125422350636e-16      -9.174899438202e-17 
 1334       9.837079569136e-11       3.819606744518e-12      -7.051009742732e-12       1.107544703063e-14       1.813904757475e-15       5.147930972893e-16      -9.140395154086e-17 
 1335       9.848832530284e-11       3.803288282227e-12      -7.110790630934e-12       1.107015091745e-14       1.808439942567e-15       5.170364093398e-16      -9.105024905573e-17 
 1336       9.861026183811e-11       3.786607001369e-12      -7.169121212874e-12       1.106494280177e-14       1.802995077764e-15       5.192687017496e-16      -9.068796730807e-17 
 1337       9.873646720687e-11       3.769570552050e-12      -7.225985562227e-12       1.105982158076e-14       1.797570087888e-15       5.214864845018e-16      -9.031718731805e-17 
 1338       9.886680240479e-11       3.752186636663e-12      -7.281367688741e-12       1.105478614259e-14       1.792164896622e-15       5.236862469900e-16      -8.993799074586e-17 
 1339       9.900112751166e-11       3.734463009990e-12      -7.335251538142e-12       1.104983536639e-14       1.786779426504e-15       5.258644579795e-16      -8.955045989295e-17 
 1340       9.913930168973e-11       3.716407479298e-12      -7.387620992029e-12       1.104496812226e-14       1.781413598928e-15       5.280175655698e-16      -8.915467770338e-17 
 1341       9.928118318185e-11       3.698027904447e-12      -7.438459867778e-12       1.104018327124e-14       1.776067334139e-15       5.301419971556e-16      -8.875072776508e-17 
 1342       9.942662930979e-11       3.679332197990e-12      -7.487751918445e-12       1.103547966530e-14       1.770740551233e-15       5.322341593889e-16      -8.833869431111e-17 
 1343       9.957549647240e-11       3.660328325271e-12      -7.535480832661e-12       1.103085614729e-14       1.765433168148e-15       5.342904381407e-16      -8.791866222098e-17 
 1344       9.972764014391e-11       3.641024304530e-12      -7.581630234536e-12       1.102631155097e-14       1.760145101671e-15       5.363071984626e-16      -8.749071702194e-17 
 1345       9.988291487214e-11       3.621428207004e-12      -7.626183683562e-12       1.102184470096e-14       1.754876267425e-15       5.382807845488e-16      -8.705494489024e-17 
 1346       1.000411742767e-10       3.601548157026e-12      -7.669124674510e-12       1.101745441271e-14       1.749626579875e-15       5.402075196974e-16      -8.661143265243e-17 
 1347       1.002022710474e-10       3.581392332129e-12      -7.710436637329e-12       1.101313949254e-14       1.744395952320e-15       5.420837062725e-16      -8.616026778664e-17 
 1348       1.003660569422e-10       3.560968963149e-12      -7.750102937054e-12       1.100889873753e-14       1.739184296893e-15       5.439056256659e-16      -8.570153842388e-17 
 1349       1.005323827856e-10       3.540286334321e-12      -7.788106873700e-12       1.100473093559e-14       1.733991524555e-15       5.456695382587e-16      -8.523533334933e-17 
 1350       1.007010984671e-10       3.519352783385e-12      -7.824431682165e-12       1.100063486539e-14       1.728817545099e-15       5.473716833828e-16      -8.476174200358e-17 
 1351       1.008720529388e-10       3.498176701687e-12      -7.859060532132e-12       1.099660929635e-14       1.723662267139e-15       5.490082792834e-16      -8.428085448399e-17 
 1352       1.010450942146e-10       3.476766534279e-12      -7.891976527967e-12       1.099265298864e-14       1.718525598113e-15       5.505755230797e-16      -8.379276154591e-17 
 1353       1.012200693673e-10       3.455130780019e-12      -7.923162708622e-12       1.098876469313e-14       1.713407444279e-15       5.520695907276e-16      -8.329755460400e-17 
 1354       1.013968245280e-10       3.433277991679e-12      -7.952602047534e-12       1.098494315141e-14       1.708307710711e-15       5.534866369807e-16      -8.279532573352e-17 
 1355       1.015752048832e-10       3.411216776039e-12      -7.980277452529e-12       1.098118709572e-14       1.703226301299e-15       5.548227953523e-16      -8.228616767159e-17 
 1356       1.017550546741e-10       3.388955793991e-12      -8.006171765717e-12       1.097749524900e-14       1.698163118744e-15       5.560741780775e-16      -8.177017381851e-17 
 1357       1.019362171940e-10       3.366503760644e-12      -8.030267763399e-12       1.097386632480e-14       1.693118064555e-15       5.572368760742e-16      -8.124743823901e-17 
 1358       1.021185347871e-10       3.343869445419e-12      -8.052548155962e-12       1.097029902732e-14       1.688091039048e-15       5.583069589054e-16      -8.071805566357e-17 
 1359       1.023018488463e-10       3.321061672157e-12      -8.072995587784e-12       1.096679205135e-14       1.683081941344e-15       5.592804747406e-16      -8.018212148970e-17 
 1360       1.024859998118e-10       3.298089319216e-12      -8.091592637135e-12       1.096334408227e-14       1.678090669364e-15       5.601534503178e-16      -7.963973178318e-17 
 1361       1.026708271691e-10       3.274961319574e-12      -8.108321816071e-12       1.095995379604e-14       1.673117119827e-15       5.609218909051e-16      -7.909098327943e-17 
 1362       1.028561694474e-10       3.251686660931e-12      -8.123165570345e-12       1.095661985915e-14       1.668161188248e-15       5.615817802622e-16      -7.853597338472e-17 
 1363       1.030418721446e-10       3.228274211459e-12      -8.136110983813e-12       1.095334086459e-14       1.663222778244e-15       5.621303396213e-16      -7.797479785568e-17 
 1364       1.032278115987e-10       3.204732194818e-12      -8.147163947112e-12       1.095011513888e-14       1.658301829561e-15       5.625698194827e-16      -7.740754380784e-17 
 1365       1.034138713691e-10       3.181068709709e-12      -8.156335140792e-12       1.094694093294e-14       1.653398290344e-15       5.629037484227e-16      -7.683429663463e-17 
 1366       1.035999343318e-10       3.157291903806e-12      -8.163635344802e-12       1.094381648588e-14       1.648512107849e-15       5.631356778077e-16      -7.625514232353e-17 
 1367       1.037858826777e-10       3.133409973845e-12      -8.169075438687e-12       1.094074002500e-14       1.643643228445e-15       5.632691818380e-16      -7.567016745722e-17 
 1368       1.039715979118e-10       3.109431165712e-12      -8.172666401800e-12       1.093770976579e-14       1.638791597611e-15       5.633078575907e-16      -7.507945921467e-17 
 1369       1.041569608518e-10       3.085363774538e-12      -8.174419313502e-12       1.093472391187e-14       1.633957159932e-15       5.632553250623e-16      -7.448310537234e-17 
 1370       1.043418516268e-10       3.061216144785e-12      -8.174345353366e-12       1.093178065499e-14       1.629139859101e-15       5.631152272120e-16      -7.388119430527e-17 
 1371       1.045261496761e-10       3.036996670338e-12      -8.172455801384e-12       1.092887817500e-14       1.624339637912e-15       5.628912300047e-16      -7.327381498825e-17 
 1372       1.047097337478e-10       3.012713794595e-12      -8.168762038170e-12       1.092601463983e-14       1.619556438261e-15       5.625870224539e-16      -7.266105699692e-17 
 1373       1.048924818978e-10       2.988376010557e-12      -8.163275545164e-12       1.092318820545e-14       1.614790201143e-15       5.622063166646e-16      -7.204301050893e-17 
 1374       1.050742714885e-10       2.963991860918e-12      -8.156007904836e-12       1.092039701589e-14       1.610040866652e-15       5.617528478768e-16      -7.141976630507e-17 
 1375       1.052549791874e-10       2.939569938156e-12      -8.146970800893e-12       1.091763920317e-14       1.605308373976e-15       5.612303745076e-16      -7.079141577043e-17 
 1376       1.054344809659e-10       2.915118884622e-12      -8.136176018479e-12       1.091491288730e-14       1.600592661394e-15       5.606426781951e-16      -7.015805089548e-17 
 1377       1.056126520981e-10       2.890647392633e-12      -8.123635444386e-12       1.091221617625e-14       1.595893666280e-15       5.599935638407e-16      -6.951976427726e-17 
 1378       1.057893671596e-10       2.866164204559e-12      -8.109361067249e-12       1.090954716595e-14       1.591211325095e-15       5.592868596528e-16      -6.887664912051e-17 
 1379       1.059645000260e-10       2.841678112913e-12      -8.093364977760e-12       1.090690394024e-14       1.586545573385e-15       5.585264171889e-16      -6.822879923876e-17 
 1380       1.061379238719e-10       2.817197960446e-12      -8.075659368866e-12       1.090428457084e-14       1.581896345785e-15       5.577161113995e-16      -6.757630905555e-17 
 1381       1.063095111697e-10       2.792732640230e-12      -8.056256535975e-12       1.090168711736e-14       1.577263576009e-15       5.568598406705e-16      -6.691927360546e-17 
 1382       1.064791336881e-10       2.768291095756e-12      -8.035168877162e-12       1.089910962727e-14       1.572647196854e-15       5.559615268663e-16      -6.625778853536e-17 
 1383       1.066466624909e-10       2.743882321017e-12      -8.012408893371e-12       1.089655013585e-14       1.568047140195e-15       5.550251153731e-16      -6.559195010544e-17 
 1384       1.068119679360e-10       2.719515360603e-12      -7.987989188622e-12       1.089400666618e-14       1.563463336983e-15       5.540545751415e-16      -6.492185519043e-17 
 1385       1.069749196738e-10       2.695199309791e-12      -7.961922470212e-12       1.089147722915e-14       1.558895717244e-15       5.530538987296e-16      -6.424760128070e-17 
 1386       1.071353866462e-10       2.670943314632e-12      -7.934221548923e-12       1.088895982339e-14       1.554344210077e-15       5.520271023463e-16      -6.356928648338e-17 
 1387       1.072932370852e-10       2.646756572044e-12      -7.904899339223e-12       1.088645243526e-14       1.549808743650e-15       5.509782258938e-16      -6.288700952354e-17 
 1388       1.074483385118e-10       2.622648329901e-12      -7.873968859473e-12       1.088395303886e-14       1.545289245202e-15       5.499113330110e-16      -6.220086974529e-17 
 1389       1.076005577347e-10       2.598627887124e-12      -7.841443232130e-12       1.088145959596e-14       1.540785641035e-15       5.488305111163e-16      -6.151096711292e-17 
 1390       1.077497608487e-10       2.574704593772e-12      -7.807335683952e-12       1.087897005601e-14       1.536297856518e-15       5.477398714506e-16      -6.081740221207e-17 
 1391       1.078958132342e-10       2.550887851129e-12      -7.771659546201e-12       1.087648235609e-14       1.531825816079e-15       5.466435491204e-16      -6.012027625083e-17 
 1392       1.080385795552e-10       2.527187111798e-12      -7.734428254851e-12       1.087399442094e-14       1.527369443210e-15       5.455457031407e-16      -5.941969106088e-17 
 1393       1.081779237584e-10       2.503611879789e-12      -7.695655350788e-12       1.087150416285e-14       1.522928660459e-15       5.444505164779e-16      -5.871574909864e-17 
 1394       1.083137090720e-10       2.480171710609e-12      -7.655354480015e-12       1.086900948173e-14       1.518503389428e-15       5.433621960932e-16      -5.800855344642e-17 
 1395       1.084457980043e-10       2.456876211353e-12      -7.613539393859e-12       1.086650826503e-14       1.514093550778e-15       5.422849729850e-16      -5.729820781350e-17 
 1396       1.085740523425e-10       2.433735040796e-12      -7.570223949176e-12       1.086399838773e-14       1.509699064216e-15       5.412231022323e-16      -5.658481653735e-17 
 1397       1.086983331514e-10       2.410757909480e-12      -7.525422108550e-12       1.086147771232e-14       1.505319848503e-15       5.401808630378e-16      -5.586848458469e-17 
 1398       1.088185007723e-10       2.387954579805e-12      -7.479147940501e-12       1.085894408878e-14       1.500955821446e-15       5.391625587703e-16      -5.514931755266e-17 
 1399       1.089344148216e-10       2.365334866121e-12      -7.431415619691e-12       1.085639535456e-14       1.496606899898e-15       5.381725170086e-16      -5.442742166997e-17 
 1400       1.090459341896e-10       2.342908634817e-12      -7.382239427126e-12       1.085382933454e-14       1.492272999756e-15       5.372150895835e-16      -5.370290379801e-17 
 1401       1.091529170391e-10       2.320685804411e-12      -7.331633750359e-12       1.085124384102e-14       1.487954035957e-15       5.362946526215e-16      -5.297587143199e-17 
 1402       1.092552377175e-10       2.298675412047e-12      -7.279615155874e-12       1.084863681452e-14       1.483649929924e-15       5.354144208040e-16      -5.224643133687e-17 
 1403       1.093528376868e-10       2.276882802149e-12      -7.226208629460e-12       1.084600674776e-14       1.479360631977e-15       5.345728765262e-16      -5.151468543724e-17 
 1404       1.094456751218e-10       2.255312408623e-12      -7.171441401333e-12       1.084335226604e-14       1.475086099149e-15       5.337673035776e-16      -5.078073488683e-17 
 1405       1.095337080459e-10       2.233968685820e-12      -7.115340880197e-12       1.084067198682e-14       1.470826287765e-15       5.329949695160e-16      -5.004468143087e-17 
 1406       1.096168943301e-10       2.212856108575e-12      -7.057934653575e-12       1.083796451972e-14       1.466581153433e-15       5.322531256388e-16      -4.930662740716e-17 
 1407       1.096951916930e-10       2.191979172233e-12      -6.999250488140e-12       1.083522846649e-14       1.462350651048e-15       5.315390069536e-16      -4.856667574714e-17 
 1408       1.097685577010e-10       2.171342392688e-12      -6.939316330044e-12       1.083246242097e-14       1.458134734792e-15       5.308498321485e-16      -4.782492997690e-17 
 1409       1.098369497676e-10       2.150950306414e-12      -6.878160305251e-12       1.082966496914e-14       1.453933358124e-15       5.301828035630e-16      -4.708149421828e-17 
 1410       1.099003251531e-10       2.130807470499e-12      -6.815810719867e-12       1.082683468907e-14       1.449746473789e-15       5.295351071586e-16      -4.633647318988e-17 
 1411       1.099586409649e-10       2.110918462677e-12      -6.752296060469e-12       1.082397015087e-14       1.445574033807e-15       5.289039124894e-16      -4.558997220817e-17 
 1412       1.100118541570e-10       2.091287881360e-12      -6.687644994440e-12       1.082106991674e-14       1.441415989477e-15       5.282863726730e-16      -4.484209718846e-17 
 1413       1.100599215296e-10       2.071920345678e-12      -6.621886370296e-12       1.081813254094e-14       1.437272291375e-15       5.276796243607e-16      -4.409295464603e-17 
 1414       1.101027997290e-10       2.052820495504e-12      -6.555049218018e-12       1.081515656972e-14       1.433142889350e-15       5.270807877088e-16      -4.334265169717e-17 
 1415       1.101404452478e-10       2.033992991492e-12      -6.487162749382e-12       1.081214054140e-14       1.429027732524e-15       5.264869663486e-16      -4.259129606018e-17 
 1416       1.101728144239e-10       2.015442515107e-12      -6.418256358291e-12       1.080908298627e-14       1.424926769291e-15       5.258952473574e-16      -4.183899605648e-17 
 1417       1.101998634409e-10       1.997173768665e-12      -6.348359621108e-12       1.080598242662e-14       1.420839947312e-15       5.253027012290e-16      -4.108586061165e-17 
 1418       1.102215483277e-10       1.979191475357e-12      -6.277502296980e-12       1.080283737672e-14       1.416767213520e-15       5.247063818446e-16      -4.033199925646e-17 
 1419       1.102378249581e-10       1.961500379289e-12      -6.205714328176e-12       1.079964634281e-14       1.412708514109e-15       5.241033264433e-16      -3.957752212796e-17 
 1420       1.102486490509e-10       1.944105245513e-12      -6.133025840414e-12       1.079640782306e-14       1.408663794542e-15       5.234905555926e-16      -3.882253997051e-17 
 1421       1.102539761693e-10       1.927010860060e-12      -6.059467143191e-12       1.079312030760e-14       1.404632999544e-15       5.228650731594e-16      -3.806716413681e-17 
 1422       1.102537617213e-10       1.910222029974e-12      -5.985068730117e-12       1.078978227845e-14       1.400616073100e-15       5.222238662802e-16      -3.731150658902e-17 
 1423       1.102479609585e-10       1.893743583344e-12      -5.909861279244e-12       1.078639220956e-14       1.396612958456e-15       5.215639053323e-16      -3.655567989974e-17 
 1424       1.102365289770e-10       1.877580369340e-12      -5.833875653397e-12       1.078294856677e-14       1.392623598116e-15       5.208821439040e-16      -3.579979725312e-17 
 1425       1.102194207164e-10       1.861737258243e-12      -5.757142900503e-12       1.077944980779e-14       1.388647933841e-15       5.201755187655e-16      -3.504397244587e-17 
 1426       1.101965909597e-10       1.846219141481e-12      -5.679694253926e-12       1.077589438220e-14       1.384685906646e-15       5.194409498394e-16      -3.428831988835e-17 
 1427       1.101679943334e-10       1.831030931658e-12      -5.601561132793e-12       1.077228073142e-14       1.380737456801e-15       5.186753401715e-16      -3.353295460560e-17 
 1428       1.101335853070e-10       1.816177562595e-12      -5.522775142329e-12       1.076860728871e-14       1.376802523825e-15       5.178755759014e-16      -3.277799223839e-17 
 1429       1.100933181928e-10       1.801663989354e-12      -5.443368074184e-12       1.076487247916e-14       1.372881046491e-15       5.170385262330e-16      -3.202354904429e-17 
 1430       1.100471471459e-10       1.787495188278e-12      -5.363371906767e-12       1.076107471967e-14       1.368972962817e-15       5.161610434056e-16      -3.126974189872e-17 
 1431       1.099950261636e-10       1.773676157023e-12      -5.282818805575e-12       1.075721241890e-14       1.365078210071e-15       5.152399626639e-16      -3.051668829600e-17 
 1432       1.099369090857e-10       1.760211914588e-12      -5.201741123524e-12       1.075328397734e-14       1.361196724764e-15       5.142721022292e-16      -2.976450635038e-17 
 1433       1.098727495936e-10       1.747107501351e-12      -5.120171401280e-12       1.074928778721e-14       1.357328442652e-15       5.132542632699e-16      -2.901331479715e-17 
 1434       1.098025012108e-10       1.734367979104e-12      -5.038142367590e-12       1.074522223249e-14       1.353473298732e-15       5.121832298719e-16      -2.826323299363e-17 
 1435       1.097261173022e-10       1.721998431081e-12      -4.955686939612e-12       1.074108568889e-14       1.349631227243e-15       5.110557690097e-16      -2.751438092025e-17 
 1436       1.096435510740e-10       1.710003961998e-12      -4.872838223248e-12       1.073687652385e-14       1.345802161662e-15       5.098686305167e-16      -2.676687918164e-17 
 1437       1.095547555735e-10       1.698389698078e-12      -4.789629513470e-12       1.073259309652e-14       1.341986034704e-15       5.086185470561e-16      -2.602084900761e-17 
 1438       1.094596836889e-10       1.687160787094e-12      -4.706094294658e-12       1.072823375775e-14       1.338182778319e-15       5.073022340912e-16      -2.527641225425e-17 
 1439       1.093582881492e-10       1.676322398392e-12      -4.622266240924e-12       1.072379685006e-14       1.334392323690e-15       5.059163898565e-16      -2.453369140499e-17 
 1440       1.092505215237e-10       1.665879722935e-12      -4.538179216445e-12       1.071928070762e-14       1.330614601236e-15       5.044576953281e-16      -2.379280957163e-17 
 1441       1.091363514943e-10       1.655836897044e-12      -4.453865968469e-12       1.071468389556e-14       1.326849546583e-15       5.029236876296e-16      -2.305387665344e-17 
 1442       1.090158068427e-10       1.646193761646e-12      -4.369354191147e-12       1.071000593034e-14       1.323097118568e-15       5.013153900074e-16      -2.231694765871e-17 
 1443       1.088889319294e-10       1.636949070203e-12      -4.284670422408e-12       1.070524656664e-14       1.319357281419e-15       4.996347084890e-16      -2.158206396231e-17 
 1444       1.087557714647e-10       1.628101561987e-12      -4.199841347917e-12       1.070040555874e-14       1.315629998789e-15       4.978835608913e-16      -2.084926710951e-17 
 1445       1.086163705088e-10       1.619649962044e-12      -4.114893801329e-12       1.069548266051e-14       1.311915233755e-15       4.960638768415e-16      -2.011859881620e-17 
 1446       1.084707744729e-10       1.611592981170e-12      -4.029854764546e-12       1.069047762542e-14       1.308212948819e-15       4.941775977981e-16      -1.939010096919e-17 
 1447       1.083190291197e-10       1.603929315881e-12      -3.944751367972e-12       1.068539020655e-14       1.304523105901e-15       4.922266770720e-16      -1.866381562645e-17 
 1448       1.081611805640e-10       1.596657648384e-12      -3.859610890766e-12       1.068022015656e-14       1.300845666346e-15       4.902130798478e-16      -1.793978501734e-17 
 1449       1.079972752736e-10       1.589776646547e-12      -3.774460761102e-12       1.067496722772e-14       1.297180590916e-15       4.881387832046e-16      -1.721805154290e-17 
 1450       1.078273600697e-10       1.583284963870e-12      -3.689328556418e-12       1.066963117189e-14       1.293527839791e-15       4.860057761375e-16      -1.649865777607e-17 
 1451       1.076514821277e-10       1.577181239459e-12      -3.604242003677e-12       1.066421174053e-14       1.289887372570e-15       4.838160595781e-16      -1.578164646198e-17 
 1452       1.074696889778e-10       1.571464097995e-12      -3.519228979619e-12       1.065870868469e-14       1.286259148264e-15       4.815716464164e-16      -1.506706051817e-17 
 1453       1.072820285058e-10       1.566132149705e-12      -3.434317511018e-12       1.065312175503e-14       1.282643125302e-15       4.792745615210e-16      -1.435494303486e-17 
 1454       1.070885489535e-10       1.561183990332e-12      -3.349535774935e-12       1.064745070179e-14       1.279039261525e-15       4.769268417609e-16      -1.364533727520e-17 
 1455       1.068892989195e-10       1.556618201110e-12      -3.264912098977e-12       1.064169527482e-14       1.275447514183e-15       4.745305360263e-16      -1.293828667553e-17 
 1456       1.066843273601e-10       1.552433348731e-12      -3.180474961547e-12       1.063585522355e-14       1.271867839941e-15       4.720877052496e-16      -1.223383484562e-17 
 1457       1.064736835896e-10       1.548627985317e-12      -3.096252992106e-12       1.062993029701e-14       1.268300194869e-15       4.696004224267e-16      -1.153202556895e-17 
 1458       1.062574172811e-10       1.545200648394e-12      -3.012274971423e-12       1.062392024384e-14       1.264744534449e-15       4.670707726381e-16      -1.083290280292e-17 
 1459       1.060355784672e-10       1.542149860861e-12      -2.928569831831e-12       1.061782481225e-14       1.261200813568e-15       4.645008530698e-16      -1.013651067917e-17 
 1460       1.058082175406e-10       1.539474130957e-12      -2.845166657484e-12       1.061164375005e-14       1.257668986516e-15       4.618927730346e-16      -9.442893503750e-18 
 1461       1.055753852548e-10       1.537171952242e-12      -2.762094684612e-12       1.060537680465e-14       1.254149006992e-15       4.592486539929e-16      -8.752095757451e-18 
 1462       1.053371327248e-10       1.535241803559e-12      -2.679383301776e-12       1.059902372306e-14       1.250640828094e-15       4.565706295743e-16      -8.064162096012e-18 
 1463       1.050935114277e-10       1.533682149007e-12      -2.597062050122e-12       1.059258425186e-14       1.247144402324e-15       4.538608455982e-16      -7.379137350390e-18 
 1464       1.048445732033e-10       1.532491437918e-12      -2.515160623639e-12       1.058605813725e-14       1.243659681584e-15       4.511214600951e-16      -6.697066527014e-18 
 1465       1.045903702549e-10       1.531668104819e-12      -2.433708869411e-12       1.057944512500e-14       1.240186617173e-15       4.483546433277e-16      -6.017994808035e-18 
 1466       1.043309551500e-10       1.531210569410e-12      -2.352736787876e-12       1.057274496048e-14       1.236725159792e-15       4.455625778121e-16      -5.341967551581e-18 
 1467       1.040663808207e-10       1.531117236533e-12      -2.272274533076e-12       1.056595738865e-14       1.233275259535e-15       4.427474583385e-16      -4.669030292012e-18 
 1468       1.037967005646e-10       1.531386496142e-12      -2.192352412919e-12       1.055908215406e-14       1.229836865893e-15       4.399114919929e-16      -3.999228740173e-18 
 1469       1.035219680455e-10       1.532016723277e-12      -2.113000889430e-12       1.055211900086e-14       1.226409927751e-15       4.370568981776e-16      -3.332608783648e-18 
 1470       1.032422372938e-10       1.533006278029e-12      -2.034250579005e-12       1.054506767278e-14       1.222994393388e-15       4.341859086327e-16      -2.669216487014e-18 
 1471       1.029575627074e-10       1.534353505521e-12      -1.956132252672e-12       1.053792791315e-14       1.219590210471e-15       4.313007674571e-16      -2.009098092093e-18 
 1472       1.026679990522e-10       1.536056735868e-12      -1.878676836339e-12       1.053069946488e-14       1.216197326061e-15       4.284037311294e-16      -1.352300018209e-18 
 1473       1.023736014630e-10       1.538114284157e-12      -1.801915411057e-12       1.052338207047e-14       1.212815686606e-15       4.254970685292e-16      -6.988688624408e-19 
 1474       1.020744254438e-10       1.540524450413e-12      -1.725879213267e-12       1.051597547202e-14       1.209445237944e-15       4.225830609582e-16      -4.885139987345e-20 
 1475       1.017705268689e-10       1.543285519572e-12      -1.650599635063e-12       1.050847941120e-14       1.206085925296e-15       4.196640021612e-16       5.977054161452e-19 
 1476       1.014619619831e-10       1.546395761453e-12      -1.576108224443e-12       1.050089362929e-14       1.202737693272e-15       4.167421983472e-16       1.240754453752e-18 
 1477       1.011487874026e-10       1.549853430725e-12      -1.502436685563e-12       1.049321786714e-14       1.199400485864e-15       4.138199682106e-16       1.880248402313e-18 
 1478       1.008310601160e-10       1.553656766885e-12      -1.429616878999e-12       1.048545186521e-14       1.196074246447e-15       4.108996429522e-16       2.516139772172e-18 
 1479       1.005088374842e-10       1.557803994222e-12      -1.357680821992e-12       1.047759536353e-14       1.192758917777e-15       4.079835663003e-16       3.148380894396e-18 
 1480       1.001821829949e-10       1.562292714019e-12      -1.286657231043e-12       1.046964829312e-14       1.189454446813e-15       4.050737666150e-16       3.776924805524e-18 
 1481       9.985118358480e-11       1.567118074633e-12      -1.216561111765e-12       1.046161135234e-14       1.186160799226e-15       4.021709696137e-16       4.401727911893e-18 
 1482       9.951593248978e-11       1.572274583270e-12      -1.147404066655e-12       1.045348543622e-14       1.182877945031e-15       3.992755759311e-16       5.022747351137e-18 
 1483       9.917652350806e-11       1.577756712060e-12      -1.079197743497e-12       1.044527144560e-14       1.179605853775e-15       3.963879881533e-16       5.639940109368e-18 
 1484       9.883305100125e-11       1.583558897992e-12      -1.011953835427e-12       1.043697028717e-14       1.176344494537e-15       3.935086108211e-16       6.253263020973e-18 
 1485       9.848560989530e-11       1.589675542850e-12      -9.456840810001e-13       1.042858287340e-14       1.173093835929e-15       3.906378504335e-16       6.862672768405e-18 
 1486       9.813429568151e-11       1.596101013155e-12      -8.804002642539e-13       1.042011012264e-14       1.169853846091e-15       3.877761154503e-16       7.468125881977e-18 
 1487       9.777920441749e-11       1.602829640100e-12      -8.161142147773e-13       1.041155295907e-14       1.166624492694e-15       3.849238162956e-16       8.069578739662e-18 
 1488       9.742043272812e-11       1.609855719488e-12      -7.528378077749e-13       1.040291231273e-14       1.163405742935e-15       3.820813653609e-16       8.666987566882e-18 
 1489       9.705807780656e-11       1.617173511671e-12      -6.905829641336e-13       1.039418911954e-14       1.160197563539e-15       3.792491770080e-16       9.260308436307e-18 
 1490       9.669223741519e-11       1.624777241489e-12      -6.293616504885e-13       1.038538432129e-14       1.156999920759e-15       3.764276675725e-16       9.849497267644e-18 
 1491       9.632300988664e-11       1.632661098203e-12      -5.691858792887e-13       1.037649886568e-14       1.153812780371e-15       3.736172553667e-16       1.043450982744e-17 
 1492       9.595049412470e-11       1.640819235438e-12      -5.100677088634e-13       1.036753370627e-14       1.150636107676e-15       3.708183606828e-16       1.101530172887e-17 
 1493       9.557478960537e-11       1.649245771118e-12      -4.520192434879e-13       1.035848980258e-14       1.147469867497e-15       3.680314057960e-16       1.159182843152e-17 
 1494       9.519599637776e-11       1.657934787405e-12      -3.950526334496e-13       1.034936812001e-14       1.144314024182e-15       3.652568149679e-16       1.216404524123e-17 
 1495       9.481421506515e-11       1.666880330636e-12      -3.391800751142e-13       1.034016962991e-14       1.141168541597e-15       3.624950144492e-16       1.273190730982e-17 
 1496       9.442954686590e-11       1.676076411262e-12      -2.844138109911e-13       1.033089530958e-14       1.138033383130e-15       3.597464324832e-16       1.329536963492e-17 
 1497       9.404209355446e-11       1.685517003784e-12      -2.307661297999e-13       1.032154614225e-14       1.134908511687e-15       3.570114993088e-16       1.385438705978e-17 
 1498       9.365195748234e-11       1.695196046694e-12      -1.782493665365e-13       1.031212311712e-14       1.131793889694e-15       3.542906471636e-16       1.440891427305e-17 
 1499       9.325924157909e-11       1.705107442408e-12      -1.268759025385e-13       1.030262722937e-14       1.128689479092e-15       3.515843102873e-16       1.495890580855e-17 
 1500       9.286404935326e-11       1.715245057209e-12      -7.665816555177e-14       1.029305948014e-14       1.125595241340e-15       3.488929249245e-16       1.550431604509e-17 
 1501       9.246648489343e-11       1.725602721181e-12      -2.760862979602e-14       1.028342087660e-14       1.122511137410e-15       3.462169293281e-16       1.604509920630e-17 
 1502       9.206665286911e-11       1.736174228150e-12       2.026018396890e-14       1.027371243187e-14       1.119437127792e-15       3.435567637620e-16       1.658120936032e-17 
 1503       9.166465853178e-11       1.746953335617e-12       6.693570837716e-14       1.026393516514e-14       1.116373172484e-15       3.409128705051e-16       1.711260041973e-17 
 1504       9.126060771584e-11       1.757933764703e-12       1.124053293910e-13       1.025409010157e-14       1.113319231000e-15       3.382856938536e-16       1.763922614122e-17 
 1505       9.085460683960e-11       1.769109200079e-12       1.566563862345e-13       1.024417827238e-14       1.110275262365e-15       3.356756801244e-16       1.816104012547e-17 
 1506       9.044676290623e-11       1.780473289911e-12       1.996761713279e-13       1.023420071483e-14       1.107241225112e-15       3.330832776586e-16       1.867799581690e-17 
 1507       9.003718350479e-11       1.792019645792e-12       2.414519302216e-13       1.022415847224e-14       1.104217077285e-15       3.305089368241e-16       1.919004650349e-17 
 1508       8.962597681114e-11       1.803741842683e-12       2.819708615297e-13       1.021405259397e-14       1.101202776435e-15       3.279531100190e-16       1.969714531657e-17 
 1509       8.921325158897e-11       1.815633418851e-12       3.212201168646e-13       1.020388413548e-14       1.098198279621e-15       3.254162516750e-16       2.019924523058e-17 
 1510       8.879911719076e-11       1.827687875806e-12       3.591868007708e-13       1.019365415829e-14       1.095203543408e-15       3.228988182600e-16       2.069629906292e-17 
 1511       8.838368355877e-11       1.839898678236e-12       3.958579706587e-13       1.018336373002e-14       1.092218523866e-15       3.204012682816e-16       2.118825947371e-17 
 1512       8.796706122597e-11       1.852259253952e-12       4.312206367388e-13       1.017301392441e-14       1.089243176570e-15       3.179240622902e-16       2.167507896558e-17 
 1513       8.754936131709e-11       1.864762993818e-12       4.652617619559e-13       1.016260582129e-14       1.086277456597e-15       3.154676628821e-16       2.215670988350e-17 
 1514       8.713069554953e-11       1.877403251694e-12       4.979682619226e-13       1.015214050663e-14       1.083321318527e-15       3.130325347025e-16       2.263310441453e-17 
 1515       8.671117623439e-11       1.890173344371e-12       5.293270048538e-13       1.014161907253e-14       1.080374716439e-15       3.106191444491e-16       2.310421458766e-17 
 1516       8.629091627742e-11       1.903066551513e-12       5.593248115004e-13       1.013104261723e-14       1.077437603917e-15       3.082279608747e-16       2.356999227354e-17 
 1517       8.587002917998e-11       1.916076115587e-12       5.879484550837e-13       1.012041224513e-14       1.074509934039e-15       3.058594547906e-16       2.403038918437e-17 
 1518       8.544862904007e-11       1.929195241810e-12       6.151846612288e-13       1.010972906680e-14       1.071591659385e-15       3.035140990697e-16       2.448535687359e-17 
 1519       8.502682532013e-11       1.942417228947e-12       6.410235300661e-13       1.009899424398e-14       1.068682735938e-15       3.011921131966e-16       2.493485408001e-17 
 1520       8.460470709353e-11       1.955735863228e-12       6.654688387133e-13       1.008820912519e-14       1.065783134855e-15       2.988926942202e-16       2.537886883772e-17 
 1521       8.418235864834e-11       1.969145028103e-12       6.885278378689e-13       1.007737511147e-14       1.062892830811e-15       2.966147784017e-16       2.581739657863e-17 
 1522       8.375986470739e-11       1.982638573665e-12       7.102078387604e-13       1.006649361147e-14       1.060011798099e-15       2.943572959856e-16       2.625043280775e-17 
 1523       8.333731042903e-11       1.996210316591e-12       7.305162132561e-13       1.005556604152e-14       1.057140010627e-15       2.921191711897e-16       2.667797310334e-17 
 1524       8.291478140774e-11       2.009854040091e-12       7.494603939765e-13       1.004459382556e-14       1.054277441922e-15       2.898993221948e-16       2.710001311709e-17 
 1525       8.249236367494e-11       2.023563493851e-12       7.670478744065e-13       1.003357839524e-14       1.051424065126e-15       2.876966611348e-16       2.751654857429e-17 
 1526       8.207014369960e-11       2.037332393976e-12       7.832862090074e-13       1.002252118986e-14       1.048579852993e-15       2.855100940862e-16       2.792757527404e-17 
 1527       8.164820838902e-11       2.051154422936e-12       7.981830133286e-13       1.001142365644e-14       1.045744777896e-15       2.833385210583e-16       2.833308908937e-17 
 1528       8.122664508950e-11       2.065023229514e-12       8.117459641194e-13       1.000028724968e-14       1.042918811817e-15       2.811808359829e-16       2.873308596747e-17 
 1529       8.080554158704e-11       2.078932428742e-12       8.239827994409e-13       9.989113432032e-15       1.040101926352e-15       2.790359267043e-16       2.912756192984e-17 
 1530       8.038498610808e-11       2.092875601856e-12       8.349013187780e-13       9.977903673644e-15       1.037294092710e-15       2.769026749691e-16       2.951651307246e-17 
 1531       7.996506732015e-11       2.106846296232e-12       8.445093831513e-13       9.966659452429e-15       1.034495281707e-15       2.747799564158e-16       2.989993556598e-17 
 1532       7.954587433263e-11       2.120838025336e-12       8.528149152288e-13       9.955382254049e-15       1.031705463774e-15       2.726666405651e-16       3.027782565591e-17 
 1533       7.912749669744e-11       2.134844268666e-12       8.598258994377e-13       9.944073571936e-15       1.028924608947e-15       2.705615908096e-16       3.065017966275e-17 
 1534       7.871002440971e-11       2.148858471700e-12       8.655503820765e-13       9.932734907305e-15       1.026152686873e-15       2.684636644035e-16       3.101699398222e-17 
 1535       7.829354790855e-11       2.162874045834e-12       8.699964714269e-13       9.921367769160e-15       1.023389666805e-15       2.663717124528e-16       3.137826508540e-17 
 1536       7.787815807768e-11       2.176884368334e-12       8.731723378653e-13       9.909973674316e-15       1.020635517604e-15       2.642845799048e-16       3.173398951892e-17 
 1537       7.746394624621e-11       2.190882782276e-12       8.750862139752e-13       9.898554147405e-15       1.017890207737e-15       2.622011055381e-16       3.208416390514e-17 
 1538       7.705100418929e-11       2.204862596493e-12       8.757463946587e-13       9.887110720888e-15       1.015153705275e-15       2.601201219528e-16       3.242878494231e-17 
 1539       7.663942412884e-11       2.218817085517e-12       8.751612372482e-13       9.875644935073e-15       1.012425977896e-15       2.580404555597e-16       3.276784940477e-17 
 1540       7.622929873426e-11       2.232739489528e-12       8.733391616190e-13       9.864158338122e-15       1.009706992878e-15       2.559609265707e-16       3.310135414310e-17 
 1541       7.582072112312e-11       2.246623014294e-12       8.702886503003e-13       9.852652486066e-15       1.006996717105e-15       2.538803489887e-16       3.342929608432e-17 
 1542       7.541378486186e-11       2.260460831117e-12       8.660182485876e-13       9.841128942817e-15       1.004295117062e-15       2.517975305969e-16       3.375167223204e-17 
 1543       7.500858396654e-11       2.274246076780e-12       8.605365646546e-13       9.829589280183e-15       1.001602158835e-15       2.497112729492e-16       3.406847966669e-17 
 1544       7.460521290347e-11       2.287971853490e-12       8.538522696647e-13       9.818035077873e-15       9.989178081115e-16       2.476203713600e-16       3.437971554561e-17 
 1545       7.420376659000e-11       2.301631228821e-12       8.459740978832e-13       9.806467923520e-15       9.962420301768e-16       2.455236148939e-16       3.468537710332e-17 
 1546       7.380434039516e-11       2.315217235660e-12       8.369108467890e-13       9.794889412686e-15       9.935747899166e-16       2.434197863555e-16       3.498546165161e-17 
 1547       7.340703014040e-11       2.328722872155e-12       8.266713771866e-13       9.783301148875e-15       9.909160518143e-16       2.413076622796e-16       3.527996657979e-17 
 1548       7.301193210028e-11       2.342141101652e-12       8.152646133179e-13       9.771704743550e-15       9.882657799505e-16       2.391860129207e-16       3.556888935482e-17 
 1549       7.261914300318e-11       2.355464852646e-12       8.026995429740e-13       9.760101816140e-15       9.856239380025e-16       2.370536022431e-16       3.585222752150e-17 
 1550       7.222876003200e-11       2.368687018726e-12       7.889852176071e-13       9.748493994057e-15       9.829904892431e-16       2.349091879107e-16       3.612997870265e-17 
 1551       7.184088082490e-11       2.381800458513e-12       7.741307524425e-13       9.736882912707e-15       9.803653965401e-16       2.327515212768e-16       3.640214059929e-17 
 1552       7.145560347593e-11       2.394797995612e-12       7.581453265903e-13       9.725270215499e-15       9.777486223554e-16       2.305793473742e-16       3.666871099080e-17 
 1553       7.107302653583e-11       2.407672418554e-12       7.410381831576e-13       9.713657553864e-15       9.751401287441e-16       2.283914049047e-16       3.692968773510e-17 
 1554       7.069324901265e-11       2.420416480737e-12       7.228186293598e-13       9.702046587264e-15       9.725398773540e-16       2.261864262292e-16       3.718506876884e-17 
 1555       7.031637037253e-11       2.433022900377e-12       7.034960366329e-13       9.690438983201e-15       9.699478294245e-16       2.239631373577e-16       3.743485210758e-17 
 1556       6.994249054033e-11       2.445484360448e-12       6.830798407454e-13       9.678836417237e-15       9.673639457860e-16       2.217202579386e-16       3.767903584593e-17 
 1557       6.957170990040e-11       2.457793508630e-12       6.615795419098e-13       9.667240573001e-15       9.647881868590e-16       2.194565012494e-16       3.791761815777e-17 
 1558       6.920411792854e-11       2.469943643246e-12       6.390062544091e-13       9.655653038122e-15       9.622205158433e-16       2.171709999133e-16       3.815059964726e-17 
 1559       6.883975896983e-11       2.481930778251e-12       6.153773711634e-13       9.644074990928e-15       9.596609083203e-16       2.148645874435e-16       3.837799042573e-17 
 1560       6.847866614091e-11       2.493751597522e-12       5.907119431817e-13       9.632507510832e-15       9.571093427394e-16       2.125385287116e-16       3.859980310158e-17 
 1561       6.812087266966e-11       2.505402770601e-12       5.650291342106e-13       9.620951682148e-15       9.545657972354e-16       2.101940953229e-16       3.881605043576e-17 
 1562       6.776641189533e-11       2.516880952676e-12       5.383482209222e-13       9.609408594107e-15       9.520302496278e-16       2.078325656271e-16       3.902674534208e-17 
 1563       6.741531726872e-11       2.528182784554e-12       5.106885931034e-13       9.597879340856e-15       9.495026774205e-16       2.054552247295e-16       3.923190088746e-17 
 1564       6.706762235231e-11       2.539304892644e-12       4.820697538435e-13       9.586365021470e-15       9.469830578007e-16       2.030633645019e-16       3.943153029223e-17 
 1565       6.672336082039e-11       2.550243888932e-12       4.525113197228e-13       9.574866739959e-15       9.444713676385e-16       2.006582835931e-16       3.962564693047e-17 
 1566       6.638256645921e-11       2.560996370964e-12       4.220330210017e-13       9.563385605272e-15       9.419675834865e-16       1.982412874403e-16       3.981426433025e-17 
 1567       6.604527316713e-11       2.571558921822e-12       3.906547018080e-13       9.551922731309e-15       9.394716815788e-16       1.958136882798e-16       3.999739617393e-17 
 1568       6.571151495477e-11       2.581928110099e-12       3.583963203263e-13       9.540479236927e-15       9.369836378303e-16       1.933768051577e-16       4.017505629848e-17 
 1569       6.538132594514e-11       2.592100489886e-12       3.252779489860e-13       9.529056245945e-15       9.345034278364e-16       1.909319639410e-16       4.034725869575e-17 
 1570       6.505474037377e-11       2.602072600742e-12       2.913197746497e-13       9.517654887153e-15       9.320310268722e-16       1.884804973288e-16       4.051401751278e-17 
 1571       6.473179258890e-11       2.611840967679e-12       2.565420988016e-13       9.506276294321e-15       9.295664098919e-16       1.860237448624e-16       4.067534705205e-17 
 1572       6.441251705158e-11       2.621402101134e-12       2.209653377363e-13       9.494921606203e-15       9.271095515280e-16       1.835630529370e-16       4.083126177184e-17 
 1573       6.409694833584e-11       2.630752496954e-12       1.846100227465e-13       9.483591966547e-15       9.246604260909e-16       1.810997748122e-16       4.098177628645e-17 
 1574       6.378512112881e-11       2.639888636372e-12       1.474968003124e-13       9.472288524101e-15       9.222190075681e-16       1.786352706228e-16       4.112690536656e-17 
 1575       6.347707023089e-11       2.648806985984e-12       1.096464322891e-13       9.461012432620e-15       9.197852696235e-16       1.761709073902e-16       4.126666393948e-17 
 1576       6.317283055587e-11       2.657503997729e-12       7.107979609582e-14       9.449764850876e-15       9.173591855972e-16       1.737080590327e-16       4.140106708943e-17 
 1577       6.287243713110e-11       2.665976108866e-12       3.181788490389e-14       9.438546942663e-15       9.149407285041e-16       1.712481063768e-16       4.153013005789e-17 
 1578       6.257592509760e-11       2.674219741958e-12      -8.118192174662e-15       9.427359876803e-15       9.125298710340e-16       1.687924371679e-16       4.165386824383e-17 
 1579       6.228332971024e-11       2.682231304842e-12      -4.870720989875e-14       9.416204827157e-15       9.101265855506e-16       1.663424460812e-16       4.177229720406e-17 
 1580       6.199468633785e-11       2.690007190613e-12      -8.992782670977e-14       9.405082972631e-15       9.077308440908e-16       1.638995347329e-16       4.188543265347e-17 
 1581       6.171003046340e-11       2.697543777604e-12      -1.317585845432e-13       9.393995497182e-15       9.053426183642e-16       1.614651116906e-16       4.199329046534e-17 
 1582       6.142939768411e-11       2.704837429358e-12      -1.741779086401e-13       9.382943589825e-15       9.029618797527e-16       1.590405924846e-16       4.209588667166e-17 
 1583       6.115282371160e-11       2.711884494614e-12      -2.171641073588e-13       9.371928444644e-15       9.005885993092e-16       1.566273996187e-16       4.219323746338e-17 
 1584       6.088034437207e-11       2.718681307279e-12      -2.606953719866e-13       9.360951260795e-15       8.982227477577e-16       1.542269625810e-16       4.228535919075e-17 
 1585       6.061199560638e-11       2.725224186412e-12      -3.047497765507e-13       9.350013242518e-15       8.958642954922e-16       1.518407178547e-16       4.237226836354e-17 
 1586       6.034781347026e-11       2.731509436199e-12      -3.493052776308e-13       9.339115599138e-15       8.935132125760e-16       1.494701089295e-16       4.245398165143e-17 
 1587       6.008783413441e-11       2.737533345933e-12      -3.943397141698e-13       9.328259545079e-15       8.911694687415e-16       1.471165863120e-16       4.253051588422e-17 
 1588       5.983209388465e-11       2.743292189991e-12      -4.398308072858e-13       9.317446299868e-15       8.888330333893e-16       1.447816075365e-16       4.260188805215e-17 
 1589       5.958062912208e-11       2.748782227816e-12      -4.857561600836e-13       9.306677088141e-15       8.865038755875e-16       1.424666371766e-16       4.266811530620e-17 
 1590       5.933347636321e-11       2.753999703890e-12      -5.320932574660e-13       9.295953139654e-15       8.841819640710e-16       1.401731468554e-16       4.272921495839e-17 
 1591       5.909067224011e-11       2.758940847718e-12      -5.788194659461e-13       9.285275689288e-15       8.818672672413e-16       1.379026152566e-16       4.278520448205e-17 
 1592       5.885225350055e-11       2.763601873804e-12      -6.259120334581e-13       9.274645977056e-15       8.795597531652e-16       1.356565281356e-16       4.283610151211e-17 
 1593       5.861825700815e-11       2.767978981629e-12      -6.733480891691e-13       9.264065248112e-15       8.772593895749e-16       1.334363783301e-16       4.288192384544e-17 
 1594       5.838871974253e-11       2.772068355631e-12      -7.211046432910e-13       9.253534752758e-15       8.749661438666e-16       1.312436657714e-16       4.292268944106e-17 
 1595       5.816367879940e-11       2.775866165182e-12      -7.691585868917e-13       9.243055746450e-15       8.726799831005e-16       1.290798974948e-16       4.295841642053e-17 
 1596       5.794317139081e-11       2.779368564569e-12      -8.174866917069e-13       9.232629489805e-15       8.704008739998e-16       1.269465876508e-16       4.298912306815e-17 
 1597       5.772722442936e-11       2.782572487364e-12      -8.660664297791e-13       9.222257074626e-15       8.681287855699e-16       1.248449268720e-16       4.301482970038e-17 
 1598       5.751582317659e-11       2.785478037547e-12      -9.148784409661e-13       9.211938900195e-15       8.658636969828e-16       1.227747870392e-16       4.303556429197e-17 
 1599       5.730894230774e-11       2.788086120246e-12      -9.639040876610e-13       9.201675192196e-15       8.636055897638e-16       1.207357074204e-16       4.305135690195e-17 
 1600       5.710655630116e-11       2.790397649345e-12      -1.013124636866e-12       9.191466176262e-15       8.613544451776e-16       1.187272244825e-16       4.306223780959e-17 
 1601       5.690863943793e-11       2.792413547500e-12      -1.062521260041e-12       9.181312077977e-15       8.591102442277e-16       1.167488718868e-16       4.306823751478e-17 
 1602       5.671516580159e-11       2.794134746156e-12      -1.112075032958e-12       9.171213122874e-15       8.568729676562e-16       1.148001804842e-16       4.306938673843e-17 
 1603       5.652610927770e-11       2.795562185560e-12      -1.161766935545e-12       9.161169536434e-15       8.546425959430e-16       1.128806783110e-16       4.306571642287e-17 
 1604       5.634144355357e-11       2.796696814782e-12      -1.211577851743e-12       9.151181544087e-15       8.524191093055e-16       1.109898905836e-16       4.305725773215e-17 
 1605       5.616114211787e-11       2.797539591726e-12      -1.261488569349e-12       9.141249371207e-15       8.502024876979e-16       1.091273396943e-16       4.304404205253e-17 
 1606       5.598517826032e-11       2.798091483146e-12      -1.311479779874e-12       9.131373243115e-15       8.479927108107e-16       1.072925452065e-16       4.302610099277e-17 
 1607       5.581352507130e-11       2.798353464667e-12      -1.361532078384e-12       9.121553385079e-15       8.457897580705e-16       1.054850238502e-16       4.300346638455e-17 
 1608       5.564615544153e-11       2.798326520796e-12      -1.411625963360e-12       9.111790022308e-15       8.435936086389e-16       1.037042895171e-16       4.297617028286e-17 
 1609       5.548304206174e-11       2.798011644938e-12      -1.461741836539e-12       9.102083379957e-15       8.414042414127e-16       1.019498532562e-16       4.294424496635e-17 
 1610       5.532415742228e-11       2.797409839415e-12      -1.511860002771e-12       9.092433683121e-15       8.392216350226e-16       1.002212232688e-16       4.290772293774e-17 
 1611       5.516947381282e-11       2.796522115479e-12      -1.561960669865e-12       9.082841156839e-15       8.370457678335e-16       9.851790490440e-17       4.286663692416e-17 
 1612       5.501896332198e-11       2.795349493329e-12      -1.612023948441e-12       9.073306026090e-15       8.348766179432e-16       9.683940065552e-17       4.282101987758e-17 
 1613       5.487259783697e-11       2.793893002128e-12      -1.662029851780e-12       9.063828515793e-15       8.327141631825e-16       9.518521015333e-17       4.277090497517e-17 
 1614       5.473034904329e-11       2.792153680016e-12      -1.711958295672e-12       9.054408850807e-15       8.305583811144e-16       9.355483016296e-17       4.271632561966e-17 
 1615       5.459218842433e-11       2.790132574129e-12      -1.761789098272e-12       9.045047255927e-15       8.284092490335e-16       9.194775457881e-17       4.265731543975e-17 
 1616       5.445808726106e-11       2.787830740613e-12      -1.811501979941e-12       9.035743955889e-15       8.262667439659e-16       9.036347441994e-17       4.259390829048e-17 
 1617       5.432801663167e-11       2.785249244641e-12      -1.861076563104e-12       9.026499175363e-15       8.241308426681e-16       8.880147782537e-17       4.252613825359e-17 
 1618       5.420194741123e-11       2.782389160427e-12      -1.910492372097e-12       9.017313138956e-15       8.220015216268e-16       8.726125004951e-17       4.245403963794e-17 
 1619       5.407985027135e-11       2.779251571243e-12      -1.959728833017e-12       9.008186071212e-15       8.198787570587e-16       8.574227345744e-17       4.237764697987e-17 
 1620       5.396169567980e-11       2.775837569437e-12      -2.008765273574e-12       8.999118196605e-15       8.177625249093e-16       8.424402752029e-17       4.229699504355e-17 
 1621       5.384745390023e-11       2.772148256444e-12      -2.057580922936e-12       8.990109739547e-15       8.156528008528e-16       8.276598881060e-17       4.221211882142e-17 
 1622       5.373709499174e-11       2.768184742809e-12      -2.106154911587e-12       8.981160924379e-15       8.135495602917e-16       8.130763099765e-17       4.212305353453e-17 
 1623       5.363058880861e-11       2.763948148194e-12      -2.154466271171e-12       8.972271975377e-15       8.114527783559e-16       7.986842484282e-17       4.202983463294e-17 
 1624       5.352790499990e-11       2.759439601402e-12      -2.202493934343e-12       8.963443116744e-15       8.093624299026e-16       7.844783819496e-17       4.193249779607e-17 
 1625       5.342901300914e-11       2.754660240387e-12      -2.250216734622e-12       8.954674572618e-15       8.072784895154e-16       7.704533598571e-17       4.183107893311e-17 
 1626       5.333388207397e-11       2.749611212274e-12      -2.297613406239e-12       8.945966567063e-15       8.052009315039e-16       7.566038022488e-17       4.172561418341e-17 
 1627       5.324248122578e-11       2.744293673372e-12      -2.344662583986e-12       8.937319324072e-15       8.031297299036e-16       7.429242999578e-17       4.161613991682e-17 
 1628       5.315477928938e-11       2.738708789193e-12      -2.391342803070e-12       8.928733067567e-15       8.010648584746e-16       7.294094145056e-17       4.150269273410e-17 
 1629       5.307074488267e-11       2.732857734463e-12      -2.437632498958e-12       8.920208021395e-15       7.990062907018e-16       7.160536780562e-17       4.138530946730e-17 
 1630       5.299034641627e-11       2.726741693144e-12      -2.483510007231e-12       8.911744409331e-15       7.969539997940e-16       7.028515933690e-17       4.126402718010e-17 
 1631       5.291355209315e-11       2.720361858444e-12      -2.528953563433e-12       8.903342455074e-15       7.949079586835e-16       6.897976337524e-17       4.113888316828e-17 
 1632       5.284032990836e-11       2.713719432838e-12      -2.573941302922e-12       8.895002382247e-15       7.928681400256e-16       6.768862430176e-17       4.100991496000e-17 
 1633       5.277064764860e-11       2.706815628079e-12      -2.618451260716e-12       8.886724414398e-15       7.908345161980e-16       6.641118354321e-17       4.087716031623e-17 
 1634       5.270447289193e-11       2.699651665218e-12      -2.662461371351e-12       8.878508774996e-15       7.888070593004e-16       6.514687956728e-17       4.074065723114e-17 
 1635       5.264177300741e-11       2.692228774618e-12      -2.705949468722e-12       8.870355687434e-15       7.867857411538e-16       6.389514787800e-17       4.060044393245e-17 
 1636       5.258251097551e-11       2.684548649054e-12      -2.748895622793e-12       8.862265237787e-15       7.847705354672e-16       6.265549143536e-17       4.045655823446e-17 
 1637       5.252663280922e-11       2.676614807404e-12      -2.791289172847e-12       8.854236961761e-15       7.827614243586e-16       6.142769261237e-17       4.030903558993e-17 
 1638       5.247408001976e-11       2.668431243188e-12      -2.833121756834e-12       8.846270254048e-15       7.807583918911e-16       6.021160312422e-17       4.015791102152e-17 
 1639       5.242479378512e-11       2.660001972621e-12      -2.874384980175e-12       8.838364505227e-15       7.787614219110e-16       5.900707377445e-17       4.000321976795e-17 
 1640       5.237871494944e-11       2.651331034651e-12      -2.915070415719e-12       8.830519101751e-15       7.767704980470e-16       5.781395445350e-17       3.984499728434e-17 
 1641       5.233578402257e-11       2.642422490997e-12      -2.955169603699e-12       8.822733425943e-15       7.747856037104e-16       5.663209413720e-17       3.968327924257e-17 
 1642       5.229594117946e-11       2.633280426186e-12      -2.994674051684e-12       8.815006855989e-15       7.728067220940e-16       5.546134088528e-17       3.951810153160e-17 
 1643       5.225912625967e-11       2.623908947584e-12      -3.033575234539e-12       8.807338765930e-15       7.708338361722e-16       5.430154183990e-17       3.934950025789e-17 
 1644       5.222527876683e-11       2.614312185438e-12      -3.071864594374e-12       8.799728525656e-15       7.688669287003e-16       5.315254322411e-17       3.917751174567e-17 
 1645       5.219433786810e-11       2.604494292908e-12      -3.109533540501e-12       8.792175500899e-15       7.669059822142e-16       5.201419034038e-17       3.900217253736e-17 
 1646       5.216624239364e-11       2.594459446106e-12      -3.146573449392e-12       8.784679053225e-15       7.649509790299e-16       5.088632756913e-17       3.882351939385e-17 
 1647       5.214093083606e-11       2.584211844131e-12      -3.182975664629e-12       8.777238540028e-15       7.630019012431e-16       4.976879836719e-17       3.864158929494e-17 
 1648       5.211834134994e-11       2.573755709104e-12      -3.218731496861e-12       8.769853314523e-15       7.610587307289e-16       4.866144526637e-17       3.845641943962e-17 
 1649       5.209841175122e-11       2.563095286207e-12      -3.253832223759e-12       8.762522725738e-15       7.591214491414e-16       4.756410987189e-17       3.826804724645e-17 
 1650       5.208107951672e-11       2.552234843717e-12      -3.288269089971e-12       8.755246118508e-15       7.571900379129e-16       4.647663286094e-17       3.807651035389e-17 
 1651       5.206628178361e-11       2.541178673042e-12      -3.322033307076e-12       8.748022833470e-15       7.552644782540e-16       4.539885398118e-17       3.788184662069e-17 
 1652       5.205395534883e-11       2.529931088759e-12      -3.355116053539e-12       8.740852207049e-15       7.533447511527e-16       4.433061204924e-17       3.768409412621e-17 
 1653       5.204403666862e-11       2.518496428650e-12      -3.387508474667e-12       8.733733571461e-15       7.514308373745e-16       4.327174494922e-17       3.748329117079e-17 
 1654       5.203646185791e-11       2.506879053734e-12      -3.419201682562e-12       8.726666254697e-15       7.495227174615e-16       4.222208963120e-17       3.727947627608e-17 
 1655       5.203116668988e-11       2.495083348311e-12      -3.450186756076e-12       8.719649580523e-15       7.476203717322e-16       4.118148210977e-17       3.707268818540e-17 
 1656       5.202808659535e-11       2.483113719990e-12      -3.480454740769e-12       8.712682868467e-15       7.457237802812e-16       4.014975746249e-17       3.686296586411e-17 
 1657       5.202715666226e-11       2.470974599731e-12      -3.509996648860e-12       8.705765433817e-15       7.438329229786e-16       3.912674982845e-17       3.665034849993e-17 
 1658       5.202831163518e-11       2.458670441877e-12      -3.538803459183e-12       8.698896587612e-15       7.419477794695e-16       3.811229240674e-17       3.643487550333e-17 
 1659       5.203148591473e-11       2.446205724196e-12      -3.566866117142e-12       8.692075636633e-15       7.400683291738e-16       3.710621745496e-17       3.621658650783e-17 
 1660       5.203661355707e-11       2.433584947909e-12      -3.594175534666e-12       8.685301883400e-15       7.381945512858e-16       3.610835628775e-17       3.599552137039e-17 
 1661       5.204362827335e-11       2.420812637733e-12      -3.620722590166e-12       8.678574626163e-15       7.363264247734e-16       3.511853927528e-17       3.577172017177e-17 
 1662       5.205246342920e-11       2.407893341916e-12      -3.646498128483e-12       8.671893158894e-15       7.344639283783e-16       3.413659584174e-17       3.554522321685e-17 
 1663       5.206305204419e-11       2.394831632269e-12      -3.671492960852e-12       8.665256771282e-15       7.326070406151e-16       3.316235446389e-17       3.531607103497e-17 
 1664       5.207532679127e-11       2.381632104207e-12      -3.695697864849e-12       8.658664748725e-15       7.307557397709e-16       3.219564266954e-17       3.508430438035e-17 
 1665       5.208921999627e-11       2.368299376783e-12      -3.719103584351e-12       8.652116372322e-15       7.289100039050e-16       3.123628703604e-17       3.484996423237e-17 
 1666       5.210466363735e-11       2.354838092725e-12      -3.741700829488e-12       8.645610918869e-15       7.270698108488e-16       3.028411318883e-17       3.461309179595e-17 
 1667       5.212158934449e-11       2.341252918471e-12      -3.763480276599e-12       8.639147660848e-15       7.252351382048e-16       2.933894579990e-17       3.437372850190e-17 
 1668       5.213992839891e-11       2.327548544207e-12      -3.784432568187e-12       8.632725866426e-15       7.234059633464e-16       2.840060858634e-17       3.413191600728e-17 
 1669       5.215961173258e-11       2.313729683900e-12      -3.804548312874e-12       8.626344799439e-15       7.215822634176e-16       2.746892430882e-17       3.388769619572e-17 
 1670       5.218056992767e-11       2.299801075338e-12      -3.823818085352e-12       8.620003719396e-15       7.197640153327e-16       2.654371477009e-17       3.364111117783e-17 
 1671       5.220273321601e-11       2.285767480164e-12      -3.842232426345e-12       8.613701881461e-15       7.179511957755e-16       2.562480081353e-17       3.339220329148e-17 
 1672       5.222603147859e-11       2.271633683914e-12      -3.859781842558e-12       8.607438536455e-15       7.161437811990e-16       2.471200232160e-17       3.314101510221e-17 
 1673       5.225039424497e-11       2.257404496048e-12      -3.876456806634e-12       8.601212930844e-15       7.143417478253e-16       2.380513821439e-17       3.288758940354e-17 
 1674       5.227575069280e-11       2.243084749995e-12      -3.892247757109e-12       8.595024306734e-15       7.125450716447e-16       2.290402644811e-17       3.263196921735e-17 
 1675       5.230203266699e-11       2.228679231306e-12      -3.907147439874e-12       8.588871870782e-15       7.107537302210e-16       2.200858094124e-17       3.237419658657e-17 
 1676       5.232918376724e-11       2.214192461382e-12      -3.921157955023e-12       8.582754700659e-15       7.089677081234e-16       2.111910328183e-17       3.211430894103e-17 
 1677       5.235715033882e-11       2.199628911933e-12      -3.934283771468e-12       8.576671837755e-15       7.071869915412e-16       2.023599356525e-17       3.185234270057e-17 
 1678       5.238587845967e-11       2.184993076716e-12      -3.946529391075e-12       8.570622318180e-15       7.054115664823e-16       1.935965370045e-17       3.158833448012e-17 
 1679       5.241531393998e-11       2.170289471561e-12      -3.957899348715e-12       8.564605172755e-15       7.036414187727e-16       1.849048741259e-17       3.132232108995e-17 
 1680       5.244540232176e-11       2.155522634412e-12      -3.968398212320e-12       8.558619427004e-15       7.018765340565e-16       1.762890024574e-17       3.105433953605e-17 
 1681       5.247608887848e-11       2.140697125358e-12      -3.978030582942e-12       8.552664101142e-15       7.001168977952e-16       1.677529956546e-17       3.078442702034e-17 
 1682       5.250731861464e-11       2.125817526663e-12      -3.986801094801e-12       8.546738210075e-15       6.983624952678e-16       1.593009456152e-17       3.051262094105e-17 
 1683       5.253903626537e-11       2.110888442802e-12      -3.994714415347e-12       8.540840763382e-15       6.966133115699e-16       1.509369625049e-17       3.023895889295e-17 
 1684       5.257118629603e-11       2.095914500495e-12      -4.001775245310e-12       8.534970765312e-15       6.948693316139e-16       1.426651747844e-17       2.996347866771e-17 
 1685       5.260371290181e-11       2.080900348734e-12      -4.007988318754e-12       8.529127214777e-15       6.931305401283e-16       1.344897292356e-17       2.968621825416e-17 
 1686       5.263656000730e-11       2.065850658827e-12      -4.013358403140e-12       8.523309105339e-15       6.913969216576e-16       1.264147909881e-17       2.940721583861e-17 
 1687       5.266967126611e-11       2.050770124420e-12      -4.017890299370e-12       8.517515425207e-15       6.896684605617e-16       1.184445435460e-17       2.912650980513e-17 
 1688       5.270299006047e-11       2.035663461536e-12      -4.021588841850e-12       8.511745157223e-15       6.879451410157e-16       1.105831888139e-17       2.884413873588e-17 
 1689       5.273645950082e-11       2.020535408608e-12      -4.024458898541e-12       8.505997278858e-15       6.862269470096e-16       1.028349471240e-17       2.856014141137e-17 
 1690       5.277002242539e-11       2.005390726510e-12      -4.026505371016e-12       8.500270762204e-15       6.845138623479e-16       9.520405726201e-18       2.827455681079e-17 
 1691       5.280362139981e-11       1.990234198591e-12      -4.027733194514e-12       8.494564573961e-15       6.828058706495e-16       8.769477649406e-18       2.798742411233e-17 
 1692       5.283719871670e-11       1.975070630711e-12      -4.028147337993e-12       8.488877675434e-15       6.811029553466e-16       8.031138059309e-18       2.769878269340e-17 
 1693       5.287069639529e-11       1.959904851267e-12      -4.027752804190e-12       8.483209022522e-15       6.794050996855e-16       7.305816386527e-18       2.740867213101e-17 
 1694       5.290405618097e-11       1.944741711233e-12      -4.026554629670e-12       8.477557565709e-15       6.777122867252e-16       6.593943917660e-18       2.711713220205e-17 
 1695       5.293721954493e-11       1.929586084192e-12      -4.024557884886e-12       8.471922250059e-15       6.760244993378e-16       5.895953797937e-18       2.682420288356e-17 
 1696       5.297012768373e-11       1.914442866365e-12      -4.021767674229e-12       8.466302015203e-15       6.743417202076e-16       5.212281033866e-18       2.652992435305e-17 
 1697       5.300272151890e-11       1.899316976648e-12      -4.018189136087e-12       8.460695795335e-15       6.726639318312e-16       4.543362495883e-18       2.623433698882e-17 
 1698       5.303494169654e-11       1.884213356645e-12      -4.013827442899e-12       8.455102519202e-15       6.709911165171e-16       3.889636921007e-18       2.593748137021e-17 
 1699       5.306672858692e-11       1.869136970698e-12      -4.008687801210e-12       8.449521110094e-15       6.693232563850e-16       3.251544915484e-18       2.563939827796e-17 
 1700       5.309802228407e-11       1.854092805924e-12      -4.002775451721e-12       8.443950485840e-15       6.676603333658e-16       2.629528957441e-18       2.534012869446e-17 
 1701       5.312876260538e-11       1.839085872245e-12      -3.996095669355e-12       8.438389558794e-15       6.660023292012e-16       2.024033399536e-18       2.503971380407e-17 
 1702       5.315888909118e-11       1.824121202423e-12      -3.988653763298e-12       8.432837235833e-15       6.643492254433e-16       1.435504471606e-18       2.473819499342e-17 
 1703       5.318834100435e-11       1.809203852094e-12      -3.980455077067e-12       8.427292418342e-15       6.627010034543e-16       8.643902833185e-19       2.443561385172e-17 
 1704       5.321705732993e-11       1.794338899796e-12      -3.971504988556e-12       8.421754002211e-15       6.610576444061e-16       3.111408268216e-19       2.413201217102e-17 
 1705       5.324497677469e-11       1.779531447010e-12      -3.961808910094e-12       8.416220877825e-15       6.594191292800e-16      -2.237920206061e-19       2.382743194656e-17 
 1706       5.327203776672e-11       1.764786618185e-12      -3.951372288501e-12       8.410691930056e-15       6.577854388663e-16      -7.399544939050e-19       2.352191537704e-17 
 1707       5.329817845507e-11       1.750109560778e-12      -3.940200605141e-12       8.405166038252e-15       6.561565537643e-16      -1.236890937585e-18       2.321550486494e-17 
 1708       5.332333670930e-11       1.735505445282e-12      -3.928299375977e-12       8.399642076233e-15       6.545324543814e-16      -1.714143803075e-18       2.290824301678e-17 
 1709       5.334745011910e-11       1.720979465262e-12      -3.915674151629e-12       8.394118912280e-15       6.529131209330e-16      -2.171253646074e-18       2.260017264348e-17 
 1710       5.337045599388e-11       1.706536837389e-12      -3.902330517423e-12       8.388595409127e-15       6.512985334424e-16      -2.607759123897e-18       2.229133676059e-17 
 1711       5.339229136235e-11       1.692182801467e-12      -3.888274093454e-12       8.383070423953e-15       6.496886717402e-16      -3.023196992830e-18       2.198177858865e-17 
 1712       5.341289297215e-11       1.677922620476e-12      -3.873510534631e-12       8.377542808374e-15       6.480835154639e-16      -3.417102105478e-18       2.167154155346e-17 
 1713       5.343219728942e-11       1.663761580595e-12      -3.858045530743e-12       8.372011408434e-15       6.464830440577e-16      -3.789007408114e-18       2.136066928638e-17 
 1714       5.345014762215e-11       1.649704518608e-12      -3.841885917790e-12       8.366475139567e-15       6.448872382847e-16      -4.138557218608e-18       2.104920422666e-17 
 1715       5.346671555753e-11       1.635754399618e-12      -3.825043022281e-12       8.360933212191e-15       6.432960847774e-16      -4.465848122986e-18       2.073718341472e-17 
 1716       5.348187970679e-11       1.621913727254e-12      -3.807529345595e-12       8.355384908021e-15       6.417095715256e-16      -4.771090983671e-18       2.042464266354e-17 
 1717       5.349561859796e-11       1.608185015219e-12      -3.789357455393e-12       8.349829505275e-15       6.401276863665e-16      -5.054497925017e-18       2.011161795365e-17 
 1718       5.350791067575e-11       1.594570787303e-12      -3.770539985714e-12       8.344266278660e-15       6.385504169849e-16      -5.316282335275e-18       1.979814543334e-17 
 1719       5.351873430146e-11       1.581073577396e-12      -3.751089637076e-12       8.338694499373e-15       6.369777509128e-16      -5.556658868575e-18       1.948426141892e-17 
 1720       5.352806775281e-11       1.567695929504e-12      -3.731019176577e-12       8.333113435097e-15       6.354096755291e-16      -5.775843446896e-18       1.917000239498e-17 
 1721       5.353588922388e-11       1.554440397758e-12      -3.710341437994e-12       8.327522349989e-15       6.338461780594e-16      -5.974053262043e-18       1.885540501459e-17 
 1722       5.354217682498e-11       1.541309546436e-12      -3.689069321885e-12       8.321920504681e-15       6.322872455754e-16      -6.151506777619e-18       1.854050609960e-17 
 1723       5.354690858254e-11       1.528305949968e-12      -3.667215795689e-12       8.316307156271e-15       6.307328649953e-16      -6.308423730999e-18       1.822534264081e-17 
 1724       5.355006243898e-11       1.515432192956e-12      -3.644793893825e-12       8.310681558321e-15       6.291830230827e-16      -6.445025135310e-18       1.790995179829e-17 
 1725       5.355161625261e-11       1.502690870184e-12      -3.621816717792e-12       8.305042960850e-15       6.276377064469e-16      -6.561533281397e-18       1.759437090156e-17 
 1726       5.355154779753e-11       1.490084586636e-12      -3.598297436274e-12       8.299390610326e-15       6.260969015424e-16      -6.658171739802e-18       1.727863744988e-17 
 1727       5.354983476348e-11       1.477615957504e-12      -3.574249285231e-12       8.293723749666e-15       6.245605946686e-16      -6.735165362740e-18       1.696278911244e-17 
 1728       5.354645475577e-11       1.465287608207e-12      -3.549685568011e-12       8.288041618229e-15       6.230287719697e-16      -6.792740286070e-18       1.664686372867e-17 
 1729       5.354138529513e-11       1.453102174404e-12      -3.524619655440e-12       8.282343451807e-15       6.215014194343e-16      -6.831123931269e-18       1.633089930842e-17 
 1730       5.353460381762e-11       1.441062302004e-12      -3.499064985927e-12       8.276628482626e-15       6.199785228948e-16      -6.850545007409e-18       1.601493403224e-17 
 1731       5.352608767450e-11       1.429170647185e-12      -3.473035065566e-12       8.270895939335e-15       6.184600680280e-16      -6.851233513132e-18       1.569900625160e-17 
 1732       5.351581413214e-11       1.417429876403e-12      -3.446543468231e-12       8.265145047005e-15       6.169460403537e-16      -6.833420738620e-18       1.538315448916e-17 
 1733       5.350376037188e-11       1.405842666411e-12      -3.419603835683e-12       8.259375027121e-15       6.154364252354e-16      -6.797339267571e-18       1.506741743899e-17 
 1734       5.348990348994e-11       1.394411704267e-12      -3.392229877664e-12       8.253585097579e-15       6.139312078793e-16      -6.743222979179e-18       1.475183396682e-17 
 1735       5.347422049727e-11       1.383139687352e-12      -3.364435372000e-12       8.247774472678e-15       6.124303733345e-16      -6.671307050098e-18       1.443644311027e-17 
 1736       5.345668831950e-11       1.372029323384e-12      -3.336234164703e-12       8.241942363118e-15       6.109339064926e-16      -6.581827956426e-18       1.412128407914e-17 
 1737       5.343728379676e-11       1.361083330429e-12      -3.307640170067e-12       8.236087975992e-15       6.094417920871e-16      -6.475023475673e-18       1.380639625557e-17 
 1738       5.341598368360e-11       1.350304436915e-12      -3.278667370774e-12       8.230210514782e-15       6.079540146935e-16      -6.351132688739e-18       1.349181919436e-17 
 1739       5.339276464888e-11       1.339695381651e-12      -3.249329817988e-12       8.224309179353e-15       6.064705587292e-16      -6.210395981886e-18       1.317759262318e-17 
 1740       5.336760327564e-11       1.329258913833e-12      -3.219641631460e-12       8.218383165951e-15       6.049914084524e-16      -6.053055048713e-18       1.286375644281e-17 
 1741       5.334047606100e-11       1.318997793064e-12      -3.189616999627e-12       8.212431667193e-15       6.035165479628e-16      -5.879352892133e-18       1.255035072739e-17 
 1742       5.331135941605e-11       1.308914789363e-12      -3.159270179711e-12       8.206453872062e-15       6.020459612005e-16      -5.689533826342e-18       1.223741572466e-17 
 1743       5.328022966571e-11       1.299012683185e-12      -3.128615497821e-12       8.200448965908e-15       6.005796319465e-16      -5.483843478800e-18       1.192499185620e-17 
 1744       5.324706304865e-11       1.289294265428e-12      -3.097667349052e-12       8.194416130436e-15       5.991175438217e-16      -5.262528792197e-18       1.161311971769e-17 
 1745       5.321183571716e-11       1.279762337452e-12      -3.066440197586e-12       8.188354543702e-15       5.976596802869e-16      -5.025838026436e-18       1.130184007912e-17 
 1746       5.317452373703e-11       1.270419711089e-12      -3.034948576793e-12       8.182263380112e-15       5.962060246428e-16      -4.774020760603e-18       1.099119388506e-17 
 1747       5.313510308746e-11       1.261269208660e-12      -3.003207089329e-12       8.176141810411e-15       5.947565600293e-16      -4.507327894939e-18       1.068122225490e-17 
 1748       5.309354966091e-11       1.252313662987e-12      -2.971230407238e-12       8.169989001681e-15       5.933112694253e-16      -4.226011652821e-18       1.037196648308e-17 
 1749       5.304983926303e-11       1.243555917408e-12      -2.939033272054e-12       8.163804117336e-15       5.918701356488e-16      -3.930325582729e-18       1.006346803933e-17 
 1750       5.300394761252e-11       1.234998825787e-12      -2.906630494896e-12       8.157586317116e-15       5.904331413561e-16      -3.620524560226e-18       9.755768568946e-18 
 1751       5.295585034101e-11       1.226645252535e-12      -2.874036956574e-12       8.151334757080e-15       5.890002690419e-16      -3.296864789931e-18       9.448909892987e-18 
 1752       5.290552299298e-11       1.218498072618e-12      -2.841267607687e-12       8.145048589606e-15       5.875715010386e-16      -2.959603807489e-18       9.142934008549e-18 
 1753       5.285294766352e-11       1.210559609042e-12      -2.808336980657e-12       8.138727086367e-15       5.861468207922e-16      -2.608986851347e-18       8.837880252729e-18 
 1754       5.279813297264e-11       1.202829940155e-12      -2.775257721189e-12       8.132370008426e-15       5.847262166996e-16      -2.245205849704e-18       8.533776768181e-18 
 1755       5.274109425748e-11       1.195308578243e-12      -2.742042044755e-12       8.125977239222e-15       5.833096783025e-16      -1.868440095150e-18       8.230648966809e-18 
 1756       5.268184694967e-11       1.187995030770e-12      -2.708702223624e-12       8.119548661865e-15       5.818971950143e-16      -1.478869845240e-18       7.928522359695e-18 
 1757       5.262040657548e-11       1.180888800371e-12      -2.675250586949e-12       8.113084159131e-15       5.804887561201e-16      -1.076676323938e-18       7.627422557239e-18 
 1758       5.255678875599e-11       1.173989384842e-12      -2.641699520843e-12       8.106583613467e-15       5.790843507766e-16      -6.620417230564e-19       7.327375269281e-18 
 1759       5.249100920717e-11       1.167296277136e-12      -2.608061468462e-12       8.100046906985e-15       5.776839680113e-16      -2.351492037000e-19       7.028406305243e-18 
 1760       5.242308374011e-11       1.160808965347e-12      -2.574348930086e-12       8.093473921464e-15       5.762875967229e-16       2.038171022916e-19       6.730541574255e-18 
 1761       5.235302826110e-11       1.154526932711e-12      -2.540574463203e-12       8.086864538352e-15       5.748952256808e-16       6.546720909021e-19       6.433807085285e-18 
 1762       5.228085877180e-11       1.148449657590e-12      -2.506750682585e-12       8.080218638762e-15       5.735068435246e-16       1.117229684496e-18       6.138228947279e-18 
 1763       5.220659136939e-11       1.142576613470e-12      -2.472890260373e-12       8.073536103472e-15       5.721224387646e-16       1.591302830375e-18       5.843833369286e-18 
 1764       5.213024224672e-11       1.136907268948e-12      -2.439005926159e-12       8.066816812925e-15       5.707419997806e-16       2.076703499337e-18       5.550646660590e-18 
 1765       5.205182769244e-11       1.131441087727e-12      -2.405110467063e-12       8.060060647232e-15       5.693655148227e-16       2.573242684236e-18       5.258695230848e-18 
 1766       5.197136409113e-11       1.126177528608e-12      -2.371216727818e-12       8.053267486164e-15       5.679929720101e-16       3.080730398532e-18       4.968005590215e-18 
 1767       5.188886792351e-11       1.121116045479e-12      -2.337337610850e-12       8.046437209159e-15       5.666243593317e-16       3.598975674859e-18       4.678604349482e-18 
 1768       5.180435576651e-11       1.116256087310e-12      -2.303486076359e-12       8.039569695319e-15       5.652596646453e-16       4.127786563573e-18       4.390518220201e-18 
 1769       5.171784429347e-11       1.111597098142e-12      -2.269675142402e-12       8.032664823407e-15       5.638988756775e-16       4.666970131315e-18       4.103774014825e-18 
 1770       5.162935027424e-11       1.107138517081e-12      -2.235917884971e-12       8.025722471850e-15       5.625419800238e-16       5.216332459570e-18       3.818398646833e-18 
 1771       5.153889057538e-11       1.102879778291e-12      -2.202227438076e-12       8.018742518736e-15       5.611889651479e-16       5.775678643219e-18       3.534419130866e-18 
 1772       5.144648216026e-11       1.098820310981e-12      -2.168616993827e-12       8.011724841816e-15       5.598398183817e-16       6.344812789100e-18       3.251862582859e-18 
 1773       5.135214208924e-11       1.094959539403e-12      -2.135099802516e-12       8.004669318503e-15       5.584945269252e-16       6.923538014567e-18       2.970756220169e-18 
 1774       5.125588751976e-11       1.091296882837e-12      -2.101689172693e-12       7.997575825868e-15       5.571530778459e-16       7.511656446045e-18       2.691127361713e-18 
 1775       5.115773570656e-11       1.087831755592e-12      -2.068398471253e-12       7.990444240647e-15       5.558154580790e-16       8.108969217587e-18       2.413003428094e-18 
 1776       5.105770400178e-11       1.084563566987e-12      -2.035241123518e-12       7.983274439231e-15       5.544816544268e-16       8.715276469435e-18       2.136411941738e-18 
 1777       5.095580985511e-11       1.081491721352e-12      -2.002230613310e-12       7.976066297674e-15       5.531516535587e-16       9.330377346575e-18       1.861380527022e-18 
 1778       5.085207081394e-11       1.078615618014e-12      -1.969380483042e-12       7.968819691688e-15       5.518254420110e-16       9.954069997296e-18       1.587936910409e-18 
 1779       5.074650452352e-11       1.075934651295e-12      -1.936704333793e-12       7.961534496644e-15       5.505030061864e-16       1.058615157174e-17       1.316108920578e-18 
 1780       5.063912872708e-11       1.073448210494e-12      -1.904215825391e-12       7.954210587571e-15       5.491843323542e-16       1.122641822049e-17       1.045924488556e-18 
 1781       5.052996126598e-11       1.071155679891e-12      -1.871928676496e-12       7.946847839155e-15       5.478694066494e-16       1.187466509306e-17       7.774116478506e-19 
 1782       5.041902007989e-11       1.069056438728e-12      -1.839856664679e-12       7.939446125742e-15       5.465582150733e-16       1.253068633655e-17       5.105985345836e-19 
 1783       5.030632320688e-11       1.067149861208e-12      -1.808013626503e-12       7.932005321332e-15       5.452507434926e-16       1.319427509410e-17       2.455133876198e-19 
 1784       5.019188878363e-11       1.065435316484e-12      -1.776413457606e-12       7.924525299582e-15       5.439469776396e-16       1.386522350354e-17      -1.781545129918e-20 
 1785       5.007573504550e-11       1.063912168651e-12      -1.745070112781e-12       7.917005933807e-15       5.426469031117e-16       1.454332269588e-17      -2.793595374232e-19 
 1786       4.995788032674e-11       1.062579776738e-12      -1.713997606059e-12       7.909447096976e-15       5.413505053713e-16       1.522836279390e-17      -5.390903228618e-19 
 1787       4.983834306062e-11       1.061437494702e-12      -1.683210010786e-12       7.901848661714e-15       5.400577697454e-16       1.592013291070e-17      -7.969791564522e-19 
 1788       4.971714177956e-11       1.060484671414e-12      -1.652721459711e-12       7.894210500298e-15       5.387686814258e-16       1.661842114825e-17      -1.052997283627e-18 
 1789       4.959429511527e-11       1.059720650659e-12      -1.622546145059e-12       7.886532484664e-15       5.374832254684e-16       1.732301459598e-17      -1.307115846283e-18 
 1790       4.946982179892e-11       1.059144771120e-12      -1.592698318620e-12       7.878814486397e-15       5.362013867931e-16       1.803369932930e-17      -1.559305882648e-18 
 1791       4.934374066129e-11       1.058756366376e-12      -1.563192291827e-12       7.871056376740e-15       5.349231501837e-16       1.875026040815e-17      -1.809538327150e-18 
 1792       4.921607337316e-11       1.058554431706e-12      -1.534040920614e-12       7.863258122719e-15       5.336485013671e-16       1.947247953415e-17      -2.057787308678e-18 
 1793       4.908685269079e-11       1.058536621553e-12      -1.505251046320e-12       7.855420076410e-15       5.323774302612e-16       2.020012800380e-17      -2.304040075077e-18 
 1794       4.895611427809e-11       1.058700243860e-12      -1.476828017717e-12       7.847542688036e-15       5.311099277533e-16       2.093297369484e-17      -2.548287149429e-18 
 1795       4.882389397266e-11       1.059042592487e-12      -1.448777202882e-12       7.839626410054e-15       5.298459846223e-16       2.167078340096e-17      -2.790519039015e-18 
 1796       4.869022778611e-11       1.059560947194e-12      -1.421103989220e-12       7.831671697154e-15       5.285855915390e-16       2.241332283022e-17      -3.030726235296e-18 
 1797       4.855515190425e-11       1.060252573616e-12      -1.393813783485e-12       7.823679006263e-15       5.273287390654e-16       2.316035660362e-17      -3.268899213913e-18 
 1798       4.841870268735e-11       1.061114723249e-12      -1.366912011808e-12       7.815648796551e-15       5.260754176552e-16       2.391164825347e-17      -3.505028434674e-18 
 1799       4.828091667040e-11       1.062144633422e-12      -1.340404119723e-12       7.807581529432e-15       5.248256176529e-16       2.466696022192e-17      -3.739104341546e-18 
 1800       4.814183056336e-11       1.063339527284e-12      -1.314295572188e-12       7.799477668566e-15       5.235793292940e-16       2.542605385940e-17      -3.971117362647e-18 
 1801       4.800148125139e-11       1.064696613775e-12      -1.288591853610e-12       7.791337679865e-15       5.223365427050e-16       2.618868942312e-17      -4.201057910234e-18 
 1802       4.785990579511e-11       1.066213087613e-12      -1.263298467873e-12       7.783162031495e-15       5.210972479026e-16       2.695462607550e-17      -4.428916380699e-18 
 1803       4.771714143085e-11       1.067886129268e-12      -1.238420938361e-12       7.774951193877e-15       5.198614347941e-16       2.772362188267e-17      -4.654683154558e-18 
 1804       4.757322557090e-11       1.069712904947e-12      -1.213964807980e-12       7.766705639694e-15       5.186290931767e-16       2.849543381296e-17      -4.878348596441e-18 
 1805       4.742819580372e-11       1.071690566567e-12      -1.189935639187e-12       7.758425843891e-15       5.174002127380e-16       2.926981773529e-17      -5.099903055085e-18 
 1806       4.728208989427e-11       1.073816251738e-12      -1.166339014010e-12       7.750112283679e-15       5.161747830549e-16       3.004652841775e-17      -5.319336863323e-18 
 1807       4.713494578417e-11       1.076087083744e-12      -1.143180534079e-12       7.741765438539e-15       5.149527935944e-16       3.082531952596e-17      -5.536640338080e-18 
 1808       4.698680159200e-11       1.078500171519e-12      -1.120465820642e-12       7.733385790225e-15       5.137342337126e-16       3.160594362164e-17      -5.751803780358e-18 
 1809       4.683769561354e-11       1.081052609626e-12      -1.098200514600e-12       7.724973822767e-15       5.125190926548e-16       3.238815216100e-17      -5.964817475232e-18 
 1810       4.668766632201e-11       1.083741478241e-12      -1.076390276521e-12       7.716530022472e-15       5.113073595556e-16       3.317169549325e-17      -6.175671691839e-18 
 1811       4.653675236832e-11       1.086563843129e-12      -1.055040786673e-12       7.708054877930e-15       5.100990234382e-16       3.395632285909e-17      -6.384356683368e-18 
 1812       4.638499258131e-11       1.089516755623e-12      -1.034157745045e-12       7.699548880018e-15       5.088940732146e-16       3.474178238911e-17      -6.590862687056e-18 
 1813       4.623242596801e-11       1.092597252606e-12      -1.013746871370e-12       7.691012521899e-15       5.076924976852e-16       3.552782110234e-17      -6.795179924175e-18 
 1814       4.607909171391e-11       1.095802356488e-12      -9.938139051550e-13       7.682446299028e-15       5.064942855388e-16       3.631418490467e-17      -6.997298600022e-18 
 1815       4.592502918314e-11       1.099129075185e-12      -9.743646057001e-13       7.673850709154e-15       5.052994253520e-16       3.710061858734e-17      -7.197208903915e-18 
 1816       4.577027791880e-11       1.102574402102e-12      -9.554047521263e-13       7.665226252327e-15       5.041079055897e-16       3.788686582539e-17      -7.394901009182e-18 
 1817       4.561487764314e-11       1.106135316109e-12      -9.369401433989e-13       7.656573430893e-15       5.029197146042e-16       3.867266917616e-17      -7.590365073151e-18 
 1818       4.545886825787e-11       1.109808781522e-12      -9.189765983530e-13       7.647892749507e-15       5.017348406355e-16       3.945777007774e-17      -7.783591237141e-18 
 1819       4.530228984433e-11       1.113591748082e-12      -9.015199557175e-13       7.639184715127e-15       5.005532718108e-16       4.024190884744e-17      -7.974569626457e-18 
 1820       4.514518266383e-11       1.117481150934e-12      -8.845760741400e-13       7.630449837024e-15       4.993749961446e-16       4.102482468028e-17      -8.163290350378e-18 
 1821       4.498758715782e-11       1.121473910607e-12      -8.681508322112e-13       7.621688626782e-15       4.982000015383e-16       4.180625564742e-17      -8.349743502147e-18 
 1822       4.482954394818e-11       1.125566932993e-12      -8.522501284902e-13       7.612901598301e-15       4.970282757799e-16       4.258593869468e-17      -8.533919158967e-18 
 1823       4.467109383746e-11       1.129757109327e-12      -8.368798815283e-13       7.604089267801e-15       4.958598065444e-16       4.336360964098e-17      -8.715807381986e-18 
 1824       4.451227780913e-11       1.134041316167e-12      -8.220460298945e-13       7.595252153825e-15       4.946945813926e-16       4.413900317680e-17      -8.895398216294e-18 
 1825       4.435313702781e-11       1.138416415370e-12      -8.077545321992e-13       7.586390777244e-15       4.935325877721e-16       4.491185286269e-17      -9.072681690912e-18 
 1826       4.419371283954e-11       1.142879254076e-12      -7.940113671198e-13       7.577505661254e-15       4.923738130160e-16       4.568189112769e-17      -9.247647818780e-18 
 1827       4.403404677202e-11       1.147426664685e-12      -7.808225334248e-13       7.568597331388e-15       4.912182443436e-16       4.644884926785e-17      -9.420286596754e-18 
 1828       4.387418053485e-11       1.152055464836e-12      -7.681940499986e-13       7.559666315512e-15       4.900658688597e-16       4.721245744466e-17      -9.590588005595e-18 
 1829       4.371415601980e-11       1.156762457389e-12      -7.561319558661e-13       7.550713143830e-15       4.889166735544e-16       4.797244468355e-17      -9.758542009956e-18 
 1830       4.355401530104e-11       1.161544430400e-12      -7.446423102172e-13       7.541738348891e-15       4.877706453033e-16       4.872853887232e-17      -9.924138558381e-18 
 1831       4.339379884626e-11       1.166398186904e-12      -7.337296524031e-13       7.532742489020e-15       4.866277717840e-16       4.948051215786e-17      -1.008737017193e-17 
 1832       4.323354013386e-11       1.171320634556e-12      -7.233923684160e-13       7.523726218832e-15       4.854880442362e-16       5.022831753578e-17      -1.024823973270e-17 
 1833       4.307327099328e-11       1.176308696662e-12      -7.136272874258e-13       7.514690219294e-15       4.843514547230e-16       5.097195334940e-17      -1.040675275754e-17 
 1834       4.291302339033e-11       1.181359282427e-12      -7.044312184168e-13       7.505635174339e-15       4.832179952164e-16       5.171141799066e-17      -1.056291481516e-17 
 1835       4.275282942741e-11       1.186469286937e-12      -6.958009501576e-13       7.496561770876e-15       4.820876575969e-16       5.244670990032e-17      -1.071673152616e-17 
 1836       4.259272134372e-11       1.191635591137e-12      -6.877332511702e-13       7.487470698792e-15       4.809604336531e-16       5.317782756795e-17      -1.086820856317e-17 
 1837       4.243273151538e-11       1.196855061813e-12      -6.802248697000e-13       7.478362650955e-15       4.798363150818e-16       5.390476953212e-17      -1.101735165093e-17 
 1838       4.227289245567e-11       1.202124551571e-12      -6.732725336850e-13       7.469238323220e-15       4.787152934877e-16       5.462753438042e-17      -1.116416656634e-17 
 1839       4.211323681520e-11       1.207440898819e-12      -6.668729507257e-13       7.460098414430e-15       4.775973603834e-16       5.534612074960e-17      -1.130865913855e-17 
 1840       4.195379738208e-11       1.212800927747e-12      -6.610228080543e-13       7.450943626424e-15       4.764825071890e-16       5.606052732564e-17      -1.145083524909e-17 
 1841       4.179460708210e-11       1.218201448308e-12      -6.557187725045e-13       7.441774664039e-15       4.753707252323e-16       5.677075284385e-17      -1.159070083189e-17 
 1842       4.163569897895e-11       1.223639256195e-12      -6.509574904810e-13       7.432592235110e-15       4.742620057483e-16       5.747679608897e-17      -1.172826187341e-17 
 1843       4.147710627438e-11       1.229111132828e-12      -6.467355879291e-13       7.423397050483e-15       4.731563398793e-16       5.817865589527e-17      -1.186352441270e-17 
 1844       4.131886230836e-11       1.234613845330e-12      -6.430496703040e-13       7.414189824011e-15       4.720537186744e-16       5.887633114661e-17      -1.199649454150e-17 
 1845       4.116100055931e-11       1.240144146505e-12      -6.398963225409e-13       7.404971272561e-15       4.709541330897e-16       5.956982077659e-17      -1.212717840429e-17 
 1846       4.100355464426e-11       1.245698774827e-12      -6.372721090239e-13       7.395742116017e-15       4.698575739882e-16       6.025912376858e-17      -1.225558219844e-17 
 1847       4.084655831903e-11       1.251274454411e-12      -6.351735735562e-13       7.386503077287e-15       4.687640321392e-16       6.094423915589e-17      -1.238171217422e-17 
 1848       4.069004547843e-11       1.256867895000e-12      -6.335972393292e-13       7.377254882303e-15       4.676734982184e-16       6.162516602177e-17      -1.250557463492e-17 
 1849       4.053405015643e-11       1.262475791943e-12      -6.325396088920e-13       7.367998260028e-15       4.665859628078e-16       6.230190349960e-17      -1.262717593695e-17 
 1850       4.037860652636e-11       1.268094826175e-12      -6.319971641215e-13       7.358733942457e-15       4.655014163957e-16       6.297445077292e-17      -1.274652248988e-17 
 1851       4.022374890105e-11       1.273721664199e-12      -6.319663661916e-13       7.349462664624e-15       4.644198493760e-16       6.364280707554e-17      -1.286362075656e-17 
 1852       4.006951173309e-11       1.279352958065e-12      -6.324436555424e-13       7.340185164604e-15       4.633412520485e-16       6.430697169166e-17      -1.297847725321e-17 
 1853       3.991592961495e-11       1.284985345352e-12      -6.334254518507e-13       7.330902183519e-15       4.622656146187e-16       6.496694395592e-17      -1.309109854944e-17 
 1854       3.976303727918e-11       1.290615449147e-12      -6.349081539985e-13       7.321614465540e-15       4.611929271974e-16       6.562272325352e-17      -1.320149126843e-17 
 1855       3.961086959861e-11       1.296239878026e-12      -6.368881400434e-13       7.312322757890e-15       4.601231798010e-16       6.627430902033e-17      -1.330966208692e-17 
 1856       3.945946158652e-11       1.301855226036e-12      -6.393617671877e-13       7.303027810852e-15       4.590563623506e-16       6.692170074295e-17      -1.341561773537e-17 
 1857       3.930884839684e-11       1.307458072673e-12      -6.423253717479e-13       7.293730377769e-15       4.579924646727e-16       6.756489795881e-17      -1.351936499800e-17 
 1858       3.915906532429e-11       1.313044982864e-12      -6.457752691249e-13       7.284431215052e-15       4.569314764985e-16       6.820390025631e-17      -1.362091071287e-17 
 1859       3.901014780463e-11       1.318612506947e-12      -6.497077537725e-13       7.275131082178e-15       4.558733874637e-16       6.883870727483e-17      -1.372026177201e-17 
 1860       3.886213141479e-11       1.324157180651e-12      -6.541190991681e-13       7.265830741700e-15       4.548181871088e-16       6.946931870492e-17      -1.381742512143e-17 
 1861       3.871505187309e-11       1.329675525078e-12      -6.590055577814e-13       7.256530959248e-15       4.537658648785e-16       7.009573428830e-17      -1.391240776129e-17 
 1862       3.856894503938e-11       1.335164046683e-12      -6.643633610443e-13       7.247232503535e-15       4.527164101219e-16       7.071795381805e-17      -1.400521674591e-17 
 1863       3.842384691528e-11       1.340619237252e-12      -6.701887193206e-13       7.237936146356e-15       4.516698120918e-16       7.133597713861e-17      -1.409585918391e-17 
 1864       3.827979364432e-11       1.346037573886e-12      -6.764778218751e-13       7.228642662600e-15       4.506260599452e-16       7.194980414596e-17      -1.418434223823e-17 
 1865       3.813682151216e-11       1.351415518980e-12      -6.832268368438e-13       7.219352830245e-15       4.495851427429e-16       7.255943478763e-17      -1.427067312628e-17 
 1866       3.799496694672e-11       1.356749520205e-12      -6.904319112028e-13       7.210067430371e-15       4.485470494489e-16       7.316486906287e-17      -1.435485912000e-17 
 1867       3.785426651843e-11       1.362036010483e-12      -6.980891707384e-13       7.200787247155e-15       4.475117689310e-16       7.376610702271e-17      -1.443690754593e-17 
 1868       3.771475694036e-11       1.367271407975e-12      -7.061947200162e-13       7.191513067883e-15       4.464792899601e-16       7.436314877004e-17      -1.451682578528e-17 
 1869       3.757647506845e-11       1.372452116056e-12      -7.147446423512e-13       7.182245682950e-15       4.454496012103e-16       7.495599445973e-17      -1.459462127408e-17 
 1870       3.743945351240e-11       1.377574836026e-12      -7.237342670588e-13       7.172985838348e-15       4.444226920395e-16       7.554463589553e-17      -1.467030303253e-17 
 1871       3.730370743058e-11       1.382637507939e-12      -7.331559650022e-13       7.163734092725e-15       4.433985548384e-16       7.612903124867e-17      -1.474388626627e-17 
 1872       3.716924763215e-11       1.387638377100e-12      -7.430013357324e-13       7.154490959216e-15       4.423771826996e-16       7.670913014159e-17      -1.481538780129e-17 
 1873       3.703608495700e-11       1.392575681992e-12      -7.532619385852e-13       7.145256952862e-15       4.413585686385e-16       7.728488203298e-17      -1.488482455805e-17 
 1874       3.690423027574e-11       1.397447654268e-12      -7.639292926249e-13       7.136032590608e-15       4.403427055925e-16       7.785623621758e-17      -1.495221355157e-17 
 1875       3.677369448976e-11       1.402252518745e-12      -7.749948765893e-13       7.126818391307e-15       4.393295864218e-16       7.842314182600e-17      -1.501757189160e-17 
 1876       3.664448853127e-11       1.406988493396e-12      -7.864501288337e-13       7.117614875723e-15       4.383192039085e-16       7.898554782449e-17      -1.508091678271e-17 
 1877       3.651662336330e-11       1.411653789334e-12      -7.982864472756e-13       7.108422566534e-15       4.373115507567e-16       7.954340301481e-17      -1.514226552449e-17 
 1878       3.639010997976e-11       1.416246610812e-12      -8.104951893393e-13       7.099241988331e-15       4.363066195926e-16       8.009665603395e-17      -1.520163551164e-17 
 1879       3.626495940547e-11       1.420765155209e-12      -8.230676718995e-13       7.090073667625e-15       4.353044029641e-16       8.064525535403e-17      -1.525904423412e-17 
 1880       3.614118269620e-11       1.425207613023e-12      -8.359951712269e-13       7.080918132846e-15       4.343048933409e-16       8.118914928202e-17      -1.531450927728e-17 
 1881       3.601879093869e-11       1.429572167861e-12      -8.492689229318e-13       7.071775914346e-15       4.333080831141e-16       8.172828595961e-17      -1.536804832201e-17 
 1882       3.589779525067e-11       1.433856996433e-12      -8.628801219085e-13       7.062647544403e-15       4.323139645961e-16       8.226261336298e-17      -1.541967914487e-17 
 1883       3.577820678094e-11       1.438060268539e-12      -8.768199222805e-13       7.053533557220e-15       4.313225300208e-16       8.279207930263e-17      -1.546941961820e-17 
 1884       3.566003670935e-11       1.442180147063e-12      -8.910794373440e-13       7.044434488932e-15       4.303337715432e-16       8.331663142315e-17      -1.551728771032e-17 
 1885       3.554329624688e-11       1.446214787965e-12      -9.056497395130e-13       7.035350877603e-15       4.293476812392e-16       8.383621720307e-17      -1.556330148560e-17 
 1886       3.542799663564e-11       1.450162340268e-12      -9.205218602633e-13       7.026283263233e-15       4.283642511057e-16       8.435078395463e-17      -1.560747910462e-17 
 1887       3.531414914892e-11       1.454020946056e-12      -9.356867900773e-13       7.017232187759e-15       4.273834730602e-16       8.486027882362e-17      -1.564983882434e-17 
 1888       3.520176509122e-11       1.457788740458e-12      -9.511354783880e-13       7.008198195055e-15       4.264053389412e-16       8.536464878915e-17      -1.569039899816e-17 
 1889       3.509085579827e-11       1.461463851645e-12      -9.668588335239e-13       6.999181830938e-15       4.254298405073e-16       8.586384066348e-17      -1.572917807615e-17 
 1890       3.498143263710e-11       1.465044400815e-12      -9.828477226530e-13       6.990183643168e-15       4.244569694375e-16       8.635780109181e-17      -1.576619460510e-17 
 1891       3.487350700603e-11       1.468528502193e-12      -9.990929717275e-13       6.981204181449e-15       4.234867173314e-16       8.684647655213e-17      -1.580146722871e-17 
 1892       3.476709033474e-11       1.471914263012e-12      -1.015585365428e-12       6.972243997437e-15       4.225190757082e-16       8.732981335494e-17      -1.583501468772e-17 
 1893       3.466219408427e-11       1.475199783514e-12      -1.032315647109e-12       6.963303644735e-15       4.215540360076e-16       8.780775764314e-17      -1.586685582002e-17 
 1894       3.455882974708e-11       1.478383156933e-12      -1.049274518740e-12       6.954383678902e-15       4.205915895888e-16       8.828025539180e-17      -1.589700956082e-17 
 1895       3.445700884707e-11       1.481462469491e-12      -1.066452640856e-12       6.945484657450e-15       4.196317277307e-16       8.874725240796e-17      -1.592549494275e-17 
 1896       3.435674293962e-11       1.484435800389e-12      -1.083840632494e-12       6.936607139851e-15       4.186744416321e-16       8.920869433046e-17      -1.595233109603e-17 
 1897       3.425804361162e-11       1.487301221795e-12      -1.101429071146e-12       6.927751687535e-15       4.177197224109e-16       8.966452662971e-17      -1.597753724860e-17 
 1898       3.416092248151e-11       1.490056798840e-12      -1.119208492696e-12       6.918918863895e-15       4.167675611047e-16       9.011469460754e-17      -1.600113272622e-17 
 1899       3.406539119930e-11       1.492700589605e-12      -1.137169391368e-12       6.910109234290e-15       4.158179486699e-16       9.055914339697e-17      -1.602313695267e-17 
 1900       3.397146144662e-11       1.495230645113e-12      -1.155302219672e-12       6.901323366044e-15       4.148708759823e-16       9.099781796203e-17      -1.604356944982e-17 
 1901       3.387914493673e-11       1.497645009323e-12      -1.173597388343e-12       6.892561828452e-15       4.139263338365e-16       9.143066309756e-17      -1.606244983782e-17 
 1902       3.378845341458e-11       1.499941719118e-12      -1.192045266293e-12       6.883825192782e-15       4.129843129460e-16       9.185762342905e-17      -1.607979783519e-17 
 1903       3.369939865684e-11       1.502118804299e-12      -1.210636180547e-12       6.875114032273e-15       4.120448039428e-16       9.227864341238e-17      -1.609563325902e-17 
 1904       3.361199247191e-11       1.504174287572e-12      -1.229360416196e-12       6.866428922143e-15       4.111077973777e-16       9.269366733369e-17      -1.610997602502e-17 
 1905       3.352624669997e-11       1.506106184543e-12      -1.248208216332e-12       6.857770439589e-15       4.101732837198e-16       9.310263930915e-17      -1.612284614773e-17 
 1906       3.344217321303e-11       1.507912503710e-12      -1.267169782003e-12       6.849139163787e-15       4.092412533564e-16       9.350550328476e-17      -1.613426374063e-17 
 1907       3.335978391492e-11       1.509591246450e-12      -1.286235272147e-12       6.840535675899e-15       4.083116965932e-16       9.390220303621e-17      -1.614424901625e-17 
 1908       3.327909074138e-11       1.511140407013e-12      -1.305394803546e-12       6.831960559073e-15       4.073846036537e-16       9.429268216861e-17      -1.615282228636e-17 
 1909       3.320010160879e-11       1.512558351957e-12      -1.324638766221e-12       6.823414318521e-15       4.064599653448e-16       9.467689933728e-17      -1.616000223969e-17 
 1910       3.312280822658e-11       1.513844961650e-12      -1.343958772404e-12       6.814897141086e-15       4.055377750579e-16       9.505487403794e-17      -1.616580076051e-17 
 1911       3.304719819147e-11       1.515000497499e-12      -1.363346714731e-12       6.806409133837e-15       4.046180267828e-16       9.542664116714e-17      -1.617022807061e-17 
 1912       3.297325903016e-11       1.516025223310e-12      -1.382794451404e-12       6.797950403826e-15       4.037007144436e-16       9.579223583354e-17      -1.617329444817e-17 
 1913       3.290097819919e-11       1.516919405286e-12      -1.402293806143e-12       6.789521058087e-15       4.027858318984e-16       9.615169335822e-17      -1.617501022778e-17 
 1914       3.283034308488e-11       1.517683312034e-12      -1.421836568141e-12       6.781121203634e-15       4.018733729395e-16       9.650504927495e-17      -1.617538580060e-17 
 1915       3.276134100321e-11       1.518317214567e-12      -1.441414492019e-12       6.772750947466e-15       4.009633312932e-16       9.685233933053e-17      -1.617443161437e-17 
 1916       3.269395919971e-11       1.518821386308e-12      -1.461019297780e-12       6.764410396558e-15       4.000557006195e-16       9.719359948509e-17      -1.617215817354e-17 
 1917       3.262818484938e-11       1.519196103096e-12      -1.480642670766e-12       6.756099657870e-15       3.991504745123e-16       9.752886591240e-17      -1.616857603930e-17 
 1918       3.256400505660e-11       1.519441643186e-12      -1.500276261611e-12       6.747818838341e-15       3.982476464990e-16       9.785817500015e-17      -1.616369582971e-17 
 1919       3.250140685499e-11       1.519558287255e-12      -1.519911686195e-12       6.739568044889e-15       3.973472100405e-16       9.818156335030e-17      -1.615752821974e-17 
 1920       3.244037720736e-11       1.519546318404e-12      -1.539540525601e-12       6.731347384415e-15       3.964491585314e-16       9.849906777934e-17      -1.615008394139e-17 
 1921       3.238090300555e-11       1.519406022166e-12      -1.559154326071e-12       6.723156963797e-15       3.955534852992e-16       9.881072531864e-17      -1.614137378373e-17 
 1922       3.232297107039e-11       1.519137686504e-12      -1.578744598954e-12       6.714996889892e-15       3.946601836049e-16       9.911657321474e-17      -1.613140859299e-17 
 1923       3.226656815157e-11       1.518741601818e-12      -1.598302820669e-12       6.706867269540e-15       3.937692466425e-16       9.941664892964e-17      -1.612019927265e-17 
 1924       3.221168092754e-11       1.518218060947e-12      -1.617820432656e-12       6.698768209556e-15       3.928806675390e-16       9.971099014115e-17      -1.610775678352e-17 
 1925       3.215829600542e-11       1.517567359175e-12      -1.637288841331e-12       6.690699816734e-15       3.919944393542e-16       9.999963474313e-17      -1.609409214381e-17 
 1926       3.210639992089e-11       1.516789794234e-12      -1.656699418038e-12       6.682662197850e-15       3.911105550807e-16       1.002826208459e-16      -1.607921642921e-17 
 1927       3.205597913810e-11       1.515885666305e-12      -1.676043499011e-12       6.674655459652e-15       3.902290076439e-16       1.005599867763e-16      -1.606314077299e-17 
 1928       3.200702004956e-11       1.514855278024e-12      -1.695312385322e-12       6.666679708872e-15       3.893497899016e-16       1.008317710785e-16      -1.604587636605e-17 
 1929       3.195950897605e-11       1.513698934488e-12      -1.714497342840e-12       6.658735052215e-15       3.884728946441e-16       1.010980125138e-16      -1.602743445701e-17 
 1930       3.191343216652e-11       1.512416943253e-12      -1.733589602182e-12       6.650821596366e-15       3.875983145941e-16       1.013587500610e-16      -1.600782635229e-17 
 1931       3.186877579797e-11       1.511009614343e-12      -1.752580358671e-12       6.642939447985e-15       3.867260424064e-16       1.016140229170e-16      -1.598706341620e-17 
 1932       3.182552597538e-11       1.509477260251e-12      -1.771460772290e-12       6.635088713710e-15       3.858560706680e-16       1.018638704970e-16      -1.596515707102e-17 
 1933       3.178366873160e-11       1.507820195942e-12      -1.790221967637e-12       6.627269500154e-15       3.849883918979e-16       1.021083324346e-16      -1.594211879706e-17 
 1934       3.174319002724e-11       1.506038738860e-12      -1.808855033879e-12       6.619481913908e-15       3.841229985471e-16       1.023474485822e-16      -1.591796013274e-17 
 1935       3.170407575056e-11       1.504133208929e-12      -1.827351024706e-12       6.611726061538e-15       3.832598829983e-16       1.025812590116e-16      -1.589269267469e-17 
 1936       3.166631171743e-11       1.502103928557e-12      -1.845700958290e-12       6.604002049586e-15       3.823990375659e-16       1.028098040138e-16      -1.586632807784e-17 
 1937       3.162988367114e-11       1.499951222639e-12      -1.863895817233e-12       6.596309984568e-15       3.815404544959e-16       1.030331240998e-16      -1.583887805544e-17 
 1938       3.159477728237e-11       1.497675418564e-12      -1.881926548528e-12       6.588649972976e-15       3.806841259658e-16       1.032512600005e-16      -1.581035437921e-17 
 1939       3.156097814907e-11       1.495276846215e-12      -1.899784063511e-12       6.581022121277e-15       3.798300440844e-16       1.034642526673e-16      -1.578076887938e-17 
 1940       3.152847179636e-11       1.492755837975e-12      -1.917459237818e-12       6.573426535912e-15       3.789782008919e-16       1.036721432723e-16      -1.575013344477e-17 
 1941       3.149724367642e-11       1.490112728729e-12      -1.934942911334e-12       6.565863323297e-15       3.781285883596e-16       1.038749732084e-16      -1.571846002289e-17 
 1942       3.146727916838e-11       1.487347855869e-12      -1.952225888155e-12       6.558332589820e-15       3.772811983897e-16       1.040727840902e-16      -1.568576062000e-17 
 1943       3.143856357828e-11       1.484461559296e-12      -1.969298936539e-12       6.550834441846e-15       3.764360228156e-16       1.042656177535e-16      -1.565204730119e-17 
 1944       3.141108213890e-11       1.481454181429e-12      -1.986152788862e-12       6.543368985710e-15       3.755930534013e-16       1.044535162562e-16      -1.561733219049e-17 
 1945       3.138482000969e-11       1.478326067199e-12      -2.002778141571e-12       6.535936327723e-15       3.747522818417e-16       1.046365218785e-16      -1.558162747091e-17 
 1946       3.135976227668e-11       1.475077564062e-12      -2.019165655141e-12       6.528536574166e-15       3.739136997621e-16       1.048146771231e-16      -1.554494538452e-17 
 1947       3.133589395236e-11       1.471709021999e-12      -2.035305954029e-12       6.521169831295e-15       3.730772987186e-16       1.049880247154e-16      -1.550729823258e-17 
 1948       3.131319841579e-11       1.468221027535e-12      -2.051190621751e-12       6.513836141317e-15       3.722430707648e-16       1.051565945969e-16      -1.546869614483e-17 
 1949       3.129165272034e-11       1.464615107717e-12      -2.066815194377e-12       6.506535289806e-15       3.714110101586e-16       1.053203647968e-16      -1.542914036913e-17 
 1950       3.127123225047e-11       1.460893031432e-12      -2.082176189438e-12       6.499266996842e-15       3.705811116682e-16       1.054793002671e-16      -1.538862993158e-17 
 1951       3.125191227823e-11       1.457056575886e-12      -2.097270112831e-12       6.492030980893e-15       3.697533700057e-16       1.056333658624e-16      -1.534716386269e-17 
 1952       3.123366796309e-11       1.453107526612e-12      -2.112093458804e-12       6.484826958819e-15       3.689277798274e-16       1.057825263406e-16      -1.530474119739e-17 
 1953       3.121647435176e-11       1.449047677480e-12      -2.126642709943e-12       6.477654645865e-15       3.681043357336e-16       1.059267463621e-16      -1.526136097503e-17 
 1954       3.120030637811e-11       1.444878830712e-12      -2.140914337160e-12       6.470513755661e-15       3.672830322681e-16       1.060659904900e-16      -1.521702223941e-17 
 1955       3.118513886293e-11       1.440602796889e-12      -2.154904799676e-12       6.463404000219e-15       3.664638639187e-16       1.062002231901e-16      -1.517172403876e-17 
 1956       3.117094651388e-11       1.436221394966e-12      -2.168610545010e-12       6.456325089930e-15       3.656468251167e-16       1.063294088306e-16      -1.512546542576e-17 
 1957       3.115770392527e-11       1.431736452280e-12      -2.182028008963e-12       6.449276733563e-15       3.648319102370e-16       1.064535116820e-16      -1.507824545758e-17 
 1958       3.114538557792e-11       1.427149804562e-12      -2.195153615608e-12       6.442258638261e-15       3.640191135978e-16       1.065724959172e-16      -1.503006319584e-17 
 1959       3.113396583904e-11       1.422463295948e-12      -2.207983777272e-12       6.435270509542e-15       3.632084294609e-16       1.066863256112e-16      -1.498091770664e-17 
 1960       3.112341896207e-11       1.417678778992e-12      -2.220514894524e-12       6.428312051292e-15       3.623998520313e-16       1.067949647410e-16      -1.493080806058e-17 
 1961       3.111371908650e-11       1.412798114673e-12      -2.232743356161e-12       6.421382965767e-15       3.615933754570e-16       1.068983771855e-16      -1.487973333275e-17 
 1962       3.110484023778e-11       1.407823172411e-12      -2.244665539197e-12       6.414482953587e-15       3.607889938294e-16       1.069965267255e-16      -1.482769260276e-17 
 1963       3.109675632710e-11       1.402755830075e-12      -2.256277808843e-12       6.407611713739e-15       3.599867011827e-16       1.070893770437e-16      -1.477468495474e-17 
 1964       3.108944115132e-11       1.397597973994e-12      -2.267576518500e-12       6.400768943567e-15       3.591864914941e-16       1.071768917243e-16      -1.472070947732e-17 
 1965       3.108286839274e-11       1.392351498969e-12      -2.278558009742e-12       6.393954338777e-15       3.583883586836e-16       1.072590342529e-16      -1.466576526370e-17 
 1966       3.107701161900e-11       1.387018308284e-12      -2.289218612302e-12       6.387167593431e-15       3.575922966138e-16       1.073357680166e-16      -1.460985141160e-17 
 1967       3.107184428295e-11       1.381600313718e-12      -2.299554644059e-12       6.380408399945e-15       3.567982990903e-16       1.074070563041e-16      -1.455296702331e-17 
 1968       3.106733972243e-11       1.376099435553e-12      -2.309562411023e-12       6.373676449088e-15       3.560063598609e-16       1.074728623049e-16      -1.449511120567e-17 
 1969       3.106347116018e-11       1.370517602591e-12      -2.319238207326e-12       6.366971429977e-15       3.552164726160e-16       1.075331491098e-16      -1.443628307009e-17 
 1970       3.106021170368e-11       1.364856752158e-12      -2.328578315200e-12       6.360293030079e-15       3.544286309885e-16       1.075878797107e-16      -1.437648173259e-17 
 1971       3.105753434498e-11       1.359118830118e-12      -2.337579004971e-12       6.353640935204e-15       3.536428285533e-16       1.076370170003e-16      -1.431570631374e-17 
 1972       3.105541196058e-11       1.353305790888e-12      -2.346236535042e-12       6.347014829506e-15       3.528590588278e-16       1.076805237721e-16      -1.425395593874e-17 
 1973       3.105381731126e-11       1.347419597443e-12      -2.354547151879e-12       6.340414395479e-15       3.520773152714e-16       1.077183627203e-16      -1.419122973738e-17 
 1974       3.105272304194e-11       1.341462221329e-12      -2.362507089996e-12       6.333839313957e-15       3.512975912855e-16       1.077504964397e-16      -1.412752684409e-17 
 1975       3.105210168150e-11       1.335435642678e-12      -2.370112571946e-12       6.327289264108e-15       3.505198802133e-16       1.077768874257e-16      -1.406284639789e-17 
 1976       3.105192564271e-11       1.329341850213e-12      -2.377359808303e-12       6.320763923435e-15       3.497441753401e-16       1.077974980738e-16      -1.399718754247e-17 
 1977       3.105216722198e-11       1.323182841264e-12      -2.384244997649e-12       6.314262967772e-15       3.489704698928e-16       1.078122906801e-16      -1.393054942614e-17 
 1978       3.105279859930e-11       1.316960621775e-12      -2.390764326562e-12       6.307786071283e-15       3.481987570399e-16       1.078212274407e-16      -1.386293120189e-17 
 1979       3.105379183801e-11       1.310677206318e-12      -2.396913969598e-12       6.301332906456e-15       3.474290298916e-16       1.078242704518e-16      -1.379433202735e-17 
 1980       3.105511888474e-11       1.304334618105e-12      -2.402690089285e-12       6.294903144107e-15       3.466612814996e-16       1.078213817095e-16      -1.372475106484e-17 
 1981       3.105675156917e-11       1.297934888996e-12      -2.408088836101e-12       6.288496453372e-15       3.458955048568e-16       1.078125231100e-16      -1.365418748134e-17 
 1982       3.105866160395e-11       1.291480059510e-12      -2.413106348465e-12       6.282112501709e-15       3.451316928977e-16       1.077976564490e-16      -1.358264044854e-17 
 1983       3.106082058452e-11       1.284972178841e-12      -2.417738752722e-12       6.275750954892e-15       3.443698384976e-16       1.077767434220e-16      -1.351010914281e-17 
 1984       3.106319998895e-11       1.278413304862e-12      -2.421982163130e-12       6.269411477010e-15       3.436099344734e-16       1.077497456240e-16      -1.343659274526e-17 
 1985       3.106577117783e-11       1.271805504142e-12      -2.425832681845e-12       6.263093730467e-15       3.428519735826e-16       1.077166245494e-16      -1.336209044168e-17 
 1986       3.106850539409e-11       1.265150851955e-12      -2.429286398907e-12       6.256797375975e-15       3.420959485238e-16       1.076773415920e-16      -1.328660142260e-17 
 1987       3.107137506549e-11       1.258451424726e-12      -2.432340407961e-12       6.250522056139e-15       3.413418524206e-16       1.076318767246e-16      -1.321012135265e-17 
 1988       3.107435772297e-11       1.251709277287e-12      -2.434995861623e-12       6.244267346057e-15       3.405896802759e-16       1.075802846883e-16      -1.313263175009e-17 
 1989       3.107743211085e-11       1.244926465479e-12      -2.437254938590e-12       6.238032802351e-15       3.398394275285e-16       1.075226392170e-16      -1.305411052907e-17 
 1990       3.108057688676e-11       1.238105053706e-12      -2.439119829968e-12       6.231817979545e-15       3.390910895689e-16       1.074590143953e-16      -1.297453552305e-17 
 1991       3.108377062146e-11       1.231247114952e-12      -2.440592739294e-12       6.225622430066e-15       3.383446617403e-16       1.073894846595e-16      -1.289388448472e-17 
 1992       3.108699179880e-11       1.224354730786e-12      -2.441675882547e-12       6.219445704237e-15       3.376001393378e-16       1.073141247977e-16      -1.281213508589e-17 
 1993       3.109021881554e-11       1.217429991378e-12      -2.442371488167e-12       6.213287350281e-15       3.368575176085e-16       1.072330099503e-16      -1.272926491741e-17 
 1994       3.109342998130e-11       1.210474995507e-12      -2.442681797075e-12       6.207146914311e-15       3.361167917517e-16       1.071462156105e-16      -1.264525148904e-17 
 1995       3.109660351843e-11       1.203491850572e-12      -2.442609062685e-12       6.201023940330e-15       3.353779569184e-16       1.070538176250e-16      -1.256007222939e-17 
 1996       3.109971756189e-11       1.196482672604e-12      -2.442155550927e-12       6.194917970232e-15       3.346410082117e-16       1.069558921939e-16      -1.247370448579e-17 
 1997       3.110275015913e-11       1.189449586276e-12      -2.441323540260e-12       6.188828543791e-15       3.339059406862e-16       1.068525158718e-16      -1.238612552423e-17 
 1998       3.110567927003e-11       1.182394724915e-12      -2.440115321688e-12       6.182755198666e-15       3.331727493483e-16       1.067437655679e-16      -1.229731252920e-17 
 1999       3.110848276673e-11       1.175320230511e-12      -2.438533198782e-12       6.176697470394e-15       3.324414291561e-16       1.066297185465e-16      -1.220724260366e-17 
 2000       3.111113843358e-11       1.168228253728e-12      -2.436579487693e-12       6.170654892388e-15       3.317119750191e-16       1.065104524275e-16      -1.211589276889e-17 
 2001       3.111362396698e-11       1.161120953917e-12      -2.434256517172e-12       6.164626995936e-15       3.309843817983e-16       1.063860451868e-16      -1.202323996444e-17 
 2002       3.111591697528e-11       1.154000499126e-12      -2.431566628583e-12       6.158613310195e-15       3.302586443063e-16       1.062565751570e-16      -1.192926104796e-17 
 2003       3.111799497870e-11       1.146869066110e-12      -2.428512175927e-12       6.152613362191e-15       3.295347573066e-16       1.061221210276e-16      -1.183393279519e-17 
 2004       3.111983540920e-11       1.139728840340e-12      -2.425095525850e-12       6.146626676814e-15       3.288127155144e-16       1.059827618455e-16      -1.173723189980e-17 
 2005       3.112141561036e-11       1.132582016021e-12      -2.421319057669e-12       6.140652776817e-15       3.280925135957e-16       1.058385770155e-16      -1.163913497331e-17 
 2006       3.112271283728e-11       1.125430796093e-12      -2.417185163382e-12       6.134691182813e-15       3.273741461678e-16       1.056896463009e-16      -1.153961854499e-17 
 2007       3.112370425650e-11       1.118277392251e-12      -2.412696247692e-12       6.128741413271e-15       3.266576077989e-16       1.055360498238e-16      -1.143865906177e-17 
 2008       3.112436694583e-11       1.111124024949e-12      -2.407854728016e-12       6.122802984513e-15       3.259428930083e-16       1.053778680656e-16      -1.133623288812e-17 
 2009       3.112467789429e-11       1.103972923414e-12      -2.402663034509e-12       6.116875410715e-15       3.252299962659e-16       1.052151818674e-16      -1.123231630600e-17 
 2010       3.112461400197e-11       1.096826325659e-12      -2.397123610080e-12       6.110958203898e-15       3.245189119927e-16       1.050480724306e-16      -1.112688551469e-17 
 2011       3.112415207996e-11       1.089686478487e-12      -2.391238910404e-12       6.105050873931e-15       3.238096345602e-16       1.048766213174e-16      -1.101991663075e-17 
 2012       3.112326885020e-11       1.082555637511e-12      -2.385011403947e-12       6.099152928524e-15       3.231021582905e-16       1.047009104508e-16      -1.091138568792e-17 
 2013       3.112194094537e-11       1.075436067157e-12      -2.378443571975e-12       6.093263873228e-15       3.223964774566e-16       1.045210221159e-16      -1.080126863696e-17 
 2014       3.112014490881e-11       1.068330040678e-12      -2.371537908577e-12       6.087383211432e-15       3.216925862816e-16       1.043370389596e-16      -1.068954134565e-17 
 2015       3.111785719441e-11       1.061239840166e-12      -2.364296920681e-12       6.081510444356e-15       3.209904789393e-16       1.041490439914e-16      -1.057617959859e-17 
 2016       3.111505416647e-11       1.054167756562e-12      -2.356723128070e-12       6.075645071055e-15       3.202901495536e-16       1.039571205837e-16      -1.046115909718e-17 
 2017       3.111171209960e-11       1.047116089665e-12      -2.348819063398e-12       6.069786588411e-15       3.195915921988e-16       1.037613524727e-16      -1.034445545949e-17 
 2018       3.110780717863e-11       1.040087148145e-12      -2.340587272210e-12       6.063934491134e-15       3.188948008994e-16       1.035618237582e-16      -1.022604422015e-17 
 2019       3.110331549849e-11       1.033083249555e-12      -2.332030312957e-12       6.058088271753e-15       3.181997696301e-16       1.033586189045e-16      -1.010590083027e-17 
 2020       3.109821306410e-11       1.026106720338e-12      -2.323150757015e-12       6.052247420622e-15       3.175064923153e-16       1.031518227409e-16      -9.984000657351e-18 
 2021       3.109247579023e-11       1.019159895841e-12      -2.313951188699e-12       6.046411425910e-15       3.168149628298e-16       1.029415204620e-16      -9.860318985152e-18 
 2022       3.108607950146e-11       1.012245120324e-12      -2.304434205282e-12       6.040579773602e-15       3.161251749980e-16       1.027277976279e-16      -9.734831013627e-18 
 2023       3.107899993201e-11       1.005364746974e-12      -2.294602417016e-12       6.034751947492e-15       3.154371225942e-16       1.025107401653e-16      -9.607511858811e-18 
 2024       3.107121272564e-11       9.985211379096e-13      -2.284458447141e-12       6.028927429188e-15       3.147507993425e-16       1.022904343675e-16      -9.478336552723e-18 
 2025       3.106269343558e-11       9.917166642001e-13      -2.274004931907e-12       6.023105698101e-15       3.140661989165e-16       1.020669668950e-16      -9.347280043266e-18 
 2026       3.105342042968e-11       9.849535063301e-13      -2.263245015566e-12       6.017286263798e-15       3.133833153527e-16       1.018404037445e-16      -9.214337966662e-18 
 2027       3.104338362929e-11       9.782330540173e-13      -2.252183839208e-12       6.011468763312e-15       3.127021442929e-16       1.016107269892e-16      -9.079589128984e-18 
 2028       3.103257583330e-11       9.715565020825e-13      -2.240827062716e-12       6.005652864529e-15       3.120226817505e-16       1.013778975825e-16      -8.943133475825e-18 
 2029       3.102098981857e-11       9.649250496009e-13      -2.229180370796e-12       5.999838233898e-15       3.113449236978e-16       1.011418763476e-16      -8.805071361268e-18 
 2030       3.100861833990e-11       9.583398999069e-13      -2.217249473011e-12       5.994024536428e-15       3.106688660666e-16       1.009026239776e-16      -8.665503548390e-18 
 2031       3.099545412998e-11       9.518022605992e-13      -2.205040103812e-12       5.988211435689e-15       3.099945047475e-16       1.006601010351e-16      -8.524531209772e-18 
 2032       3.098148989938e-11       9.453133435461e-13      -2.192558022570e-12       5.982398593807e-15       3.093218355901e-16       1.004142679520e-16      -8.382255928008e-18 
 2033       3.096671833653e-11       9.388743648902e-13      -2.179809013608e-12       5.976585671466e-15       3.086508544030e-16       1.001650850298e-16      -8.238779696214e-18 
 2034       3.095113210770e-11       9.324865450534e-13      -2.166798886230e-12       5.970772327900e-15       3.079815569536e-16       9.991251243891e-17      -8.094204918538e-18 
 2035       3.093472385695e-11       9.261511087424e-13      -2.153533474757e-12       5.964958220898e-15       3.073139389682e-16       9.965651021886e-17      -7.948634410665e-18 
 2036       3.091748620612e-11       9.198692849533e-13      -2.140018638556e-12       5.959143006798e-15       3.066479961315e-16       9.939703827794e-17      -7.802171400329e-18 
 2037       3.089941175484e-11       9.136423069767e-13      -2.126260262068e-12       5.953326340487e-15       3.059837240874e-16       9.913405639317e-17      -7.654919527822e-18 
 2038       3.088049308043e-11       9.074714124029e-13      -2.112264254848e-12       5.947507875396e-15       3.053211184378e-16       9.886752421011e-17      -7.506982846501e-18 
 2039       3.086072273794e-11       9.013578431269e-13      -2.098036551589e-12       5.941687263504e-15       3.046601747437e-16       9.859740124268e-17      -7.358465823298e-18 
 2040       3.084009326011e-11       8.953028453532e-13      -2.083583112157e-12       5.935864155329e-15       3.040008885242e-16       9.832364687307e-17      -7.209473339228e-18 
 2041       3.081859715732e-11       8.893076696010e-13      -2.068909921623e-12       5.930038199933e-15       3.033432552569e-16       9.804622035151e-17      -7.060110689899e-18 
 2042       3.079622691760e-11       8.833735707095e-13      -2.054022990293e-12       5.924209044914e-15       3.026872703779e-16       9.776508079622e-17      -6.910483586020e-18 
 2043       3.077297500658e-11       8.775018078424e-13      -2.038928353739e-12       5.918376336411e-15       3.020329292813e-16       9.748018719315e-17      -6.760698153910e-18 
 2044       3.074883386747e-11       8.716936444934e-13      -2.023632072834e-12       5.912539719094e-15       3.013802273198e-16       9.719149839592e-17      -6.610860936005e-18 
 2045       3.072379592105e-11       8.659503484910e-13      -2.008140233779e-12       5.906698836169e-15       3.007291598040e-16       9.689897312560e-17      -6.461078891372e-18 
 2046       3.069785356563e-11       8.602731920034e-13      -1.992458948139e-12       5.900853329372e-15       3.000797220026e-16       9.660256997060e-17      -6.311459396212e-18 
 2047       3.067099917704e-11       8.546634515441e-13      -1.976594352871e-12       5.895002838971e-15       2.994319091425e-16       9.630224738652e-17      -6.162110244371e-18 
 2048       3.064322510859e-11       8.491224079761e-13      -1.960552610359e-12       5.889147003760e-15       2.987857164084e-16       9.599796369596e-17      -6.013139647850e-18 
 2049       3.061452369105e-11       8.436513465178e-13      -1.944339908441e-12       5.883285461059e-15       2.981411389429e-16       9.568967708841e-17      -5.864656237314e-18 
 2050       3.058488723262e-11       8.382515567473e-13      -1.927962460445e-12       5.877417846712e-15       2.974981718467e-16       9.537734562009e-17      -5.716769062596e-18 
 2051       3.055430801892e-11       8.329243326081e-13      -1.911426505219e-12       5.871543795088e-15       2.968568101781e-16       9.506092721378e-17      -5.569587593213e-18 
 2052       3.052277831296e-11       8.276709724134e-13      -1.894738307162e-12       5.865662939072e-15       2.962170489531e-16       9.474037965868e-17      -5.423221718869e-18 
 2053       3.049029035511e-11       8.224927788518e-13      -1.877904156256e-12       5.859774910072e-15       2.955788831453e-16       9.441566061027e-17      -5.277781749969e-18 
 2054       3.045683636308e-11       8.173910589920e-13      -1.860930368098e-12       5.853879338009e-15       2.949423076861e-16       9.408672759014e-17      -5.133378418121e-18 
 2055       3.042240853189e-11       8.123671242878e-13      -1.843823283929e-12       5.847975851321e-15       2.943073174644e-16       9.375353798584e-17      -4.990122876651e-18 
 2056       3.038699903385e-11       8.074222905834e-13      -1.826589270672e-12       5.842064076959e-15       2.936739073263e-16       9.341604905075e-17      -4.848126701110e-18 
 2057       3.035060001854e-11       8.025578781183e-13      -1.809234720956e-12       5.836143640385e-15       2.930420720757e-16       9.307421790392e-17      -4.707501889782e-18 
 2058       3.031320361276e-11       7.977752115319e-13      -1.791766053151e-12       5.830214165570e-15       2.924118064735e-16       9.272800152989e-17      -4.568360864192e-18 
 2059       3.027480192055e-11       7.930756198695e-13      -1.774189711402e-12       5.824275274993e-15       2.917831052381e-16       9.237735677858e-17      -4.430816469616e-18 
 2060       3.023538702313e-11       7.884604365864e-13      -1.756512165655e-12       5.818326589637e-15       2.911559630450e-16       9.202224036512e-17      -4.294981975592e-18 
 2061       3.019495097889e-11       7.839309995534e-13      -1.738739911694e-12       5.812367728992e-15       2.905303745269e-16       9.166260886969e-17      -4.160971076425e-18 
 2062       3.015348582335e-11       7.794886510617e-13      -1.720879471170e-12       5.806398311047e-15       2.899063342737e-16       9.129841873738e-17      -4.028897891698e-18 
 2063       3.011098356915e-11       7.751347378282e-13      -1.702937391630e-12       5.800417952292e-15       2.892838368321e-16       9.092962627804e-17      -3.898876966778e-18 
 2064       3.006743620602e-11       7.708706110000e-13      -1.684920246557e-12       5.794426267715e-15       2.886628767060e-16       9.055618766614e-17      -3.771023273331e-18 
 2065       3.002283837102e-11       7.666973769736e-13      -1.666834447565e-12       5.788422926105e-15       2.880434487092e-16       9.017810109613e-17      -3.645418271313e-18 
 2066       2.997719537984e-11       7.626151479100e-13      -1.648685679511e-12       5.782407816377e-15       2.874255490285e-16       8.979553357562e-17      -3.522007830986e-18 
 2067       2.993051525238e-11       7.586237859168e-13      -1.630479461448e-12       5.776380882423e-15       2.868091741679e-16       8.940869503068e-17      -3.400703588347e-18 
 2068       2.988280604770e-11       7.547231517500e-13      -1.612221334110e-12       5.770342067912e-15       2.861943205965e-16       8.901779623293e-17      -3.281416817502e-18 
 2069       2.983407586409e-11       7.509131048125e-13      -1.593916859943e-12       5.764291316292e-15       2.855809847484e-16       8.862304880058e-17      -3.164058430221e-18 
 2070       2.978433283908e-11       7.471935031518e-13      -1.575571623128e-12       5.758228570789e-15       2.849691630224e-16       8.822466519945e-17      -3.048538975487e-18 
 2071       2.973358514955e-11       7.435642034581e-13      -1.557191229609e-12       5.752153774405e-15       2.843588517821e-16       8.782285874400e-17      -2.934768639059e-18 
 2072       2.968184101172e-11       7.400250610622e-13      -1.538781307117e-12       5.746066869922e-15       2.837500473558e-16       8.741784359839e-17      -2.822657243017e-18 
 2073       2.962910868125e-11       7.365759299338e-13      -1.520347505200e-12       5.739967799897e-15       2.831427460365e-16       8.700983477750e-17      -2.712114245322e-18 
 2074       2.957539645326e-11       7.332166626793e-13      -1.501895495247e-12       5.733856506663e-15       2.825369440819e-16       8.659904814797e-17      -2.603048739370e-18 
 2075       2.952071266239e-11       7.299471105399e-13      -1.483430970514e-12       5.727732932332e-15       2.819326377142e-16       8.618570042920e-17      -2.495369453542e-18 
 2076       2.946506568285e-11       7.267671233896e-13      -1.464959646150e-12       5.721597018791e-15       2.813298231201e-16       8.577000919445e-17      -2.388984750764e-18 
 2077       2.940846392848e-11       7.236765497334e-13      -1.446487259225e-12       5.715448707702e-15       2.807284964507e-16       8.535219287182e-17      -2.283802628057e-18 
 2078       2.935091585278e-11       7.206752367050e-13      -1.428019568757e-12       5.709287940503e-15       2.801286538216e-16       8.493247074530e-17      -2.179730716091e-18 
 2079       2.929242994898e-11       7.177630300651e-13      -1.409562355734e-12       5.703114658408e-15       2.795302913129e-16       8.451106295581e-17      -2.076676278744e-18 
 2080       2.923301475007e-11       7.149397741992e-13      -1.391121423145e-12       5.696928802405e-15       2.789334049686e-16       8.408819050225e-17      -1.974546212649e-18 
 2081       2.917267882887e-11       7.122053121159e-13      -1.372702596003e-12       5.690730313256e-15       2.783379907975e-16       8.366407524248e-17      -1.873247046756e-18 
 2082       2.911143079809e-11       7.095594854447e-13      -1.354311721374e-12       5.684519131500e-15       2.777440447720e-16       8.323893989442e-17      -1.772684941880e-18 
 2083       2.904927931034e-11       7.070021344342e-13      -1.335954668402e-12       5.678295197448e-15       2.771515628291e-16       8.281300803704e-17      -1.672765690258e-18 
 2084       2.898623305821e-11       7.045330979499e-13      -1.317637328333e-12       5.672058451185e-15       2.765605408697e-16       8.238650411142e-17      -1.573394715103e-18 
 2085       2.892230077432e-11       7.021522134725e-13      -1.299365614547e-12       5.665808832569e-15       2.759709747587e-16       8.195965342176e-17      -1.474477070158e-18 
 2086       2.885749123136e-11       6.998593170957e-13      -1.281145462578e-12       5.659546281233e-15       2.753828603252e-16       8.153268213645e-17      -1.375917439249e-18 
 2087       2.879181324215e-11       6.976542435243e-13      -1.262982830144e-12       5.653270736580e-15       2.747961933619e-16       8.110581728906e-17      -1.277620135843e-18 
 2088       2.872527565968e-11       6.955368260722e-13      -1.244883697174e-12       5.646982137790e-15       2.742109696258e-16       8.067928677942e-17      -1.179489102596e-18 
 2089       2.865788737717e-11       6.935068966606e-13      -1.226854065829e-12       5.640680423810e-15       2.736271848372e-16       8.025331937460e-17      -1.081427910915e-18 
 2090       2.858965732812e-11       6.915642858157e-13      -1.208899960537e-12       5.634365533363e-15       2.730448346807e-16       7.982814471001e-17      -9.833397605049e-19 
 2091       2.852059448635e-11       6.897088226672e-13      -1.191027428011e-12       5.628037404942e-15       2.724639148043e-16       7.940399329038e-17      -8.851274789266e-19 
 2092       2.845070786607e-11       6.879403349457e-13      -1.173242537280e-12       5.621695976812e-15       2.718844208197e-16       7.898109649082e-17      -7.866935211507e-19 
 2093       2.838000652190e-11       6.862586489814e-13      -1.155551379712e-12       5.615341187009e-15       2.713063483023e-16       7.855968655786e-17      -6.879399691115e-19 
 2094       2.830849954896e-11       6.846635897015e-13      -1.137960069045e-12       5.608972973338e-15       2.707296927911e-16       7.813999661047e-17      -5.887685312611e-19 
 2095       2.823619608289e-11       6.831549806287e-13      -1.120474741409e-12       5.602591273378e-15       2.701544497884e-16       7.772226064108e-17      -4.890805421235e-19 
 2096       2.816310529989e-11       6.817326438789e-13      -1.103101555354e-12       5.596196024475e-15       2.695806147602e-16       7.730671351665e-17      -3.887769618491e-19 
 2097       2.808923641682e-11       6.803964001596e-13      -1.085846691877e-12       5.589787163748e-15       2.690081831357e-16       7.689359097969e-17      -2.877583757690e-19 
 2098       2.801459869122e-11       6.791460687674e-13      -1.068716354446e-12       5.583364628083e-15       2.684371503076e-16       7.648312964929e-17      -1.859249939487e-19 
 2099       2.793920142133e-11       6.779814675866e-13      -1.051716769030e-12       5.576928354135e-15       2.678675116318e-16       7.607556702216e-17      -8.317665074276e-20 
 2100       2.786305394620e-11       6.769024130869e-13      -1.034854184119e-12       5.570478278332e-15       2.672992624275e-16       7.567114147364e-17       2.058719565114e-20 
 2101       2.778616564570e-11       6.759087203212e-13      -1.018134870760e-12       5.564014336866e-15       2.667323979770e-16       7.527009225879e-17       1.254674636380e-19 
 2102       2.770854594060e-11       6.750002029242e-13      -1.001565122573e-12       5.557536465701e-15       2.661669135259e-16       7.487265951336e-17       2.315654486712e-19 
 2103       2.763020429257e-11       6.741766731101e-13      -9.851512557834e-13       5.551044600567e-15       2.656028042827e-16       7.447908425486e-17       3.389828236985e-19 
 2104       2.755115129741e-11       6.734377835437e-13      -9.688989734301e-13       5.544538720860e-15       2.650400657218e-16       7.408953278758e-17       4.477918978579e-19 
 2105       2.747140197266e-11       6.727825517559e-13      -9.528114531016e-13       5.538018981668e-15       2.644786944936e-16       7.370386934057e-17       5.579461655024e-19 
 2106       2.739097249297e-11       6.722098324157e-13      -9.368912459473e-13       5.531485582662e-15       2.639186875205e-16       7.332188184991e-17       6.693691357282e-19 
 2107       2.730987909908e-11       6.717184751502e-13      -9.211409112964e-13       5.524938724284e-15       2.633600416948e-16       7.294335741006e-17       7.819840172622e-19 
 2108       2.722813809792e-11       6.713073245385e-13      -9.055630166669e-13       5.518378607745e-15       2.628027538783e-16       7.256808227288e-17       8.957137181012e-19 
 2109       2.714576586271e-11       6.709752201053e-13      -8.901601377746e-13       5.511805435029e-15       2.622468209028e-16       7.219584184659e-17       1.010480845152e-18 
 2110       2.706277883302e-11       6.707209963146e-13      -8.749348585421e-13       5.505219408894e-15       2.616922395695e-16       7.182642069479e-17       1.126207703872e-18 
 2111       2.697919351484e-11       6.705434825638e-13      -8.598897711081e-13       5.498620732871e-15       2.611390066494e-16       7.145960253539e-17       1.242816297908e-18 
 2112       2.689502648069e-11       6.704415031769e-13      -8.450274758365e-13       5.492009611263e-15       2.605871188830e-16       7.109517023967e-17       1.360228328736e-18 
 2113       2.681029436968e-11       6.704138773989e-13      -8.303505813251e-13       5.485386249153e-15       2.600365729802e-16       7.073290583120e-17       1.478365195305e-18 
 2114       2.672501388760e-11       6.704594193887e-13      -8.158617044150e-13       5.478750852397e-15       2.594873656205e-16       7.037259048487e-17       1.597147993669e-18 
 2115       2.663920180698e-11       6.705769382136e-13      -8.015634701995e-13       5.472103627629e-15       2.589394934528e-16       7.001400452586e-17       1.716497516637e-18 
 2116       2.655287496721e-11       6.707652378428e-13      -7.874585120334e-13       5.465444782263e-15       2.583929530954e-16       6.965692742862e-17       1.836334253404e-18 
 2117       2.646605027456e-11       6.710231171410e-13      -7.735494715419e-13       5.458774524489e-15       2.578477411360e-16       6.930113781587e-17       1.956578389197e-18 
 2118       2.637874470232e-11       6.713493698621e-13      -7.598389986295e-13       5.452093063278e-15       2.573038541314e-16       6.894641345757e-17       2.077149804910e-18 
 2119       2.629097529086e-11       6.717427846434e-13      -7.463297514895e-13       5.445400608384e-15       2.567612886079e-16       6.859253126992e-17       2.197968076749e-18 
 2120       2.620275914768e-11       6.722021449986e-13      -7.330243966128e-13       5.438697370341e-15       2.562200410608e-16       6.823926731434e-17       2.318952475868e-18 
 2121       2.611411344754e-11       6.727262293124e-13      -7.199256087968e-13       5.431983560464e-15       2.556801079547e-16       6.788639679647e-17       2.440021968013e-18 
 2122       2.602505543250e-11       6.733138108335e-13      -7.070360711550e-13       5.425259390855e-15       2.551414857232e-16       6.753369406512e-17       2.561095213155e-18 
 2123       2.593560241202e-11       6.739636576688e-13      -6.943584751255e-13       5.418525074398e-15       2.546041707690e-16       6.718093261130e-17       2.682090565139e-18 
 2124       2.584577176303e-11       6.746745327768e-13      -6.818955204805e-13       5.411780824762e-15       2.540681594640e-16       6.682788506719e-17       2.802926071317e-18 
 2125       2.575558093003e-11       6.754451939618e-13      -6.696499153352e-13       5.405026856405e-15       2.535334481489e-16       6.647432320510e-17       2.923519472190e-18 
 2126       2.566504742515e-11       6.762743938671e-13      -6.576243761567e-13       5.398263384569e-15       2.530000331333e-16       6.612001793651e-17       3.043788201049e-18 
 2127       2.557418882822e-11       6.771608799692e-13      -6.458216277735e-13       5.391490625286e-15       2.524679106958e-16       6.576473931099e-17       3.163649383613e-18 
 2128       2.548302278688e-11       6.781033945712e-13      -6.342444033841e-13       5.384708795376e-15       2.519370770839e-16       6.540825651525e-17       3.283019837673e-18 
 2129       2.539156701665e-11       6.791006747969e-13      -6.228954445664e-13       5.377918112449e-15       2.514075285137e-16       6.505033787208e-17       3.401816072726e-18 
 2130       2.529983930099e-11       6.801514525842e-13      -6.117775012867e-13       5.371118794905e-15       2.508792611702e-16       6.469075083937e-17       3.519954289619e-18 
 2131       2.520785749142e-11       6.812544546789e-13      -6.008933319086e-13       5.364311061937e-15       2.503522712072e-16       6.432926200907e-17       3.637350380188e-18 
 2132       2.511563950755e-11       6.824084026287e-13      -5.902457032025e-13       5.357495133530e-15       2.498265547469e-16       6.396563710618e-17       3.753919926898e-18 
 2133       2.502320333720e-11       6.836120127766e-13      -5.798373903541e-13       5.350671230461e-15       2.493021078804e-16       6.359964098776e-17       3.869578202483e-18 
 2134       2.493056703647e-11       6.848639962549e-13      -5.696711769738e-13       5.343839574303e-15       2.487789266672e-16       6.323103764189e-17       3.984240169586e-18 
 2135       2.483774872980e-11       6.861630589788e-13      -5.597498551059e-13       5.337000387424e-15       2.482570071355e-16       6.285959018666e-17       4.097820480398e-18 
 2136       2.474476661009e-11       6.875079016402e-13      -5.500762252373e-13       5.330153892986e-15       2.477363452817e-16       6.248506086917e-17       4.210233476299e-18 
 2137       2.465163893873e-11       6.888972197015e-13      -5.406530963069e-13       5.323300314951e-15       2.472169370710e-16       6.210721106450e-17       4.321393187497e-18 
 2138       2.455838404573e-11       6.903297033891e-13      -5.314832857145e-13       5.316439878077e-15       2.466987784367e-16       6.172580127471e-17       4.431213332671e-18 
 2139       2.446502032976e-11       6.918040376875e-13      -5.225696193300e-13       5.309572807920e-15       2.461818652806e-16       6.134059112782e-17       4.539607318605e-18 
 2140       2.437156625825e-11       6.933189023326e-13      -5.139149315023e-13       5.302699330838e-15       2.456661934729e-16       6.095133937679e-17       4.646488239833e-18 
 2141       2.427804036748e-11       6.948729718060e-13      -5.055220650685e-13       5.295819673988e-15       2.451517588518e-16       6.055780389852e-17       4.751768878280e-18 
 2142       2.418446126263e-11       6.964649153283e-13      -4.973938713629e-13       5.288934065327e-15       2.446385572240e-16       6.015974169282e-17       4.855361702895e-18 
 2143       2.409084689226e-11       6.980933945815e-13      -4.895325431562e-13       5.282042744767e-15       2.441265846245e-16       5.975698081156e-17       4.957191691043e-18 
 2144       2.399721236604e-11       6.997570568722e-13      -4.819376084733e-13       5.275145997696e-15       2.436158380991e-16       5.934963668505e-17       5.057234889105e-18 
 2145       2.390357212229e-11       7.014545419090e-13      -4.746079230897e-13       5.268244121685e-15       2.431063149275e-16       5.893789727133e-17       5.155480114562e-18 
 2146       2.380994065226e-11       7.031844840640e-13      -4.675423363484e-13       5.261337415360e-15       2.425980123633e-16       5.852195126107e-17       5.251916158138e-18 
 2147       2.371633250024e-11       7.049455123659e-13      -4.607396911519e-13       5.254426178404e-15       2.420909276337e-16       5.810198807844e-17       5.346531783779e-18 
 2148       2.362276226358e-11       7.067362504940e-13      -4.541988239539e-13       5.247510711557e-15       2.415850579400e-16       5.767819788192e-17       5.439315728623e-18 
 2149       2.352924459279e-11       7.085553167718e-13      -4.479185647507e-13       5.240591316618e-15       2.410804004569e-16       5.725077156524e-17       5.530256702982e-18 
 2150       2.343579419158e-11       7.104013241605e-13      -4.418977370728e-13       5.233668296444e-15       2.405769523333e-16       5.681990075821e-17       5.619343390307e-18 
 2151       2.334242581690e-11       7.122728802532e-13      -4.361351579771e-13       5.226741954956e-15       2.400747106913e-16       5.638577782756e-17       5.706564447170e-18 
 2152       2.324915427905e-11       7.141685872678e-13      -4.306296380378e-13       5.219812597134e-15       2.395736726270e-16       5.594859587787e-17       5.791908503239e-18 
 2153       2.315599444171e-11       7.160870420415e-13      -4.253799813386e-13       5.212880529025e-15       2.390738352099e-16       5.550854875235e-17       5.875364161247e-18 
 2154       2.306296122199e-11       7.180268360240e-13      -4.203849854643e-13       5.205946057738e-15       2.385751954833e-16       5.506583103378e-17       5.956919996973e-18 
 2155       2.297006959054e-11       7.199865552711e-13      -4.156434414919e-13       5.199009491448e-15       2.380777504638e-16       5.462063804535e-17       6.036564559213e-18 
 2156       2.287733457154e-11       7.219647804389e-13      -4.111541339831e-13       5.192071139398e-15       2.375814971416e-16       5.417316585150e-17       6.114286369758e-18 
 2157       2.278477124283e-11       7.239600867767e-13      -4.069158409754e-13       5.185131311899e-15       2.370864324804e-16       5.372361125882e-17       6.190073923364e-18 
 2158       2.269239473593e-11       7.259710441216e-13      -4.029273339736e-13       5.178190320330e-15       2.365925534173e-16       5.327217181689e-17       6.263915687733e-18 
 2159       2.260022023612e-11       7.279962168914e-13      -3.991873779422e-13       5.171248477142e-15       2.360998568627e-16       5.281904581917e-17       6.335800103483e-18 
 2160       2.250826298247e-11       7.300341640788e-13      -3.956947312961e-13       5.164306095856e-15       2.356083397004e-16       5.236443230382e-17       6.405715584123e-18 
 2161       2.241653826795e-11       7.320834392446e-13      -3.924481458930e-13       5.157363491069e-15       2.351179987876e-16       5.190853105462e-17       6.473650516032e-18 
 2162       2.232506143946e-11       7.341425905120e-13      -3.894463670248e-13       5.150420978450e-15       2.346288309547e-16       5.145154260182e-17       6.539593258430e-18 
 2163       2.223384789789e-11       7.362101605598e-13      -3.866881334089e-13       5.143478874741e-15       2.341408330052e-16       5.099366822296e-17       6.603532143352e-18 
 2164       2.214291309819e-11       7.382846866161e-13      -3.841721771806e-13       5.136537497766e-15       2.336540017160e-16       5.053510994379e-17       6.665455475628e-18 
 2165       2.205227254942e-11       7.403647004522e-13      -3.818972238841e-13       5.129597166421e-15       2.331683338370e-16       5.007607053912e-17       6.725351532853e-18 
 2166       2.196194181485e-11       7.424487283763e-13      -3.798619924642e-13       5.122658200685e-15       2.326838260915e-16       4.961675353366e-17       6.783208565362e-18 
 2167       2.187193651196e-11       7.445352912270e-13      -3.780651952586e-13       5.115720921614e-15       2.322004751754e-16       4.915736320292e-17       6.839014796209e-18 
 2168       2.178227231255e-11       7.466229043669e-13      -3.765055379885e-13       5.108785651347e-15       2.317182777581e-16       4.869810457405e-17       6.892758421136e-18 
 2169       2.169296494277e-11       7.487100776767e-13      -3.751817197513e-13       5.101852713106e-15       2.312372304817e-16       4.823918342672e-17       6.944427608553e-18 
 2170       2.160403018320e-11       7.507953155485e-13      -3.740924330115e-13       5.094922431193e-15       2.307573299615e-16       4.778080629397e-17       6.994010499509e-18 
 2171       2.151548386891e-11       7.528771168794e-13      -3.732363635928e-13       5.087995131000e-15       2.302785727855e-16       4.732318046310e-17       7.041495207671e-18 
 2172       2.142734188953e-11       7.549539750658e-13      -3.726121906694e-13       5.081071139000e-15       2.298009555148e-16       4.686651397649e-17       7.086869819294e-18 
 2173       2.133962018926e-11       7.570243779964e-13      -3.722185867579e-13       5.074150782756e-15       2.293244746831e-16       4.641101563252e-17       7.130122393198e-18 
 2174       2.125233476700e-11       7.590868080461e-13      -3.720542177089e-13       5.067234390919e-15       2.288491267972e-16       4.595689498640e-17       7.171240960744e-18 
 2175       2.116550167638e-11       7.611397420698e-13      -3.721177426986e-13       5.060322293228e-15       2.283749083365e-16       4.550436235104e-17       7.210213525808e-18 
 2176       2.107913702580e-11       7.631816513962e-13      -3.724078142206e-13       5.053414820514e-15       2.279018157532e-16       4.505362879792e-17       7.247028064754e-18 
 2177       2.099325697853e-11       7.652110018210e-13      -3.729230780771e-13       5.046512304701e-15       2.274298454722e-16       4.460490615795e-17       7.281672526412e-18 
 2178       2.090787775276e-11       7.672262536011e-13      -3.736621733713e-13       5.039615078802e-15       2.269589938910e-16       4.415840702234e-17       7.314134832050e-18 
 2179       2.082301562163e-11       7.692258614479e-13      -3.746237324983e-13       5.032723476929e-15       2.264892573797e-16       4.371434474347e-17       7.344402875351e-18 
 2180       2.073868691334e-11       7.712082745212e-13      -3.758063811372e-13       5.025837834287e-15       2.260206322811e-16       4.327293343572e-17       7.372464522387e-18 
 2181       2.065490801118e-11       7.731719364229e-13      -3.772087382426e-13       5.018958487177e-15       2.255531149106e-16       4.283438797640e-17       7.398307611592e-18 
 2182       2.057169354376e-11       7.751154082301e-13      -3.788290672708e-13       5.012085753127e-15       2.250867017802e-16       4.239888398587e-17       7.421931530969e-18 
 2183       2.048905094238e-11       7.770377385098e-13      -3.806642273165e-13       5.005219871130e-15       2.246213902734e-16       4.196643747296e-17       7.443382034642e-18 
 2184       2.040698584729e-11       7.789380957742e-13      -3.827107149229e-13       4.998361061006e-15       2.241571779752e-16       4.153702438384e-17       7.462716659836e-18 
 2185       2.032550391417e-11       7.808156456630e-13      -3.849650121905e-13       4.991509543240e-15       2.236940624475e-16       4.111062054922e-17       7.479993171128e-18 
 2186       2.024461081421e-11       7.826695509406e-13      -3.874235867603e-13       4.984665538978e-15       2.232320412299e-16       4.068720168426e-17       7.495269560708e-18 
 2187       2.016431223410e-11       7.844989714929e-13      -3.900828917968e-13       4.977829270034e-15       2.227711118392e-16       4.026674338834e-17       7.508604048650e-18 
 2188       2.008461387601e-11       7.863030643235e-13      -3.929393659706e-13       4.971000958887e-15       2.223112717692e-16       3.984922114503e-17       7.520055083174e-18 
 2189       2.000552145768e-11       7.880809835511e-13      -3.959894334415e-13       4.964180828680e-15       2.218525184911e-16       3.943461032184e-17       7.529681340919e-18 
 2190       1.992704071235e-11       7.898318804060e-13      -3.992295038411e-13       4.957369103226e-15       2.213948494533e-16       3.902288617013e-17       7.537541727201e-18 
 2191       1.984917738885e-11       7.915549032269e-13      -4.026559722559e-13       4.950566007003e-15       2.209382620813e-16       3.861402382498e-17       7.543695376288e-18 
 2192       1.977193725157e-11       7.932491974578e-13      -4.062652192100e-13       4.943771765158e-15       2.204827537777e-16       3.820799830501e-17       7.548201651659e-18 
 2193       1.969532608048e-11       7.949139056445e-13      -4.100536106481e-13       4.936986603509e-15       2.200283219221e-16       3.780478451224e-17       7.551120146277e-18 
 2194       1.961934967118e-11       7.965481674318e-13      -4.140174979184e-13       4.930210748541e-15       2.195749638714e-16       3.740435723198e-17       7.552510682850e-18 
 2195       1.954401383487e-11       7.981511195600e-13      -4.181532177550e-13       4.923444427411e-15       2.191226769592e-16       3.700669113266e-17       7.552433314101e-18 
 2196       1.946932439839e-11       7.997218958616e-13      -4.224570922616e-13       4.916687867946e-15       2.186714584962e-16       3.661176076569e-17       7.550948323034e-18 
 2197       1.939528720424e-11       8.012596272584e-13      -4.269254288936e-13       4.909941298644e-15       2.182213057703e-16       3.621954056530e-17       7.548116223198e-18 
 2198       1.932190811057e-11       8.027634417580e-13      -4.315545204412e-13       4.903204948679e-15       2.177722160458e-16       3.583000484845e-17       7.543997758958e-18 
 2199       1.924919299123e-11       8.042324644508e-13      -4.363406450126e-13       4.896479047894e-15       2.173241865644e-16       3.544312781463e-17       7.538653905756e-18 
 2200       1.917714773576e-11       8.056658175065e-13      -4.412800660164e-13       4.889763826807e-15       2.168772145443e-16       3.505888354575e-17       7.532145870382e-18 
 2201       1.910577824942e-11       8.070626201711e-13      -4.463690321447e-13       4.883059516612e-15       2.164312971808e-16       3.467724600596e-17       7.524535091238e-18 
 2202       1.903509045318e-11       8.084219887638e-13      -4.516037773557e-13       4.876366349177e-15       2.159864316456e-16       3.429818904157e-17       7.515883238607e-18 
 2203       1.896509028377e-11       8.097430366735e-13      -4.569805208572e-13       4.869684557045e-15       2.155426150876e-16       3.392168638084e-17       7.506252214916e-18 
 2204       1.889578369369e-11       8.110248743555e-13      -4.624954670887e-13       4.863014373436e-15       2.150998446321e-16       3.354771163387e-17       7.495704155005e-18 
 2205       1.882717665119e-11       8.122666093288e-13      -4.681448057047e-13       4.856356032249e-15       2.146581173813e-16       3.317623829246e-17       7.484301426392e-18 
 2206       1.875927514033e-11       8.134673461725e-13      -4.739247115575e-13       4.849709768058e-15       2.142174304139e-16       3.280723972996e-17       7.472106629540e-18 
 2207       1.869208516097e-11       8.146261865223e-13      -4.798313446800e-13       4.843075816118e-15       2.137777807853e-16       3.244068920111e-17       7.459182598126e-18 
 2208       1.862561272880e-11       8.157422290682e-13      -4.858608502687e-13       4.836454412361e-15       2.133391655274e-16       3.207655984194e-17       7.445592399302e-18 
 2209       1.855986387534e-11       8.168145695502e-13      -4.920093586662e-13       4.829845793402e-15       2.129015816489e-16       3.171482466955e-17       7.431399333967e-18 
 2210       1.849484464795e-11       8.178423007558e-13      -4.982729853447e-13       4.823250196533e-15       2.124650261347e-16       3.135545658207e-17       7.416666937031e-18 
 2211       1.843056110990e-11       8.188245125167e-13      -5.046478308880e-13       4.816667859730e-15       2.120294959466e-16       3.099842835843e-17       7.401458977680e-18 
 2212       1.836701934029e-11       8.197602917051e-13      -5.111299809754e-13       4.810099021649e-15       2.115949880223e-16       3.064371265825e-17       7.385839459644e-18 
 2213       1.830422543417e-11       8.206487222312e-13      -5.177155063637e-13       4.803543921631e-15       2.111614992766e-16       3.029128202171e-17       7.369872621467e-18 
 2214       1.824218550247e-11       8.214888850394e-13      -5.244004628704e-13       4.797002799699e-15       2.107290266001e-16       2.994110886938e-17       7.353622936767e-18 
 2215       1.818090567207e-11       8.222798581053e-13      -5.311808913565e-13       4.790475896559e-15       2.102975668602e-16       2.959316550208e-17       7.337155114505e-18 
 2216       1.812039208579e-11       8.230207164327e-13      -5.380528177096e-13       4.783963453605e-15       2.098671169004e-16       2.924742410077e-17       7.320534099254e-18 
 2217       1.806065090241e-11       8.237105320499e-13      -5.450122528265e-13       4.777465712912e-15       2.094376735405e-16       2.890385672636e-17       7.303825071463e-18 
 2218       1.800168829670e-11       8.243483740068e-13      -5.520551925959e-13       4.770982917244e-15       2.090092335767e-16       2.856243531960e-17       7.287093447723e-18 
 2219       1.794351045940e-11       8.249333083718e-13      -5.591776178820e-13       4.764515310052e-15       2.085817937814e-16       2.822313170092e-17       7.270404881036e-18 
 2220       1.788612359728e-11       8.254643982282e-13      -5.663754945063e-13       4.758063135472e-15       2.081553509031e-16       2.788591757029e-17       7.253825261079e-18 
 2221       1.782953219505e-11       8.259408643670e-13      -5.736448575464e-13       4.751626605471e-15       2.077299018609e-16       2.755077424234e-17       7.237410726983e-18 
 2222       1.777373378864e-11       8.263625685280e-13      -5.809820648709e-13       4.745205801017e-15       2.073054443287e-16       2.721772192205e-17       7.221177633187e-18 
 2223       1.771872415751e-11       8.267295333376e-13      -5.883835452410e-13       4.738800770259e-15       2.068819761546e-16       2.688679062174e-17       7.205132386146e-18 
 2224       1.766449905954e-11       8.270417819029e-13      -5.958457141325e-13       4.732411561322e-15       2.064594951673e-16       2.655801044345e-17       7.189281413868e-18 
 2225       1.761105423109e-11       8.272993378121e-13      -6.033649737204e-13       4.726038222313e-15       2.060379991753e-16       2.623141157897e-17       7.173631165938e-18 
 2226       1.755838538685e-11       8.275022251356e-13      -6.109377128639e-13       4.719680801313e-15       2.056174859677e-16       2.590702431001e-17       7.158188113544e-18 
 2227       1.750648821993e-11       8.276504684264e-13      -6.185603070913e-13       4.713339346387e-15       2.051979533136e-16       2.558487900823e-17       7.142958749495e-18 
 2228       1.745535840176e-11       8.277440927210e-13      -6.262291185851e-13       4.707013905574e-15       2.047793989622e-16       2.526500613537e-17       7.127949588251e-18 
 2229       1.740499158207e-11       8.277831235399e-13      -6.339404961667e-13       4.700704526893e-15       2.043618206432e-16       2.494743624335e-17       7.113167165940e-18 
 2230       1.735538338891e-11       8.277675868884e-13      -6.416907752814e-13       4.694411258343e-15       2.039452160660e-16       2.463219997431e-17       7.098618040389e-18 
 2231       1.730652942857e-11       8.276975092574e-13      -6.494762779832e-13       4.688134147897e-15       2.035295829203e-16       2.431932806078e-17       7.084308791142e-18 
 2232       1.725842528558e-11       8.275729176237e-13      -6.572933129200e-13       4.681873243509e-15       2.031149188758e-16       2.400885132571e-17       7.070246019484e-18 
 2233       1.721106652268e-11       8.273938394513e-13      -6.651381753182e-13       4.675628593111e-15       2.027012215823e-16       2.370080068260e-17       7.056436348469e-18 
 2234       1.716444868078e-11       8.271603026913e-13      -6.730071469677e-13       4.669400244611e-15       2.022884886696e-16       2.339520713556e-17       7.042886422939e-18 
 2235       1.711856727896e-11       8.268723357835e-13      -6.808964962070e-13       4.663188245897e-15       2.018767177474e-16       2.309210177945e-17       7.029602909550e-18 
 2236       1.707341781442e-11       8.265299676563e-13      -6.888024779078e-13       4.656992644831e-15       2.014659064054e-16       2.279151579993e-17       7.016592496793e-18 
 2237       1.702899576247e-11       8.261332277277e-13      -6.967213334602e-13       4.650813489255e-15       2.010560522132e-16       2.249348047357e-17       7.003861895023e-18 
 2238       1.698529657648e-11       8.256821459061e-13      -7.046492907575e-13       4.644650826989e-15       2.006471527203e-16       2.219802716796e-17       6.991417836476e-18 
 2239       1.694231568788e-11       8.251767525910e-13      -7.125825641811e-13       4.638504705828e-15       2.002392054561e-16       2.190518734178e-17       6.979267075298e-18 
 2240       1.690004850611e-11       8.246170786734e-13      -7.205173545853e-13       4.632375173546e-15       1.998322079298e-16       2.161499254489e-17       6.967416387565e-18 
 2241       1.685849041861e-11       8.240031555366e-13      -7.284498492826e-13       4.626262277891e-15       1.994261576304e-16       2.132747441845e-17       6.955872571309e-18 
 2242       1.681763679078e-11       8.233350150572e-13      -7.363762220280e-13       4.620166066591e-15       1.990210520267e-16       2.104266469498e-17       6.944642446541e-18 
 2243       1.677748296598e-11       8.226126896053e-13      -7.442926330047e-13       4.614086587350e-15       1.986168885673e-16       2.076059519850e-17       6.933732855274e-18 
 2244       1.673802426547e-11       8.218362120457e-13      -7.521952288082e-13       4.608023887848e-15       1.982136646805e-16       2.048129784455e-17       6.923150661546e-18 
 2245       1.669925598839e-11       8.210056157379e-13      -7.600801424318e-13       4.601978015740e-15       1.978113777742e-16       2.020480464037e-17       6.912902751446e-18 
 2246       1.666117341175e-11       8.201209345377e-13      -7.679434932512e-13       4.595949018661e-15       1.974100252361e-16       1.993114768493e-17       6.902996033135e-18 
 2247       1.662377179040e-11       8.191822027970e-13      -7.757813870097e-13       4.589936944220e-15       1.970096044336e-16       1.966035916905e-17       6.893437436872e-18 
 2248       1.658704635699e-11       8.181894553652e-13      -7.835899158027e-13       4.583941840002e-15       1.966101127136e-16       1.939247137549e-17       6.884233915036e-18 
 2249       1.655099232195e-11       8.171427275894e-13      -7.913651580632e-13       4.577963753568e-15       1.962115474025e-16       1.912751667903e-17       6.875392442150e-18 
 2250       1.651560487345e-11       8.160420553153e-13      -7.991031785459e-13       4.572002732456e-15       1.958139058064e-16       1.886552754659e-17       6.866920014905e-18 
 2251       1.648087917742e-11       8.148874748879e-13      -8.068000283130e-13       4.566058824179e-15       1.954171852111e-16       1.860653653729e-17       6.858823652184e-18 
 2252       1.644681037745e-11       8.136790231521e-13      -8.144517447184e-13       4.560132076226e-15       1.950213828815e-16       1.835057630259e-17       6.851110395082e-18 
 2253       1.641339359485e-11       8.124167374533e-13      -8.220543513932e-13       4.554222536061e-15       1.946264960622e-16       1.809767958632e-17       6.843787306938e-18 
 2254       1.638062392853e-11       8.111006556387e-13      -8.296038582301e-13       4.548330251125e-15       1.942325219775e-16       1.784787922483e-17       6.836861473347e-18 
 2255       1.634849645504e-11       8.097308160569e-13      -8.370962613686e-13       4.542455268832e-15       1.938394578306e-16       1.760120814706e-17       6.830340002196e-18 
 2256       1.631700622854e-11       8.083072575597e-13      -8.445275431798e-13       4.536597636574e-15       1.934473008045e-16       1.735769937463e-17       6.824230023676e-18 
 2257       1.628614828073e-11       8.068300195019e-13      -8.518936722516e-13       4.530757401715e-15       1.930560480614e-16       1.711738602194e-17       6.818538690316e-18 
 2258       1.625591762086e-11       8.052991417428e-13      -8.591906033731e-13       4.524934611598e-15       1.926656967429e-16       1.688030129625e-17       6.813273176997e-18 
 2259       1.622630923569e-11       8.037146646462e-13      -8.664142775199e-13       4.519129313536e-15       1.922762439699e-16       1.664647849781e-17       6.808440680985e-18 
 2260       1.619731732319e-11       8.020767376295e-13      -8.735610056732e-13       4.513341528815e-15       1.918876870113e-16       1.641594275260e-17       6.804037057014e-18 
 2261       1.616893298823e-11       8.003859455778e-13      -8.806286230246e-13       4.507571174487e-15       1.915000237917e-16       1.618868615195e-17       6.800012642062e-18 
 2262       1.614114653189e-11       7.986429845458e-13      -8.876153422178e-13       4.501818141066e-15       1.911132523868e-16       1.596469245210e-17       6.796306209240e-18 
 2263       1.611394821639e-11       7.968485534044e-13      -8.945193701878e-13       4.496082318486e-15       1.907273708553e-16       1.574394532676e-17       6.792856312379e-18 
 2264       1.608732826496e-11       7.950033538446e-13      -9.013389081540e-13       4.490363596105e-15       1.903423772385e-16       1.552642836700e-17       6.789601285794e-18 
 2265       1.606127686189e-11       7.931080903803e-13      -9.080721516149e-13       4.484661862697e-15       1.899582695605e-16       1.531212508120e-17       6.786479244031e-18 
 2266       1.603578415241e-11       7.911634703518e-13      -9.147172903414e-13       4.478977006458e-15       1.895750458281e-16       1.510101889487e-17       6.783428081632e-18 
 2267       1.601084024272e-11       7.891702039286e-13      -9.212725083714e-13       4.473308915001e-15       1.891927040308e-16       1.489309315064e-17       6.780385472884e-18 
 2268       1.598643519985e-11       7.871290041132e-13      -9.277359840029e-13       4.467657475356e-15       1.888112421410e-16       1.468833110809e-17       6.777288871585e-18 
 2269       1.596255905170e-11       7.850405867441e-13      -9.341058897887e-13       4.462022573970e-15       1.884306581133e-16       1.448671594367e-17       6.774075510790e-18 
 2270       1.593920178695e-11       7.829056704989e-13      -9.403803925299e-13       4.456404096709e-15       1.880509498853e-16       1.428823075062e-17       6.770682402578e-18 
 2271       1.591635335505e-11       7.807249768976e-13      -9.465576532699e-13       4.450801928851e-15       1.876721153771e-16       1.409285853884e-17       6.767046337801e-18 
 2272       1.589400366612e-11       7.784992303061e-13      -9.526358272883e-13       4.445215955089e-15       1.872941524913e-16       1.390058223479e-17       6.763103885845e-18 
 2273       1.587214259096e-11       7.762291579391e-13      -9.586130640951e-13       4.439646059533e-15       1.869170591132e-16       1.371138468142e-17       6.758791394387e-18 
 2274       1.585075996097e-11       7.739154898635e-13      -9.644875074241e-13       4.434092125703e-15       1.865408331105e-16       1.352524863804e-17       6.754044989146e-18 
 2275       1.582984556815e-11       7.715589590016e-13      -9.702572952275e-13       4.428554036533e-15       1.861654723334e-16       1.334215678023e-17       6.748800573649e-18 
 2276       1.580938916498e-11       7.691603011343e-13      -9.759205596692e-13       4.423031674368e-15       1.857909746147e-16       1.316209169974e-17       6.742993828979e-18 
 2277       1.578938046445e-11       7.667202549045e-13      -9.814754271192e-13       4.417524920967e-15       1.854173377697e-16       1.298503590437e-17       6.736560213537e-18 
 2278       1.576980913998e-11       7.642395618203e-13      -9.869200181470e-13       4.412033657495e-15       1.850445595958e-16       1.281097181792e-17       6.729434962797e-18 
 2279       1.575066482537e-11       7.617189662578e-13      -9.922524475163e-13       4.406557764529e-15       1.846726378733e-16       1.263988178002e-17       6.721553089063e-18 
 2280       1.573193711479e-11       7.591592154652e-13      -9.974708241782e-13       4.401097122055e-15       1.843015703645e-16       1.247174804609e-17       6.712849381225e-18 
 2281       1.571361556267e-11       7.565610595651e-13      -1.002573251265e-12       4.395651609468e-15       1.839313548142e-16       1.230655278720e-17       6.703258404518e-18 
 2282       1.569568968373e-11       7.539252515585e-13      -1.007557826086e-12       4.390221105567e-15       1.835619889497e-16       1.214427808999e-17       6.692714500275e-18 
 2283       1.567814895290e-11       7.512525473276e-13      -1.012422640119e-12       4.384805488563e-15       1.831934704803e-16       1.198490595655e-17       6.681151785687e-18 
 2284       1.566098280526e-11       7.485437056391e-13      -1.017165779003e-12       4.379404636068e-15       1.828257970979e-16       1.182841830435e-17       6.668504153558e-18 
 2285       1.564418063601e-11       7.457994881476e-13      -1.021785322539e-12       4.374018425102e-15       1.824589664765e-16       1.167479696611e-17       6.654705272064e-18 
 2286       1.562773180045e-11       7.430206593986e-13      -1.026279344676e-12       4.368646732089e-15       1.820929762723e-16       1.152402368971e-17       6.639688584505e-18 
 2287       1.561162561390e-11       7.402079868321e-13      -1.030645913509e-12       4.363289432858e-15       1.817278241240e-16       1.137608013808e-17       6.623387309069e-18 
 2288       1.559585135165e-11       7.373622407855e-13      -1.034883091272e-12       4.357946402639e-15       1.813635076521e-16       1.123094788914e-17       6.605734438580e-18 
 2289       1.558039824897e-11       7.344841944968e-13      -1.038988934331e-12       4.352617516065e-15       1.810000244596e-16       1.108860843563e-17       6.586662740262e-18 
 2290       1.556525550100e-11       7.315746241082e-13      -1.042961493182e-12       4.347302647172e-15       1.806373721315e-16       1.094904318507e-17       6.566104755492e-18 
 2291       1.555041226274e-11       7.286343086690e-13      -1.046798812438e-12       4.342001669396e-15       1.802755482350e-16       1.081223345962e-17       6.543992799559e-18 
 2292       1.553585764900e-11       7.256640301392e-13      -1.050498930830e-12       4.336714455572e-15       1.799145503194e-16       1.067816049602e-17       6.520258961417e-18 
 2293       1.552158073435e-11       7.226645733921e-13      -1.054059881196e-12       4.331440877938e-15       1.795543759160e-16       1.054680544544e-17       6.494835103447e-18 
 2294       1.550757055310e-11       7.196367262183e-13      -1.057479690478e-12       4.326180808127e-15       1.791950225383e-16       1.041814937342e-17       6.467652861209e-18 
 2295       1.549381609921e-11       7.165812793285e-13      -1.060756379713e-12       4.320934117172e-15       1.788364876817e-16       1.029217325973e-17       6.438643643202e-18 
 2296       1.548030632627e-11       7.134990263567e-13      -1.063887964030e-12       4.315700675503e-15       1.784787688236e-16       1.016885799833e-17       6.407738630617e-18 
 2297       1.546703014748e-11       7.103907638638e-13      -1.066872452641e-12       4.310480352947e-15       1.781218634236e-16       1.004818439719e-17       6.374868777099e-18 
 2298       1.545397643555e-11       7.072572913402e-13      -1.069707848837e-12       4.305273018726e-15       1.777657689230e-16       9.930133178266e-18       6.339964808498e-18 
 2299       1.544113442216e-11       7.040994233927e-13      -1.072392574398e-12       4.300078533517e-15       1.774104828929e-16       9.814689783947e-18       6.302977506023e-18 
 2300       1.542849489906e-11       7.009180263804e-13      -1.074926745783e-12       4.294896725575e-15       1.770560034787e-16       9.701858830265e-18       6.263938697322e-18 
 2301       1.541604902451e-11       6.977139820180e-13      -1.077310906054e-12       4.289727414456e-15       1.767023289581e-16       9.591649745546e-18       6.222900653320e-18 
 2302       1.540378792446e-11       6.944881752180e-13      -1.079545601203e-12       4.284570418943e-15       1.763494575938e-16       9.484071972174e-18       6.179915840311e-18 
 2303       1.539170269258e-11       6.912414940940e-13      -1.081631380154e-12       4.279425557046e-15       1.759973876336e-16       9.379134966596e-18       6.135036920174e-18 
 2304       1.537978439016e-11       6.879748299641e-13      -1.083568794765e-12       4.274292645999e-15       1.756461173099e-16       9.276848199331e-18       6.088316750592e-18 
 2305       1.536802404608e-11       6.846890773546e-13      -1.085358399836e-12       4.269171502259e-15       1.752956448402e-16       9.177221154978e-18       6.039808385266e-18 
 2306       1.535641265684e-11       6.813851340036e-13      -1.087000753109e-12       4.264061941510e-15       1.749459684271e-16       9.080263332227e-18       5.989565074137e-18 
 2307       1.534494118643e-11       6.780639008643e-13      -1.088496415272e-12       4.258963778654e-15       1.745970862575e-16       8.985984243863e-18       5.937640263597e-18 
 2308       1.533360056636e-11       6.747262821084e-13      -1.089845949964e-12       4.253876827818e-15       1.742489965037e-16       8.894393416780e-18       5.884087596712e-18 
 2309       1.532238169560e-11       6.713731851301e-13      -1.091049923777e-12       4.248800902348e-15       1.739016973225e-16       8.805500391982e-18       5.828960913434e-18 
 2310       1.531127544057e-11       6.680055205491e-13      -1.092108906263e-12       4.243735814811e-15       1.735551868556e-16       8.719314724597e-18       5.772314250822e-18 
 2311       1.530027263504e-11       6.646242022145e-13      -1.093023469930e-12       4.238681376990e-15       1.732094632293e-16       8.635845983884e-18       5.714201843256e-18 
 2312       1.528936408018e-11       6.612301472081e-13      -1.093794190254e-12       4.233637399889e-15       1.728645245550e-16       8.555103753240e-18       5.654678122656e-18 
 2313       1.527854054447e-11       6.578242758478e-13      -1.094421645678e-12       4.228603693727e-15       1.725203689285e-16       8.477097630209e-18       5.593797718698e-18 
 2314       1.526779276366e-11       6.544075116916e-13      -1.094906417616e-12       4.223580067941e-15       1.721769944306e-16       8.401837226491e-18       5.531615459033e-18 
 2315       1.525711144077e-11       6.509807815406e-13      -1.095249090459e-12       4.218566331180e-15       1.718343991265e-16       8.329332167951e-18       5.468186369500e-18 
 2316       1.524648724602e-11       6.475450154427e-13      -1.095450251574e-12       4.213562291311e-15       1.714925810663e-16       8.259592094623e-18       5.403565674347e-18 
 2317       1.523591081682e-11       6.441011466962e-13      -1.095510491311e-12       4.208567755412e-15       1.711515382846e-16       8.192626660724e-18       5.337808796448e-18 
 2318       1.522537275773e-11       6.406501118531e-13      -1.095430403008e-12       4.203582529774e-15       1.708112688008e-16       8.128445534658e-18       5.270971357515e-18 
 2319       1.521486364041e-11       6.371928507231e-13      -1.095210582989e-12       4.198606419900e-15       1.704717706188e-16       8.067058399028e-18       5.203109178322e-18 
 2320       1.520437400358e-11       6.337303063764e-13      -1.094851630573e-12       4.193639230502e-15       1.701330417271e-16       8.008474950640e-18       5.134278278918e-18 
 2321       1.519389435302e-11       6.302634251478e-13      -1.094354148075e-12       4.188680765505e-15       1.697950800988e-16       7.952704900515e-18       5.064534878843e-18 
 2322       1.518341516149e-11       6.267931566399e-13      -1.093718740809e-12       4.183730828039e-15       1.694578836915e-16       7.899757973895e-18       4.993935397350e-18 
 2323       1.517292686874e-11       6.233204537268e-13      -1.092946017095e-12       4.178789220445e-15       1.691214504474e-16       7.849643910254e-18       4.922536453616e-18 
 2324       1.516241988142e-11       6.198462725574e-13      -1.092036588257e-12       4.173855744269e-15       1.687857782933e-16       7.802372463304e-18       4.850394866963e-18 
 2325       1.515188457310e-11       6.163715725592e-13      -1.090991068631e-12       4.168930200265e-15       1.684508651402e-16       7.757953401001e-18       4.777567657075e-18 
 2326       1.514131128420e-11       6.128973164417e-13      -1.089810075569e-12       4.164012388391e-15       1.681167088838e-16       7.716396505560e-18       4.704112044213e-18 
 2327       1.513069032196e-11       6.094244701996e-13      -1.088494229439e-12       4.159102107808e-15       1.677833074043e-16       7.677711573457e-18       4.630085449433e-18 
 2328       1.512001196040e-11       6.059540031169e-13      -1.087044153630e-12       4.154199156884e-15       1.674506585661e-16       7.641908415442e-18       4.555545494803e-18 
 2329       1.510926644032e-11       6.024868877700e-13      -1.085460474556e-12       4.149303333186e-15       1.671187602182e-16       7.608996856543e-18       4.480550003621e-18 
 2330       1.509844396920e-11       5.990241000313e-13      -1.083743821661e-12       4.144414433485e-15       1.667876101940e-16       7.578986736077e-18       4.405157000631e-18 
 2331       1.508753472121e-11       5.955666190727e-13      -1.081894827420e-12       4.139532253751e-15       1.664572063110e-16       7.551887907658e-18       4.329424712240e-18 
 2332       1.507652883720e-11       5.921154273692e-13      -1.079914127343e-12       4.134656589155e-15       1.661275463714e-16       7.527710239204e-18       4.253411566736e-18 
 2333       1.506541642457e-11       5.886715107025e-13      -1.077802359981e-12       4.129787234066e-15       1.657986281616e-16       7.506463612950e-18       4.177176194503e-18 
 2334       1.505418755734e-11       5.852358581641e-13      -1.075560166926e-12       4.124923982051e-15       1.654704494521e-16       7.488157925447e-18       4.100777428241e-18 
 2335       1.504283227605e-11       5.818094621593e-13      -1.073188192816e-12       4.120066625876e-15       1.651430079981e-16       7.472803087580e-18       4.024274303180e-18 
 2336       1.503134058774e-11       5.783933184106e-13      -1.070687085341e-12       4.115214957500e-15       1.648163015387e-16       7.460409024570e-18       3.947726057300e-18 
 2337       1.501970246593e-11       5.749884259608e-13      -1.068057495243e-12       4.110368768079e-15       1.644903277974e-16       7.450985675988e-18       3.871192131545e-18 
 2338       1.500790892644e-11       5.715957153321e-13      -1.065300308351e-12       4.105527858651e-15       1.641650846101e-16       7.444535613928e-18       3.794728977210e-18 
 2339       1.499595526249e-11       5.682158325017e-13      -1.062417343274e-12       4.100692072265e-15       1.638405703106e-16       7.441031847020e-18       3.718380455798e-18 
 2340       1.498383782979e-11       5.648493535801e-13      -1.059410658081e-12       4.095861262052e-15       1.635167833474e-16       7.440439877444e-18       3.642187379478e-18 
 2341       1.497155297252e-11       5.614968565353e-13      -1.056282318683e-12       4.091035280554e-15       1.631937221559e-16       7.442725069979e-18       3.566190698603e-18 
 2342       1.495909702326e-11       5.581589211948e-13      -1.053034398837e-12       4.086213979722e-15       1.628713851580e-16       7.447852651853e-18       3.490431501859e-18 
 2343       1.494646630304e-11       5.548361292472e-13      -1.049668980154e-12       4.081397210919e-15       1.625497707628e-16       7.455787712589e-18       3.414951016413e-18 
 2344       1.493365712129e-11       5.515290642448e-13      -1.046188152112e-12       4.076584824918e-15       1.622288773658e-16       7.466495203848e-18       3.339790608056e-18 
 2345       1.492066577583e-11       5.482383116047e-13      -1.042594012061e-12       4.071776671898e-15       1.619087033494e-16       7.479939939279e-18       3.264991781356e-18 
 2346       1.490748855289e-11       5.449644586114e-13      -1.038888665233e-12       4.066972601448e-15       1.615892470828e-16       7.496086594365e-18       3.190596179797e-18 
 2347       1.489412172703e-11       5.417080944185e-13      -1.035074224749e-12       4.062172462564e-15       1.612705069215e-16       7.514899706266e-18       3.116645585935e-18 
 2348       1.488056156122e-11       5.384698100505e-13      -1.031152811632e-12       4.057376103648e-15       1.609524812082e-16       7.536343673670e-18       3.043181921538e-18 
 2349       1.486680430674e-11       5.352501984052e-13      -1.027126554809e-12       4.052583372510e-15       1.606351682719e-16       7.560382756635e-18       2.970247247736e-18 
 2350       1.485284620322e-11       5.320498542548e-13      -1.022997591127e-12       4.047794116362e-15       1.603185664284e-16       7.586981076440e-18       2.897883765167e-18 
 2351       1.483868347862e-11       5.288693742490e-13      -1.018768065355e-12       4.043008181824e-15       1.600026739801e-16       7.616102615424e-18       2.826133814127e-18 
 2352       1.482431234922e-11       5.257093569157e-13      -1.014440130197e-12       4.038225414918e-15       1.596874892159e-16       7.647711216843e-18       2.755039874710e-18 
 2353       1.480972901958e-11       5.225704026639e-13      -1.010015946299e-12       4.033445661070e-15       1.593730104115e-16       7.681770584705e-18       2.684644566965e-18 
 2354       1.479492968256e-11       5.194531137853e-13      -1.005497682259e-12       4.028668765109e-15       1.590592358289e-16       7.718244283625e-18       2.614990651032e-18 
 2355       1.477991051930e-11       5.163580944559e-13      -1.000887514632e-12       4.023894571264e-15       1.587461637170e-16       7.757095738666e-18       2.546121027298e-18 
 2356       1.476466769920e-11       5.132859507386e-13      -9.961876279445e-13       4.019122923169e-15       1.584337923109e-16       7.798288235188e-18       2.478078736540e-18 
 2357       1.474919737990e-11       5.102372905846e-13      -9.914002146972e-13       4.014353663855e-15       1.581221198325e-16       7.841784918695e-18       2.410906960070e-18 
 2358       1.473349570732e-11       5.072127238355e-13      -9.865274753778e-13       4.009586635755e-15       1.578111444899e-16       7.887548794676e-18       2.344649019888e-18 
 2359       1.471755881556e-11       5.042128622255e-13      -9.815716184677e-13       4.004821680701e-15       1.575008644781e-16       7.935542728461e-18       2.279348378823e-18 
 2360       1.470138282696e-11       5.012383193828e-13      -9.765348604513e-13       4.000058639922e-15       1.571912779781e-16       7.985729445055e-18       2.215048640682e-18 
 2361       1.468496385207e-11       4.982897108320e-13      -9.714194258245e-13       3.995297354049e-15       1.568823831577e-16       8.038071528997e-18       2.151793550399e-18 
 2362       1.466829798963e-11       4.953676539959e-13      -9.662275471032e-13       3.990537663105e-15       1.565741781710e-16       8.092531424196e-18       2.089626994180e-18 
 2363       1.465138132654e-11       4.924727681975e-13      -9.609614648323e-13       3.985779406514e-15       1.562666611586e-16       8.149071433784e-18       2.028592999650e-18 
 2364       1.463420993790e-11       4.896056746616e-13      -9.556234275940e-13       3.981022423094e-15       1.559598302473e-16       8.207653719958e-18       1.968735735999e-18 
 2365       1.461677988693e-11       4.867669965173e-13      -9.502156920167e-13       3.976266551058e-15       1.556536835504e-16       8.268240303829e-18       1.910099514132e-18 
 2366       1.459908722504e-11       4.839573587994e-13      -9.447405227835e-13       3.971511628015e-15       1.553482191677e-16       8.330793065269e-18       1.852728786815e-18 
 2367       1.458112799173e-11       4.811773884508e-13      -9.392001926410e-13       3.966757490965e-15       1.550434351852e-16       8.395273742754e-18       1.796668148819e-18 
 2368       1.456289821463e-11       4.784277143240e-13      -9.335969824077e-13       3.962003976306e-15       1.547393296752e-16       8.461643933212e-18       1.741962337070e-18 
 2369       1.454439390950e-11       4.757089671833e-13      -9.279331809830e-13       3.957250919825e-15       1.544359006964e-16       8.529865091872e-18       1.688656230797e-18 
 2370       1.452561108017e-11       4.730217797068e-13      -9.222110853554e-13       3.952498156701e-15       1.541331462937e-16       8.599898532104e-18       1.636794851674e-18 
 2371       1.450654571857e-11       4.703667864882e-13      -9.164330006118e-13       3.947745521506e-15       1.538310644983e-16       8.671705425272e-18       1.586423363974e-18 
 2372       1.448719380469e-11       4.677446240387e-13      -9.106012399454e-13       3.942992848202e-15       1.535296533278e-16       8.745246800576e-18       1.537587074710e-18 
 2373       1.446755130659e-11       4.651559307890e-13      -9.047181246649e-13       3.938239970140e-15       1.532289107858e-16       8.820483544903e-18       1.490331433783e-18 
 2374       1.444761418037e-11       4.626013470914e-13      -8.987859842030e-13       3.933486720060e-15       1.529288348624e-16       8.897376402665e-18       1.444702034132e-18 
 2375       1.442737837017e-11       4.600815152214e-13      -8.928071561249e-13       3.928732930094e-15       1.526294235336e-16       8.975885975654e-18       1.400744611880e-18 
 2376       1.440683980815e-11       4.575970793799e-13      -8.867839861371e-13       3.923978431757e-15       1.523306747619e-16       9.055972722885e-18       1.358505046479e-18 
 2377       1.438599542940e-11       4.551485834973e-13      -8.807187922858e-13       3.919223077272e-15       1.520325866134e-16       9.137603378886e-18       1.318008321784e-18 
 2378       1.436484622343e-11       4.527361639534e-13      -8.746137572932e-13       3.914466803663e-15       1.517351576120e-16       9.220770252099e-18       1.279195267370e-18 
 2379       1.434339420146e-11       4.503598549688e-13      -8.684710355753e-13       3.909709569050e-15       1.514383863878e-16       9.305472045040e-18       1.241985427858e-18 
 2380       1.432164138321e-11       4.480196906303e-13      -8.622927889998e-13       3.904951331371e-15       1.511422715591e-16       9.391707446641e-18       1.206298066312e-18 
 2381       1.429958979691e-11       4.457157048909e-13      -8.560811868938e-13       3.900192048381e-15       1.508468117329e-16       9.479475132222e-18       1.172052163933e-18 
 2382       1.427724147929e-11       4.434479315691e-13      -8.498384060521e-13       3.895431677648e-15       1.505520055046e-16       9.568773763480e-18       1.139166419765e-18 
 2383       1.425459847562e-11       4.412164043494e-13      -8.435666307446e-13       3.890670176558e-15       1.502578514580e-16       9.659601988470e-18       1.107559250392e-18 
 2384       1.423166283973e-11       4.390211567815e-13      -8.372680527247e-13       3.885907502312e-15       1.499643481654e-16       9.751958441587e-18       1.077148789639e-18 
 2385       1.420843663396e-11       4.368622222802e-13      -8.309448712367e-13       3.881143611927e-15       1.496714941876e-16       9.845841743548e-18       1.047852888271e-18 
 2386       1.418492192923e-11       4.347396341253e-13      -8.245992930241e-13       3.876378462233e-15       1.493792880736e-16       9.941250501376e-18       1.019589113699e-18 
 2387       1.416112080502e-11       4.326534254614e-13      -8.182335323371e-13       3.871612009876e-15       1.490877283610e-16       1.003818330838e-17       9.922747496714e-19 
 2388       1.413703534939e-11       4.306036292973e-13      -8.118498109411e-13       3.866844211316e-15       1.487968135757e-16       1.013663874415e-17       9.658267959825e-19 
 2389       1.411266765898e-11       4.285902785062e-13      -8.054503581237e-13       3.862075022830e-15       1.485065422318e-16       1.023661537451e-17       9.401619681681e-19 
 2390       1.408801983903e-11       4.266134058252e-13      -7.990374107036e-13       3.857304400505e-15       1.482169128321e-16       1.033811175153e-17       9.151966972073e-19 
 2391       1.406309400338e-11       4.246730438553e-13      -7.926132130375e-13       3.852532300245e-15       1.479279238674e-16       1.044112641352e-17       8.908471292229e-19 
 2392       1.403789227449e-11       4.227692250609e-13      -7.861800170287e-13       3.847758677766e-15       1.476395738170e-16       1.054565788494e-17       8.670291251815e-19 
 2393       1.401241678343e-11       4.209019817698e-13      -7.797400821350e-13       3.842983488599e-15       1.473518611485e-16       1.065170467648e-17       8.436582605940e-19 
 2394       1.398666966993e-11       4.190713461727e-13      -7.732956753759e-13       3.838206688087e-15       1.470647843177e-16       1.075926528498e-17       8.206498252158e-19 
 2395       1.396065308234e-11       4.172773503233e-13      -7.668490713412e-13       3.833428231387e-15       1.467783417686e-16       1.086833819343e-17       7.979188227471e-19 
 2396       1.393436917766e-11       4.155200261379e-13      -7.604025521987e-13       3.828648073468e-15       1.464925319338e-16       1.097892187094e-17       7.753799705334e-19 
 2397       1.390782012156e-11       4.137994053952e-13      -7.539584077018e-13       3.823866169113e-15       1.462073532337e-16       1.109101477274e-17       7.529476992659e-19 
 2398       1.388100808839e-11       4.121155197359e-13      -7.475189351979e-13       3.819082472915e-15       1.459228040773e-16       1.120461534018e-17       7.305361526815e-19 
 2399       1.385393526116e-11       4.104684006626e-13      -7.410864396359e-13       3.814296939281e-15       1.456388828616e-16       1.131972200066e-17       7.080591872633e-19 
 2400       1.382660383158e-11       4.088580795399e-13      -7.346632335740e-13       3.809509522430e-15       1.453555879719e-16       1.143633316764e-17       6.854303719412e-19 
 2401       1.379901600007e-11       4.072845875935e-13      -7.282516371880e-13       3.804720176393e-15       1.450729177815e-16       1.155444724064e-17       6.625629877919e-19 
 2402       1.377117397575e-11       4.057479559105e-13      -7.218539782791e-13       3.799928855011e-15       1.447908706521e-16       1.167406260521e-17       6.393700277392e-19 
 2403       1.374307997644e-11       4.042482154389e-13      -7.154725922815e-13       3.795135511938e-15       1.445094449335e-16       1.179517763290e-17       6.157641962547e-19 
 2404       1.371473622872e-11       4.027853969876e-13      -7.091098222704e-13       3.790340100637e-15       1.442286389635e-16       1.191779068124e-17       5.916579090578e-19 
 2405       1.368614496789e-11       4.013595312259e-13      -7.027680189701e-13       3.785542574385e-15       1.439484510682e-16       1.204190009377e-17       5.669632928163e-19 
 2406       1.365730843799e-11       3.999706486833e-13      -6.964495407618e-13       3.780742886266e-15       1.436688795616e-16       1.216750419994e-17       5.415921848463e-19 
 2407       1.362822889185e-11       3.986187797496e-13      -6.901567536913e-13       3.775940989178e-15       1.433899227461e-16       1.229460131518e-17       5.154561328132e-19 
 2408       1.359890859102e-11       3.973039546744e-13      -6.838920314772e-13       3.771136835827e-15       1.431115789119e-16       1.242318974082e-17       4.884663944314e-19 
 2409       1.356934980585e-11       3.960262035668e-13      -6.776577555183e-13       3.766330378729e-15       1.428338463373e-16       1.255326776410e-17       4.605339371651e-19 
 2410       1.353955481549e-11       3.947855563952e-13      -6.714563149023e-13       3.761521570211e-15       1.425567232887e-16       1.268483365816e-17       4.315694379282e-19 
 2411       1.350952590785e-11       3.935820429873e-13      -6.652901064127e-13       3.756710362410e-15       1.422802080207e-16       1.281788568199e-17       4.014832827852e-19 
 2412       1.347926537966e-11       3.924156930297e-13      -6.591615345376e-13       3.751896707269e-15       1.420042987756e-16       1.295242208045e-17       3.701855666508e-19 
 2413       1.344877553648e-11       3.912865360677e-13      -6.530730114771e-13       3.747080556544e-15       1.417289937839e-16       1.308844108422e-17       3.375860929911e-19 
 2414       1.341805869266e-11       3.901946015048e-13      -6.470269571511e-13       3.742261861799e-15       1.414542912640e-16       1.322594090981e-17       3.035943735232e-19 
 2415       1.338711717142e-11       3.891399186031e-13      -6.410257992075e-13       3.737440574404e-15       1.411801894224e-16       1.336491975952e-17       2.681196279160e-19 
 2416       1.335595375201e-11       3.881224430523e-13      -6.350717395669e-13       3.732616664841e-15       1.409066865383e-16       1.350536787366e-17       2.310957879083e-19 
 2417       1.332457301448e-11       3.871418361933e-13      -6.291660524948e-13       3.727790180724e-15       1.406337812189e-16       1.364724363455e-17       1.925566758563e-19 
 2418       1.329298000310e-11       3.861976844566e-13      -6.233097822910e-13       3.722961189127e-15       1.403614721458e-16       1.379049731766e-17       1.525612811964e-19 
 2419       1.326117977990e-11       3.852895726688e-13      -6.175039763700e-13       3.718129757317e-15       1.400897579902e-16       1.393507902605e-17       1.111687976142e-19 
 2420       1.322917742471e-11       3.844170840511e-13      -6.117496852634e-13       3.713295952750e-15       1.398186374128e-16       1.408093869021e-17       6.843862325814e-20 
 2421       1.319697803517e-11       3.835798002177e-13      -6.060479626238e-13       3.708459843078e-15       1.395481090640e-16       1.422802606786e-17       2.443036095385e-20 
 2422       1.316458672675e-11       3.827773011738e-13      -6.003998652270e-13       3.703621496143e-15       1.392781715836e-16       1.437629074377e-17      -2.079618158157e-20 
 2423       1.313200863273e-11       3.820091653138e-13      -5.948064529758e-13       3.698780979979e-15       1.390088236012e-16       1.452568212961e-17      -6.718099152550e-20 
 2424       1.309924890430e-11       3.812749694198e-13      -5.892687889030e-13       3.693938362814e-15       1.387400637356e-16       1.467614946373e-17      -1.146638507356e-19 
 2425       1.306631271048e-11       3.805742886598e-13      -5.837879391741e-13       3.689093713070e-15       1.384718905955e-16       1.482764181100e-17      -1.631843355355e-19 
 2426       1.303320523824e-11       3.799066965860e-13      -5.783649730906e-13       3.684247099359e-15       1.382043027787e-16       1.498010806260e-17      -2.126818165010e-19 
 2427       1.299993169242e-11       3.792717651327e-13      -5.730009630934e-13       3.679398590489e-15       1.379372988728e-16       1.513349693590e-17      -2.630954582455e-19 
 2428       1.296649729584e-11       3.786690646152e-13      -5.676969847654e-13       3.674548255460e-15       1.376708774548e-16       1.528775697423e-17      -3.143642192058e-19 
 2429       1.293290728925e-11       3.780981637275e-13      -5.624541168349e-13       3.669696163466e-15       1.374050370911e-16       1.544283654669e-17      -3.664268514285e-19 
 2430       1.289916693138e-11       3.775586295407e-13      -5.572734411786e-13       3.664842383895e-15       1.371397763376e-16       1.559868384802e-17      -4.192219003551e-19 
 2431       1.286528149895e-11       3.770500275015e-13      -5.521560428247e-13       3.659986986329e-15       1.368750937397e-16       1.575524689839e-17      -4.726877046084e-19 
 2432       1.283125628670e-11       3.765719214302e-13      -5.471030099561e-13       3.655130040543e-15       1.366109878322e-16       1.591247354318e-17      -5.267623957778e-19 
 2433       1.279709660740e-11       3.761238735190e-13      -5.421154339131e-13       3.650271616508e-15       1.363474571392e-16       1.607031145290e-17      -5.813838982056e-19 
 2434       1.276280779185e-11       3.757054443303e-13      -5.371944091972e-13       3.645411784388e-15       1.360845001743e-16       1.622870812289e-17      -6.364899287727e-19 
 2435       1.272839518895e-11       3.753161927952e-13      -5.323410334735e-13       3.640550614543e-15       1.358221154405e-16       1.638761087324e-17      -6.920179966843e-19 
 2436       1.269386416565e-11       3.749556762112e-13      -5.275564075741e-13       3.635688177527e-15       1.355603014302e-16       1.654696684855e-17      -7.479054032556e-19 
 2437       1.265922010704e-11       3.746234502410e-13      -5.228416355013e-13       3.630824544089e-15       1.352990566250e-16       1.670672301775e-17      -8.040892416982e-19 
 2438       1.262446841631e-11       3.743190689103e-13      -5.181978244304e-13       3.625959785174e-15       1.350383794961e-16       1.686682617396e-17      -8.605063969052e-19 
 2439       1.258961451480e-11       3.740420846067e-13      -5.136260847131e-13       3.621093971923e-15       1.347782685038e-16       1.702722293428e-17      -9.170935452375e-19 
 2440       1.255466384201e-11       3.737920480772e-13      -5.091275298803e-13       3.616227175669e-15       1.345187220979e-16       1.718785973960e-17      -9.737871543097e-19 
 2441       1.251962185562e-11       3.735685084269e-13      -5.047032766455e-13       3.611359467946e-15       1.342597387173e-16       1.734868285446e-17      -1.030523482775e-18 
 2442       1.248449403152e-11       3.733710131173e-13      -5.003544449077e-13       3.606490920479e-15       1.340013167905e-16       1.750963836680e-17      -1.087238580113e-18 
 2443       1.244928586379e-11       3.731991079645e-13      -4.960821577544e-13       3.601621605192e-15       1.337434547349e-16       1.767067218786e-17      -1.143868286414e-18 
 2444       1.241400286478e-11       3.730523371370e-13      -4.918875414650e-13       3.596751594204e-15       1.334861509575e-16       1.783173005194e-17      -1.200348232163e-18 
 2445       1.237865056506e-11       3.729302431549e-13      -4.877717255136e-13       3.591880959833e-15       1.332294038544e-16       1.799275751625e-17      -1.256613838031e-18 
 2446       1.234323451350e-11       3.728323668873e-13      -4.837358425723e-13       3.587009774590e-15       1.329732118110e-16       1.815369996071e-17      -1.312600314655e-18 
 2447       1.230776027725e-11       3.727582475509e-13      -4.797810285141e-13       3.582138111185e-15       1.327175732019e-16       1.831450258780e-17      -1.368242662427e-18 
 2448       1.227223344178e-11       3.727074227084e-13      -4.759084224162e-13       3.577266042524e-15       1.324624863909e-16       1.847511042233e-17      -1.423475671279e-18 
 2449       1.223665961087e-11       3.726794282663e-13      -4.721191665629e-13       3.572393641712e-15       1.322079497310e-16       1.863546831129e-17      -1.478233920470e-18 
 2450       1.220104440666e-11       3.726737984739e-13      -4.684144064488e-13       3.567520982049e-15       1.319539615644e-16       1.879552092370e-17      -1.532451778370e-18 
 2451       1.216539346967e-11       3.726900659207e-13      -4.647952907821e-13       3.562648137034e-15       1.317005202225e-16       1.895521275035e-17      -1.586063402246e-18 
 2452       1.212971245879e-11       3.727277615353e-13      -4.612629714871e-13       3.557775180363e-15       1.314476240258e-16       1.911448810369e-17      -1.639002738048e-18 
 2453       1.209400705130e-11       3.727864145835e-13      -4.578186037080e-13       3.552902185931e-15       1.311952712841e-16       1.927329111762e-17      -1.691203520198e-18 
 2454       1.205828294294e-11       3.728655526663e-13      -4.544633458114e-13       3.548029227829e-15       1.309434602961e-16       1.943156574732e-17      -1.742599271370e-18 
 2455       1.202254570430e-11       3.729646924817e-13      -4.511981365609e-13       3.543156387211e-15       1.306921894973e-16       1.958926342948e-17      -1.793131923372e-18 
 2456       1.198680034932e-11       3.730833120517e-13      -4.480230251810e-13       3.538283772916e-15       1.304414579028e-16       1.974636611335e-17      -1.842777736388e-18 
 2457       1.195105176427e-11       3.732208783261e-13      -4.449378373036e-13       3.533411500972e-15       1.301912646671e-16       1.990286336673e-17      -1.891521533896e-18 
 2458       1.191530485110e-11       3.733768564023e-13      -4.419423974325e-13       3.528539687734e-15       1.299416089365e-16       2.005874472794e-17      -1.939348095572e-18 
 2459       1.187956452749e-11       3.735507095233e-13      -4.390365289424e-13       3.523668449895e-15       1.296924898494e-16       2.021399970580e-17      -1.986242157245e-18 
 2460       1.184383572682e-11       3.737418990758e-13      -4.362200540774e-13       3.518797904480e-15       1.294439065360e-16       2.036861777964e-17      -2.032188410859e-18 
 2461       1.180812339821e-11       3.739498845884e-13      -4.334927939497e-13       3.513928168848e-15       1.291958581186e-16       2.052258839923e-17      -2.077171504427e-18 
 2462       1.177243250653e-11       3.741741237296e-13      -4.308545685381e-13       3.509059360693e-15       1.289483437112e-16       2.067590098477e-17      -2.121176041987e-18 
 2463       1.173676803240e-11       3.744140723058e-13      -4.283051966869e-13       3.504191598042e-15       1.287013624199e-16       2.082854492686e-17      -2.164186583565e-18 
 2464       1.170113497225e-11       3.746691842595e-13      -4.258444961044e-13       3.499324999260e-15       1.284549133427e-16       2.098050958647e-17      -2.206187645128e-18 
 2465       1.166553833829e-11       3.749389116673e-13      -4.234722833616e-13       3.494459683045e-15       1.282089955695e-16       2.113178429491e-17      -2.247163698541e-18 
 2466       1.162998315855e-11       3.752227047379e-13      -4.211883738909e-13       3.489595768432e-15       1.279636081820e-16       2.128235835380e-17      -2.287099171527e-18 
 2467       1.159447447688e-11       3.755200118104e-13      -4.189925819846e-13       3.484733374790e-15       1.277187502538e-16       2.143222103506e-17      -2.325978447624e-18 
 2468       1.155901735297e-11       3.758302793522e-13      -4.168847207939e-13       3.479872621827e-15       1.274744208504e-16       2.158136158086e-17      -2.363785866139e-18 
 2469       1.152361686241e-11       3.761529519572e-13      -4.148646023272e-13       3.475013629586e-15       1.272306190292e-16       2.172976920359e-17      -2.400505722112e-18 
 2470       1.148827809661e-11       3.764874723436e-13      -4.129320374489e-13       3.470156518447e-15       1.269873438393e-16       2.187743308585e-17      -2.436122266267e-18 
 2471       1.145300616292e-11       3.768332813524e-13      -4.110868358780e-13       3.465301409127e-15       1.267445943218e-16       2.202434238042e-17      -2.470619704970e-18 
 2472       1.141780618458e-11       3.771898179450e-13      -4.093288061870e-13       3.460448422681e-15       1.265023695095e-16       2.217048621019e-17      -2.503982200194e-18 
 2473       1.138268330074e-11       3.775565192019e-13      -4.076577558001e-13       3.455597680502e-15       1.262606684271e-16       2.231585366822e-17      -2.536193869464e-18 
 2474       1.134764266651e-11       3.779328203201e-13      -4.060734909925e-13       3.450749304322e-15       1.260194900911e-16       2.246043381760e-17      -2.567238785827e-18 
 2475       1.131268945295e-11       3.783181546115e-13      -4.045758168883e-13       3.445903416210e-15       1.257788335096e-16       2.260421569153e-17      -2.597100977799e-18 
 2476       1.127782884710e-11       3.787119535010e-13      -4.031645374599e-13       3.441060138573e-15       1.255386976829e-16       2.274718829321e-17      -2.625764429330e-18 
 2477       1.124306605196e-11       3.791136465247e-13      -4.018394555260e-13       3.436219594160e-15       1.252990816026e-16       2.288934059585e-17      -2.653213079756e-18 
 2478       1.120840628657e-11       3.795226613275e-13      -4.006003727508e-13       3.431381906057e-15       1.250599842523e-16       2.303066154263e-17      -2.679430823761e-18 
 2479       1.117385478596e-11       3.799384236618e-13      -3.994470896423e-13       3.426547197691e-15       1.248214046075e-16       2.317114004670e-17      -2.704401511330e-18 
 2480       1.113941680122e-11       3.803603573850e-13      -3.983794055512e-13       3.421715592829e-15       1.245833416351e-16       2.331076499109e-17      -2.728108947710e-18 
 2481       1.110509759946e-11       3.807878844579e-13      -3.973971186694e-13       3.416887215578e-15       1.243457942939e-16       2.344952522875e-17      -2.750536893366e-18 
 2482       1.107090246388e-11       3.812204249429e-13      -3.965000260286e-13       3.412062190385e-15       1.241087615346e-16       2.358740958248e-17      -2.771669063936e-18 
 2483       1.103683669376e-11       3.816573970016e-13      -3.956879234992e-13       3.407240642040e-15       1.238722422992e-16       2.372440684491e-17      -2.791489130194e-18 
 2484       1.100290560447e-11       3.820982168933e-13      -3.949606057887e-13       3.402422695672e-15       1.236362355219e-16       2.386050577849e-17      -2.809980718003e-18 
 2485       1.096911452750e-11       3.825422989731e-13      -3.943178664407e-13       3.397608476754e-15       1.234007401281e-16       2.399569511542e-17      -2.827127408272e-18 
 2486       1.093546881047e-11       3.829890556896e-13      -3.937594978331e-13       3.392798111099e-15       1.231657550352e-16       2.412996355767e-17      -2.842912736917e-18 
 2487       1.090197381715e-11       3.834378975832e-13      -3.932852911770e-13       3.387991724864e-15       1.229312791522e-16       2.426329977692e-17      -2.857320194815e-18 
 2488       1.086863492746e-11       3.838882332842e-13      -3.928950365157e-13       3.383189444546e-15       1.226973113797e-16       2.439569241456e-17      -2.870333227765e-18 
 2489       1.083545753750e-11       3.843394695110e-13      -3.925885227225e-13       3.378391396987e-15       1.224638506100e-16       2.452713008161e-17      -2.881935236440e-18 
 2490       1.080244705958e-11       3.847910110678e-13      -3.923655375004e-13       3.373597709373e-15       1.222308957270e-16       2.465760135875e-17      -2.892109576350e-18 
 2491       1.076960892219e-11       3.852422608431e-13      -3.922258673798e-13       3.368808509232e-15       1.219984456062e-16       2.478709479627e-17      -2.900839557795e-18 
 2492       1.073694857007e-11       3.856926198073e-13      -3.921692977179e-13       3.364023924435e-15       1.217664991149e-16       2.491559891402e-17      -2.908108445828e-18 
 2493       1.070447146419e-11       3.861414870114e-13      -3.921956126968e-13       3.359244083199e-15       1.215350551117e-16       2.504310220141e-17      -2.913899460205e-18 
 2494       1.067218243054e-11       3.865882939592e-13      -3.923043416898e-13       3.354469106681e-15       1.213041122984e-16       2.516958929963e-17      -2.918209103017e-18 
 2495       1.064008370218e-11       3.870326079509e-13      -3.924939967339e-13       3.349699086716e-15       1.210736687722e-16       2.529502952395e-17      -2.921087227164e-18 
 2496       1.060817686574e-11       3.874740293428e-13      -3.927628305775e-13       3.344934107951e-15       1.208437224705e-16       2.541938827395e-17      -2.922597203038e-18 
 2497       1.057646351160e-11       3.879121572261e-13      -3.931090899006e-13       3.340174255236e-15       1.206142713195e-16       2.554263084508e-17      -2.922802612436e-18 
 2498       1.054494523389e-11       3.883465894259e-13      -3.935310153083e-13       3.335419613621e-15       1.203853132340e-16       2.566472242856e-17      -2.921767248774e-18 
 2499       1.051362363049e-11       3.887769224999e-13      -3.940268413248e-13       3.330670268362e-15       1.201568461176e-16       2.578562811125e-17      -2.919555117297e-18 
 2500       1.048250030306e-11       3.892027517369e-13      -3.945947963870e-13       3.325926304917e-15       1.199288678624e-16       2.590531287556e-17      -2.916230435299e-18 
<<<<<<< HEAD
>>>>>>> 2817b44a (modified the python wrapper manually to make it accept complex types)
=======
>>>>>>> 2817b44a (modified the python wrapper manually to make it accept complex types)
